Lwl,B,T,Cb,V_kn,L_B,B_T,Fn,R_F_kN,R_R_kN,R_T_kN,P_E_kW
165.169072,17.589792,7.257357,0.845590,18.514193,9.390053,2.423719,0.236616,485.831643,218.864197,727.080803,6925.092414
93.747017,18.580241,7.658141,0.588437,21.631492,5.045522,2.426208,0.366954,305.017315,321.446283,624.432571,6948.805244
172.204503,26.947492,12.655026,0.669215,20.045571,6.390372,2.129391,0.250899,771.186346,523.689252,1261.715576,13011.219578
174.998530,22.316136,10.165934,0.761069,22.646053,7.841793,2.195188,0.281176,894.856321,960.428291,1863.109614,21705.461836
188.835593,22.206783,9.721001,0.577887,17.503967,8.503510,2.284413,0.209218,458.321322,111.556459,570.595142,5138.101365
177.253421,31.673380,9.273056,0.590516,15.747304,5.596290,3.415636,0.194273,424.833181,104.078159,533.437767,4321.435866
165.034764,28.741730,6.903867,0.611653,14.004242,5.741991,4.163135,0.179050,276.016606,55.783516,342.184262,2465.231709
157.302485,18.726072,7.854186,0.766822,20.110127,8.400186,2.384215,0.263360,528.967731,414.764482,950.154294,9829.853832
143.482066,26.362109,11.374518,0.594851,10.330413,5.442739,2.317646,0.141652,162.155905,24.552543,184.705861,981.604338
174.424814,22.080410,7.512180,0.671375,14.553228,7.899528,2.939282,0.180992,299.049510,49.205304,351.320984,2630.277336
89.200682,16.968139,4.930731,0.616971,20.416529,5.256951,3.441303,0.355060,210.216669,259.453493,491.129863,5158.416048
205.217274,32.055252,10.078386,0.819529,12.675917,6.401986,3.180594,0.145337,456.749427,63.810153,544.697697,3552.000547
219.049476,27.492654,10.644673,0.573080,12.605030,7.967564,2.582762,0.139887,324.957484,44.168628,375.247321,2433.321990
143.967748,19.309718,6.616378,0.551930,22.446451,7.455715,2.918473,0.307269,426.768197,515.746574,923.614514,10665.385175
130.795450,15.880969,5.671684,0.715701,21.166345,8.235987,2.800045,0.303986,365.538365,444.061096,828.067742,9016.746255
225.432570,24.013509,6.270715,0.717418,22.763328,9.387740,3.829469,0.249018,900.976859,558.111149,1464.279589,17147.383803
155.467579,17.096485,5.306783,0.569623,22.096268,9.093541,3.221629,0.291073,382.262467,382.317250,781.389341,8882.281169
103.264462,19.759156,6.071705,0.760968,22.023913,5.226158,3.254301,0.355978,399.729453,551.512594,945.977606,10717.992212
218.310420,25.729440,11.309241,0.609966,10.616121,8.484849,2.275081,0.118014,245.970293,30.003795,272.760358,1489.653310
164.320926,25.324508,11.770573,0.649755,10.615490,6.488613,2.151510,0.136018,204.929432,27.621118,228.645199,1248.648657
174.891315,27.485985,10.962543,0.709727,22.221896,6.362927,2.507264,0.275995,937.386944,1026.799436,1982.520040,22664.012391
106.777963,14.506088,4.379630,0.747386,20.724584,7.360907,3.312172,0.329419,261.544513,355.285793,614.645157,6553.124108
174.088812,23.787949,9.727441,0.646036,13.319887,7.318362,2.445448,0.165813,288.079185,42.343679,328.618782,2251.806334
157.190523,18.747229,5.092505,0.732832,17.633112,8.384734,3.681337,0.231004,329.173924,137.599979,447.399081,4058.468238
137.482612,24.094973,8.898703,0.739994,19.195779,5.705863,2.707695,0.268897,507.717937,522.751319,1018.868468,10061.482496
218.995546,23.606191,6.173491,0.708665,16.079594,9.277039,3.823799,0.178468,443.886499,69.943995,506.733368,4191.724072
219.453795,33.085844,8.140683,0.776118,19.371504,6.632861,4.064259,0.214781,956.993453,344.450019,1320.011966,13154.650426
107.962958,23.433665,8.891751,0.629406,13.520131,4.607173,2.635439,0.213721,182.510615,61.991055,246.960887,1717.699537
156.876049,24.683168,9.770949,0.659656,18.390505,6.355588,2.526179,0.241168,501.312591,278.374041,787.692746,7452.270562
69.933849,10.804878,5.180136,0.704358,15.487986,6.472433,2.085829,0.304197,91.443662,107.945983,200.779460,1599.750802
126.500354,16.987613,8.295731,0.791245,16.510101,7.446623,2.047754,0.241106,304.132547,156.356505,462.800990,3930.810646
180.052662,23.482024,10.620284,0.675032,11.766324,7.667681,2.211054,0.144027,253.256739,32.141400,291.537818,1764.711898
201.109886,24.475813,9.060255,0.730757,12.041163,8.216679,2.701449,0.139462,295.356929,36.157190,337.431577,2090.221349
166.273629,25.506147,11.828182,0.813098,21.602911,6.518963,2.156388,0.275172,963.844315,1080.656043,2030.472013,22565.626407
218.845878,28.933860,6.901499,0.776451,21.526871,7.563660,4.192402,0.239010,1006.112740,590.358493,1654.383834,18321.257722
181.758258,32.273217,8.235361,0.550885,22.106810,5.631860,3.918859,0.269329,745.151213,775.448801,1505.881946,17125.967268
184.857694,22.641104,5.511680,0.662069,19.305114,8.164694,4.107841,0.233215,471.966208,213.459884,674.650960,6700.228617
157.793950,19.636855,6.681694,0.738009,15.531015,8.035602,2.938904,0.203076,300.568121,67.813228,362.656170,2897.563859
96.386374,20.240021,6.491425,0.664682,19.302973,4.762168,3.117963,0.322939,269.530321,426.024627,696.551072,6916.960287
218.674591,23.234157,8.657098,0.628371,23.598640,9.411772,2.683827,0.262115,936.987981,665.010624,1620.840552,19677.293732
101.364564,17.619653,7.247599,0.580637,14.152391,5.752926,2.431102,0.230882,138.074374,57.852185,193.172432,1406.413614
140.946606,29.082403,12.620149,0.591927,22.833772,4.846457,2.304442,0.315903,780.440240,1200.293627,1904.733111,22374.322649
100.286634,20.428617,9.046134,0.797953,10.080038,4.909125,2.258270,0.165327,114.564640,17.511414,132.064039,684.833266
128.151025,22.303998,11.072465,0.569856,23.166341,5.745653,2.014366,0.336124,592.586810,780.932816,1396.332843,16641.195102
219.695822,32.922874,12.234839,0.849934,11.052112,6.673045,2.690912,0.122472,427.919872,53.575950,481.161159,2735.734377
203.087476,25.024869,12.362960,0.566686,18.223576,8.115426,2.024181,0.210037,627.937936,159.450428,790.614701,7412.020327
177.207197,28.089776,7.623494,0.632134,17.803228,6.308601,3.684633,0.219665,486.123674,181.467189,666.823140,6107.275794
211.549097,29.146493,11.019699,0.628497,13.588375,7.258132,2.644945,0.153450,408.819955,59.395631,458.768122,3206.999400
214.952771,30.165570,12.341991,0.698619,12.174093,7.125765,2.444141,0.136386,396.914499,52.937292,456.243333,2857.401452
153.684502,21.629563,5.495748,0.649559,10.050135,7.105299,3.935691,0.133156,112.729682,15.353678,128.228346,662.970258
182.259123,24.130423,10.368298,0.799203,18.194313,7.553084,2.327327,0.221358,677.655696,238.637115,931.593317,8719.671584
197.677756,28.361405,9.624213,0.804157,15.791715,6.969956,2.946880,0.184482,595.866433,109.493444,697.194751,5663.977408
132.158120,28.401954,9.726278,0.776767,23.394175,4.653135,2.920126,0.334245,853.741640,1526.384417,2367.991992,28498.767448
196.661544,23.113897,9.939883,0.578443,23.858775,8.508368,2.325369,0.279442,877.002484,803.241676,1653.441158,20294.342748
100.317665,12.653200,5.808877,0.767607,10.037658,7.928245,2.178252,0.164607,68.642819,8.130748,78.382739,404.753783
177.704441,21.576554,8.258656,0.690386,12.164237,8.235997,2.612599,0.149878,229.556590,28.868020,258.824036,1619.673886
125.391819,19.747520,6.105312,0.798473,21.277270,6.349750,3.234481,0.312094,466.575330,727.089407,1207.271025,13214.745306
176.619537,25.554341,6.130044,0.643097,19.943781,6.911528,4.168705,0.246486,527.742226,340.433004,867.843586,8904.039358
163.077153,21.313896,9.188126,0.744471,17.403570,7.651213,2.319722,0.223844,467.242346,166.057170,638.649902,5717.936136
167.556479,21.966996,8.317172,0.635281,20.704117,7.627646,2.641162,0.262712,558.650652,428.484727,1015.373126,10814.849450
141.279258,28.037589,7.580557,0.839108,17.492546,5.038923,3.698619,0.241723,514.524422,372.734830,866.596356,7798.444427
86.436645,13.344588,5.019063,0.661631,21.314977,6.477281,2.658781,0.376565,207.364006,173.642657,377.515536,4139.594523
190.703569,27.326561,8.788488,0.841653,23.217969,6.978689,3.109359,0.276152,1180.823008,1412.071687,2501.229167,29875.543313
141.097013,18.660730,7.418837,0.842187,17.939151,7.561173,2.515317,0.248054,415.414111,264.325060,684.459921,6316.667539
155.483312,33.761922,10.935079,0.748782,22.284010,4.605286,3.087488,0.293532,1006.630942,1657.869554,2594.058087,29737.957811
140.688874,26.686085,7.309260,0.739163,20.386280,5.271994,3.650997,0.282301,568.931484,772.862033,1362.378172,14288.076429
203.883588,27.690762,8.277305,0.708743,23.997255,7.362874,3.345384,0.276041,1096.821265,1185.011583,2295.950515,28344.069278
105.163646,12.383636,3.751216,0.704280,10.763558,8.492146,3.301233,0.172396,60.872577,8.058401,68.614752,379.936901
185.426527,24.317107,9.362743,0.618163,18.260356,7.625353,2.597220,0.220256,526.618282,172.309788,712.706594,6695.116348
214.027227,27.975267,6.788177,0.790579,11.873676,7.650587,4.121176,0.133307,319.939071,41.754176,362.161816,2212.207974
146.309050,29.691472,7.613847,0.680453,13.589898,4.927646,3.899667,0.184537,275.416625,61.328552,344.924430,2411.449945
224.807687,33.037870,12.747388,0.557045,11.934277,6.804545,2.591736,0.130736,353.253813,51.853159,399.650366,2453.660380
205.949043,22.437623,5.941588,0.657013,16.662543,9.178737,3.776368,0.190706,399.144751,73.816576,457.151389,3918.676619
116.168916,22.470001,5.820451,0.730321,22.492722,5.169956,3.860526,0.342768,471.578009,749.383053,1224.990415,14174.665228
173.731634,22.013175,6.361822,0.654292,16.042254,7.892166,3.460199,0.199908,324.790866,72.245522,392.431830,3238.677559
229.133861,28.540823,11.963409,0.838946,16.929051,8.028285,2.385677,0.183693,888.706961,148.882290,1026.978254,8944.003430
143.277908,28.676886,11.718837,0.665357,11.146303,4.996285,2.447076,0.152948,215.979062,34.682316,251.903849,1444.454114
105.969944,22.976606,6.884242,0.779795,12.475138,4.612080,3.337565,0.199048,166.835688,44.373899,208.216726,1336.284995
156.021868,29.268255,8.354882,0.608885,19.542169,5.330754,3.503132,0.256971,534.765201,453.236894,970.963971,9761.442352
183.448954,23.733061,9.666554,0.818424,10.599098,7.729680,2.455173,0.128533,243.000869,27.724260,270.906685,1477.157326
143.958794,21.805217,9.318920,0.653834,21.606048,6.602035,2.339887,0.295774,573.104830,705.790594,1300.858772,14459.177565
180.386587,19.920000,6.578420,0.651050,12.534177,9.055551,3.028083,0.153284,201.249937,25.373288,224.945768,1450.480010
152.058209,17.206618,7.965163,0.719995,10.129763,8.837193,2.160234,0.134927,129.093246,13.976228,146.398693,762.912275
146.795882,25.043594,6.953814,0.772369,20.699656,5.861614,3.601418,0.280614,599.027009,775.699282,1330.664418,14169.997344
172.112229,32.899835,12.245822,0.560669,13.642109,5.231401,2.686617,0.170797,354.184592,67.169569,429.703877,3015.705267
146.319263,19.124720,4.913204,0.668317,13.375536,7.650792,3.892515,0.181620,168.098579,28.615059,197.306979,1357.662232
154.094397,27.224942,9.065868,0.649649,11.699833,5.660045,3.003015,0.154807,212.402992,33.658185,242.886564,1461.912052
199.757967,23.061368,8.615548,0.718891,16.407614,8.662017,2.676715,0.190676,488.746648,87.786457,570.470986,4815.230746
186.979200,26.534037,11.837685,0.806041,19.841433,7.046768,2.241489,0.238331,921.315429,501.061148,1475.527217,15061.157986
94.794125,17.755037,8.115043,0.581235,12.614268,5.338999,2.187916,0.212802,112.277580,32.890757,138.095581,896.148386
181.208145,31.023231,10.921764,0.571723,15.376344,5.841047,2.840496,0.187615,430.726948,92.421259,510.845287,4040.923105
205.069658,28.290829,11.830594,0.701187,18.250406,7.248627,2.391328,0.209327,774.608936,213.226993,998.703044,9376.635025
191.077213,33.067686,11.056856,0.786715,17.175388,5.778367,2.990695,0.204082,769.039896,220.650227,978.936786,8649.665621
208.274584,28.236208,12.052202,0.573825,10.116179,7.376153,2.342826,0.115134,223.063196,29.553079,253.037774,1316.861090
97.176167,18.522545,5.057220,0.600816,10.194191,5.246372,3.662594,0.169854,64.168512,11.121921,74.678301,391.638445
190.542469,26.241776,9.658274,0.607245,17.767344,7.261036,2.717025,0.211412,533.358240,150.822634,684.946965,6260.623325
128.743110,16.327241,4.204952,0.699145,10.856564,7.885172,3.882860,0.157157,90.758690,11.975460,103.531987,578.235924
84.433176,10.207433,4.807639,0.739821,17.828219,8.271735,2.123170,0.318680,136.625100,158.256190,295.277994,2708.177661
158.654741,28.286361,11.067068,0.766020,12.629029,5.608878,2.555904,0.164682,326.935095,51.877854,371.719881,2415.037378
128.159642,14.130617,6.335142,0.799692,13.669347,9.069642,2.230513,0.198324,173.673351,31.307141,205.014135,1441.682657
142.529634,22.529931,6.645916,0.740856,20.028240,6.326235,3.390041,0.275546,483.043360,540.175708,1008.774992,10393.820294
221.821150,29.657945,11.189534,0.608077,11.824657,7.479316,2.650508,0.130404,324.859989,44.237662,372.445017,2265.629191
132.057352,20.638687,6.828037,0.757066,21.699699,6.398535,3.022638,0.310153,514.666197,769.377207,1295.359142,14460.456559
220.767256,28.074600,10.650452,0.755008,21.962565,7.863594,2.636001,0.242784,1187.188176,685.293377,1876.537759,21202.079799
144.964146,21.227928,5.873164,0.728023,13.908496,6.828935,3.614394,0.189738,223.166056,44.052939,262.036001,1874.904861
223.615258,26.371064,10.456322,0.559829,21.750299,8.479569,2.522021,0.238901,880.237730,410.436595,1315.616378,14720.840681
169.981227,23.613506,10.155569,0.738924,14.202344,7.198475,2.325178,0.178922,363.884270,58.555727,420.430210,3071.793815
127.648429,24.332898,9.063746,0.573930,10.573362,5.245920,2.684640,0.153712,127.372330,20.552308,150.703732,819.738291
227.761569,25.157945,11.749632,0.625940,23.378404,9.053266,2.141169,0.254436,1158.855563,717.259023,1790.518119,21534.345629
228.343339,32.269097,8.309478,0.654112,10.604400,7.076223,3.883408,0.115264,266.048230,37.714104,301.450293,1644.522878
170.237756,18.459217,8.942628,0.711365,11.149550,9.222371,2.064183,0.140357,185.283842,20.319980,211.160422,1211.177946
166.833478,31.083857,9.746114,0.795545,22.739202,5.367207,3.189359,0.289159,1073.493785,1645.097772,2815.083377,32930.975491
225.027607,29.546688,10.774946,0.664310,12.076180,7.616001,2.742166,0.132226,360.739030,47.819873,410.145785,2548.038167
203.224109,23.777967,10.926950,0.558156,14.879439,8.546740,2.176085,0.171436,386.967437,57.185977,444.482479,3402.352487
130.081952,22.368918,6.635147,0.704882,12.491618,5.815299,3.371277,0.179893,174.500790,31.973737,198.005948,1272.433353
137.502390,27.321378,7.735488,0.578812,18.094825,5.032777,3.531953,0.253456,369.735259,292.333239,662.689246,6168.824518
205.239597,25.408157,10.219320,0.818927,13.480398,8.077705,2.486287,0.154552,448.189772,55.909675,514.077816,3565.083294
216.590918,25.674181,6.984895,0.631459,20.955126,8.436137,3.675672,0.233870,716.919532,322.178018,1031.604813,11120.946402
179.913402,22.499181,9.147976,0.795387,21.497432,7.996442,2.459471,0.263244,828.762595,697.845937,1524.294971,16857.521060
229.535736,30.113378,10.243768,0.686053,16.760405,7.622384,2.939678,0.181703,690.302950,122.381269,821.255870,7081.105922
84.465462,14.841583,5.989573,0.725758,11.831550,5.691136,2.477903,0.211449,84.445554,23.624250,108.698781,661.613579
93.441138,17.856791,6.427841,0.816712,23.011070,5.232807,2.778039,0.390995,412.151539,340.797511,745.181334,8821.387383
129.856804,19.760133,9.559279,0.806536,16.025237,6.571656,2.067116,0.230981,347.496400,153.770243,512.588176,4225.821427
123.243276,15.403511,7.548797,0.581094,20.031480,8.000986,2.040525,0.296371,301.531087,308.753193,618.234740,6370.955144
226.217314,25.151803,6.721470,0.735769,22.414988,8.994079,3.742009,0.244782,952.158071,556.844697,1544.282517,17807.517336
148.441876,25.708957,8.695231,0.789007,14.663491,5.773936,2.956673,0.197680,358.841286,86.508526,448.786386,3385.440370
168.465907,27.364959,8.245962,0.585210,17.947823,6.156264,3.318589,0.227122,450.459554,192.367308,669.362581,6180.325093
196.475718,23.065339,8.614681,0.600969,13.826352,8.518224,2.677445,0.162016,299.813347,41.681849,350.210988,2491.010085
209.552015,28.622598,7.701078,0.577546,11.423993,7.321209,3.716700,0.129621,229.371098,33.179282,264.878530,1556.692370
226.358493,31.952796,10.465748,0.692979,23.407737,7.084153,3.053083,0.255543,1347.619431,1052.045050,2346.046183,28251.017076
95.001667,20.863817,5.045074,0.769908,15.423282,4.553417,4.135483,0.259905,187.395965,188.626048,370.593208,2940.440337
175.523923,29.836541,9.834551,0.666882,18.803934,5.882851,3.033849,0.233122,647.037336,329.827342,960.026737,9286.886951
124.884177,26.974822,10.242522,0.675415,22.981844,4.629657,2.633611,0.337781,684.787644,1095.790498,1766.776473,20888.371406
191.202456,26.056928,8.170014,0.837168,20.181665,7.337874,3.189337,0.239725,853.177403,498.963388,1391.323362,14445.186935
208.094474,33.696920,11.653450,0.735105,21.339051,6.175475,2.891583,0.242968,1202.604119,785.344952,2000.253329,21958.274730
152.556732,24.839746,6.147323,0.571156,12.953913,6.141638,4.040742,0.172262,183.149391,33.294953,210.352035,1401.799228
198.545996,24.671667,9.754667,0.760339,14.521687,8.047531,2.529217,0.169274,447.899495,63.432766,526.771071,3935.293166
171.893016,28.717463,9.109084,0.590261,19.600661,5.985662,3.152618,0.245553,585.508588,372.278028,937.164439,9449.843808
201.928945,31.069536,11.291906,0.777578,17.992081,6.499258,2.751487,0.207963,845.461422,246.576846,1006.115626,9312.523870
145.840671,18.826330,8.326102,0.587179,10.039784,7.746633,2.261122,0.136549,111.264761,13.816911,124.943070,645.319283
133.355754,27.996994,8.813060,0.621006,17.375771,4.763217,3.176762,0.247139,380.154364,272.820872,635.840728,5683.692130
102.399632,21.377067,6.548883,0.707952,10.476322,4.790163,3.264231,0.170045,99.408092,17.363769,113.642288,612.472940
169.942498,31.438207,7.746909,0.811087,11.609518,5.405604,4.058162,0.146274,292.952823,45.282881,342.932531,2048.146365
142.635534,26.318147,11.415879,0.627774,22.732173,5.419665,2.305398,0.312630,738.442344,1086.748176,1783.545306,20857.545682
175.935452,23.129420,8.667589,0.840119,13.098351,7.606566,2.668495,0.162197,336.740998,44.238499,377.315138,2542.488326
151.375700,18.524481,5.063358,0.827876,19.428018,8.171657,3.658537,0.259361,431.607165,349.397996,781.370351,7809.505246
139.184246,21.623316,7.499820,0.737109,10.766739,6.436767,2.883178,0.149897,150.731496,20.454955,167.283568,926.564364
159.156076,30.445906,12.490265,0.570513,12.496613,5.227503,2.437571,0.162699,276.704389,48.305327,327.935630,2108.235034
188.140548,24.363217,6.990492,0.632232,13.816802,7.722319,3.485193,0.165451,281.653950,42.838195,319.441822,2270.583231
131.180264,25.426314,12.077933,0.681650,20.057406,5.159233,2.105187,0.287637,587.523516,759.365948,1371.894036,14155.767974
115.271223,23.916727,9.629196,0.710979,11.342011,4.819691,2.483772,0.173513,161.972167,28.764996,187.385193,1093.360646
192.016399,22.639137,10.652802,0.800599,16.373507,8.481613,2.125181,0.194078,570.500062,105.714517,659.649238,5556.392018
104.281233,19.312389,9.221445,0.755330,11.710338,5.399707,2.094291,0.188352,145.897590,28.000184,166.624132,1003.795979
113.450935,14.346713,4.491143,0.777995,12.361286,7.907800,3.194446,0.190618,109.379367,18.886344,127.590282,811.370780
157.252777,26.991017,7.221364,0.823672,18.992050,5.826115,3.737662,0.248758,618.005727,489.054570,1112.018687,10864.807701
148.342778,27.362621,9.153496,0.655222,16.508514,5.421366,2.989308,0.222627,397.840701,162.244755,552.885363,4695.492842
146.209568,23.871150,8.970520,0.585068,17.382224,6.124949,2.661066,0.236114,363.168262,178.059436,542.182284,4848.292008
86.600396,10.529627,5.259399,0.668654,20.202535,8.224451,2.002059,0.356574,172.465499,159.064968,323.054324,3357.527090
98.575684,18.859589,5.471518,0.580892,12.425261,5.226820,3.446866,0.205553,95.581244,26.272822,120.367316,769.400032
193.008110,32.728442,9.211748,0.636983,21.125376,5.897259,3.552902,0.249758,861.585816,637.357634,1507.294082,16381.004876
144.323640,19.392769,5.647255,0.821898,18.205505,7.442137,3.434017,0.248907,389.554593,263.235889,668.050133,6256.765551
227.957812,29.907122,12.851519,0.636577,12.548725,7.622192,2.327127,0.136514,415.598182,55.460435,463.532208,2992.385977
181.060446,21.072379,6.854831,0.753167,15.460375,8.592311,3.074092,0.188717,360.945981,62.951868,411.884190,3275.919713
145.101791,23.231242,6.954704,0.776399,14.151235,6.245977,3.340364,0.192957,278.354679,59.833165,336.471951,2449.521883
205.875167,31.830647,10.076467,0.835330,22.858655,6.467828,3.158910,0.261669,1409.906551,1403.252609,2706.141320,31822.863589
209.216742,22.856011,7.215575,0.564091,13.048055,9.153686,3.167594,0.148167,246.683520,32.578890,273.339330,1834.788480
203.442848,26.458930,7.489101,0.843814,10.071954,7.689005,3.532991,0.115983,241.066536,28.397784,266.863181,1382.739924
142.734001,27.655378,8.019482,0.695487,13.140072,5.161166,3.448524,0.180650,252.150095,50.833421,296.384636,2003.510095
112.991133,24.739362,8.684550,0.633164,11.455020,4.567261,2.848664,0.177002,142.345809,27.854914,169.120331,996.620450
226.638948,31.842516,10.790170,0.746219,11.417943,7.117495,2.951067,0.124573,379.848131,49.783284,437.730972,2571.184626
164.912712,28.376619,6.909577,0.691750,19.723877,5.811570,4.106853,0.252272,584.803847,470.543601,1059.333368,10748.876029
226.117143,27.543751,8.665821,0.636743,18.319104,8.209381,3.178435,0.200097,665.095420,150.539511,801.211167,7550.736798
110.456450,19.228927,5.367267,0.765023,16.876070,5.744286,3.582629,0.263742,242.475139,231.508495,464.964255,4036.723326
149.081058,21.063854,7.488262,0.839572,15.688963,7.077577,2.812916,0.211051,364.174299,104.315328,472.498316,3813.577833
151.936590,30.904973,10.032462,0.727163,10.640170,4.916250,3.080497,0.141782,219.186370,34.385944,263.637477,1443.091390
208.946024,26.063970,11.309873,0.745073,16.748245,8.016661,2.304533,0.190307,663.176262,122.122624,775.746606,6683.859049
206.820756,30.824243,7.461483,0.746483,16.158480,6.709678,4.131115,0.184547,573.798818,115.441215,682.781992,5675.716253
113.203539,16.051097,5.735709,0.780833,11.155562,7.052698,2.798451,0.172213,106.959017,15.117459,118.399248,679.482844
176.118885,22.614095,9.173713,0.807705,11.606652,7.788014,2.465097,0.143651,260.855378,30.874736,281.128526,1678.610654
153.500921,32.882018,8.534784,0.575275,18.486455,4.668233,3.852706,0.245077,489.918627,353.648419,850.835747,8091.657078
118.941606,16.647870,4.052472,0.628014,14.454257,7.144554,4.108077,0.217687,130.637738,41.340935,174.886821,1300.441953
160.833132,30.339238,10.410916,0.581576,15.415448,5.301159,2.914176,0.199651,382.026411,100.892290,494.264295,3919.706027
137.748251,25.576679,7.934998,0.736281,14.374089,5.385697,3.223275,0.201160,290.302719,77.191997,368.641977,2725.983548
132.654612,24.016628,7.119540,0.698917,10.335327,5.523449,3.373340,0.147390,132.647610,19.942074,152.092428,808.667349
211.359401,27.709243,7.440018,0.607925,18.773686,7.627758,3.724352,0.212101,593.194259,176.357954,760.870953,7348.499312
219.802939,29.490524,12.765868,0.702059,23.007154,7.453341,2.310107,0.254888,1350.788806,980.725930,2381.086538,28182.284497
86.008642,15.715368,6.671612,0.809923,11.588748,5.472900,2.355558,0.205243,99.464175,25.245148,126.920950,756.672487
159.542508,32.514119,10.378533,0.638603,16.620214,4.906869,3.132824,0.216124,489.526468,186.105163,666.158970,5695.771932
125.029400,18.754934,6.662134,0.704778,11.816473,6.666480,2.815154,0.173574,137.197095,21.160328,160.058514,972.981847
160.027084,24.783957,11.707383,0.660264,19.878784,6.456882,2.116951,0.258105,649.548172,493.649635,1129.790155,11553.823212
101.989285,19.603401,8.373008,0.597840,11.843272,5.202632,2.341262,0.192619,115.533909,24.668081,145.864989,888.711637
140.793528,27.731099,7.703600,0.800376,18.326118,5.077099,3.599759,0.253678,530.006948,479.617391,987.546114,9310.348975
158.565169,27.025546,12.369899,0.595362,21.696453,5.867233,2.184783,0.283001,753.387634,847.924717,1583.169206,17670.717484
104.364890,18.523746,5.187585,0.772226,16.683549,5.634114,3.570784,0.268235,220.055449,227.595432,449.788514,3860.423043
133.263020,21.819866,5.622668,0.616940,19.498978,6.107417,3.880696,0.277435,334.483907,362.527528,696.613630,6987.823307
180.251887,23.910240,9.403751,0.765179,12.834322,7.538690,2.542628,0.157013,317.714268,41.862316,353.140011,2331.621030
159.412341,28.239026,8.810026,0.712434,15.901050,5.645108,3.205328,0.206856,426.902443,126.758718,562.957270,4605.102820
154.984912,21.375465,9.391115,0.716218,11.470549,7.250598,2.276137,0.151336,199.964868,25.694805,225.762302,1332.213162
121.534915,17.887741,8.342425,0.618766,13.795069,6.794313,2.144190,0.205531,175.229661,41.181431,215.418019,1528.776545
145.730992,25.103812,6.979535,0.564451,12.693279,5.805134,3.596774,0.172704,178.239094,32.679350,210.526479,1374.733965
214.334210,26.301747,12.908376,0.723446,17.076560,8.149048,2.037572,0.191584,735.601223,136.207929,854.063179,7502.888656
157.933122,20.459340,7.795620,0.599316,14.980837,7.719365,2.624466,0.195796,257.629548,51.385590,301.497833,2323.583940
144.789666,26.450848,9.167141,0.575243,18.936408,5.473914,2.885398,0.258483,445.031024,361.965670,816.897735,7957.990225
142.247856,17.448797,5.962358,0.764845,16.606166,8.152301,2.926493,0.228692,286.931048,111.288459,397.113541,3392.518200
151.424804,30.237863,11.222353,0.804637,22.606016,5.007788,2.694432,0.301737,1028.769437,1759.621947,2768.056539,32191.194491
172.348176,33.907407,12.556380,0.748976,11.193005,5.082906,2.700413,0.140038,321.239736,49.054222,367.918248,2118.537384
229.930498,31.597247,9.438928,0.653273,20.925773,7.276916,3.347546,0.226666,996.376816,416.608740,1393.796815,15004.415604
123.006359,17.024401,6.814785,0.659126,16.891992,7.225297,2.498157,0.250162,238.953443,142.219596,372.275535,3235.068494
209.444875,29.353146,8.522481,0.777972,12.222264,7.135347,3.444202,0.138714,364.315643,48.763430,409.331921,2573.744256
227.989636,24.004616,6.823397,0.589986,17.024045,9.497741,3.517986,0.185186,454.961225,78.111435,544.435651,4768.122600
171.779161,26.686931,10.482285,0.642044,12.568258,6.436827,2.545908,0.157505,279.791430,42.081223,324.298956,2096.808385
126.605668,25.817982,10.948257,0.591184,19.850651,4.903779,2.358182,0.289769,478.333443,615.294081,1080.347927,11032.564956
220.343182,29.433543,11.332272,0.624685,13.396605,7.486125,2.597320,0.148234,418.138336,58.962169,476.043361,3280.797183
155.387228,30.846368,12.530310,0.664982,20.427201,5.037456,2.461740,0.269156,774.191174,822.197620,1609.076483,16909.223186
162.031834,32.418740,10.112085,0.605713,14.375535,4.998092,3.205940,0.185493,356.523773,79.986427,429.268502,3174.615660
213.961711,30.241606,9.499550,0.574593,18.132724,7.075078,3.183478,0.203610,627.509977,162.061827,779.886019,7274.988207
153.587042,19.364244,5.932481,0.561415,22.196252,7.931476,3.264106,0.294175,425.326332,469.393422,902.911981,10310.107040
165.113413,31.732497,8.746624,0.684221,22.450511,5.203291,3.627971,0.286971,866.872092,1236.470461,2100.225687,24256.620661
148.638587,19.249711,9.585634,0.840584,15.858833,7.721601,2.008183,0.213653,394.145564,110.206838,499.762370,4077.301984
110.519013,21.625364,6.995430,0.772791,19.523520,5.110620,3.091356,0.305030,384.115849,621.334458,1020.126236,10245.900854
168.748385,27.000675,7.827643,0.771411,19.814966,6.249784,3.449400,0.250540,681.661739,522.725316,1253.379621,12776.563593
228.274487,25.384781,8.492378,0.713752,18.920247,8.992573,2.989125,0.205685,747.533583,178.660169,929.468895,9046.899776
114.462375,23.865398,9.800192,0.691520,13.745210,4.796165,2.435197,0.211020,226.778729,72.400112,301.737093,2133.625526
90.583927,18.189198,8.121186,0.823841,21.842275,4.980095,2.239722,0.376943,411.315945,431.077599,859.290426,9655.526252
226.087613,32.654014,10.305777,0.710161,13.727188,6.923731,3.168515,0.149950,508.295912,74.519864,577.981574,4081.630504
212.153652,22.624240,6.815568,0.773418,19.887015,9.377272,3.319495,0.224258,711.727978,253.976259,954.217587,9762.366650
151.882648,21.719249,6.542617,0.616554,15.196602,6.992997,3.319658,0.202533,248.975216,59.937401,304.035671,2376.890231
197.345574,28.688345,9.050928,0.589968,10.996217,6.878946,3.169658,0.128568,221.966706,31.810645,255.736703,1446.686698
106.192689,22.821032,9.502638,0.667032,20.854388,4.653282,2.401547,0.332394,433.369891,674.712008,1109.752760,11905.888058
193.931297,21.920866,10.581308,0.628530,12.754548,8.846881,2.071659,0.150434,286.851773,35.486508,322.713399,2117.484195
206.470289,25.432727,11.786027,0.582822,22.915889,8.118291,2.157871,0.261946,979.021485,709.055427,1724.773536,20333.254701
183.700758,32.254436,11.477141,0.577435,22.954141,5.695364,2.810320,0.278169,975.019691,1099.263493,2078.649709,24545.984637
118.352717,25.498099,7.952734,0.718833,16.640466,4.641629,3.206205,0.251235,327.232812,267.594047,583.615605,4996.092624
172.049595,33.386365,10.764801,0.741865,16.867341,5.153289,3.101438,0.211214,636.585709,220.636721,853.479779,7405.902285
119.622762,16.258363,4.224439,0.688404,23.517874,7.357614,3.848644,0.353179,357.065102,422.277048,764.678447,9251.561049
154.209046,25.025380,10.571465,0.640101,20.948341,6.162106,2.367258,0.277076,644.811956,675.354063,1333.693824,14372.882726
192.360556,33.188187,12.300222,0.679852,15.827540,5.796055,2.698178,0.187439,605.572914,128.466765,740.222685,6027.176473
125.678294,17.080047,4.141398,0.778297,23.463408,7.358194,4.124223,0.343767,432.373354,600.963079,1038.199795,12531.704365
158.472291,26.127590,7.049775,0.711306,14.858905,6.065324,3.706160,0.193871,325.925695,74.819600,392.744963,3002.171735
119.005579,20.509221,8.380257,0.618926,22.385976,5.802540,2.447326,0.337051,456.803124,614.902266,1032.304198,11888.357089
142.592722,17.252438,4.486604,0.826782,18.412835,8.265077,3.845322,0.253265,338.513792,241.004621,582.167940,5514.511472
194.823693,33.193506,8.011833,0.848278,10.451655,5.869332,4.143060,0.122989,299.137648,41.875593,329.019983,1769.071723
178.716744,28.627216,9.921824,0.612421,15.698502,6.242896,2.885278,0.192876,427.219816,94.411062,510.273539,4120.969269
122.111869,25.890769,10.227762,0.744261,19.094987,4.716425,2.531421,0.283821,506.080513,692.224550,1237.768315,12158.971627
166.488419,22.747883,8.141709,0.594579,22.872637,7.318853,2.793994,0.291157,640.221135,723.168907,1378.035799,16214.921212
227.159569,24.194043,6.694891,0.667540,17.957453,9.389070,3.613807,0.195696,557.577839,111.200189,680.177230,6283.547946
201.077976,24.467228,9.366236,0.587950,14.133538,8.218257,2.612280,0.163709,336.900587,48.536594,377.524219,2744.946016
215.917946,24.524049,9.445768,0.765729,20.655721,8.804335,2.596300,0.230887,923.730052,384.457222,1316.829018,13992.904006
198.512850,26.656117,12.815361,0.603719,18.040644,7.447178,2.080013,0.210311,662.546134,177.035400,817.892290,7590.777292
138.347420,15.241441,4.926485,0.822169,13.705647,9.077056,3.093776,0.191389,179.767819,30.086752,214.410553,1511.763311
102.448836,21.290530,5.410546,0.583222,19.608142,4.811944,3.935006,0.318190,249.169626,388.511753,652.235188,6579.286219
105.558148,13.236099,6.088372,0.645183,13.468780,7.975020,2.173997,0.215321,112.144544,28.705113,144.081261,998.329397
166.313075,21.792421,8.814460,0.609263,13.381329,7.631693,2.472349,0.170427,242.638853,36.279377,283.583973,1952.176301
229.831845,25.695004,10.499278,0.690047,13.113932,8.944612,2.447311,0.142080,406.473587,49.544494,470.348535,3173.151707
164.228047,26.659062,12.795790,0.577637,20.084693,6.160309,2.083424,0.257422,666.096816,493.246301,1117.024080,11541.595271
167.942319,29.822526,10.447070,0.846242,16.096407,5.631391,2.854631,0.204010,603.995091,171.587201,792.934340,6566.051528
218.005852,23.957524,10.741445,0.621753,19.934307,9.099682,2.230382,0.221754,765.490048,238.261135,997.677568,10231.268005
162.457116,32.342614,10.826222,0.553721,10.490232,5.023005,2.987433,0.135182,190.169879,31.770838,219.328147,1183.634374
162.943690,32.113353,10.942873,0.562446,16.833705,5.074017,2.934636,0.216603,469.028540,174.218701,655.431328,5676.034276
168.818128,25.088846,7.145410,0.702911,21.571451,6.728812,3.511184,0.272693,671.151853,703.006593,1363.518236,15131.375778
172.330100,33.937048,11.789016,0.680429,12.915393,5.077934,2.878701,0.161596,373.755939,65.269385,440.290939,2925.401613
120.293392,18.247251,9.088692,0.761340,19.025634,6.592412,2.007687,0.284919,397.998773,454.404372,838.358994,8205.541811
192.446341,30.673273,10.538346,0.649237,10.776799,6.274073,2.910635,0.127596,252.178342,36.234254,285.293454,1581.683896
164.652683,24.401410,7.980297,0.596636,22.417280,6.747671,3.057707,0.286947,629.605573,719.679088,1314.531651,15159.751272
227.056602,25.123280,12.131819,0.608342,17.662507,9.037698,2.070858,0.192526,679.304307,123.343302,822.388063,7472.522726
139.484824,30.194728,12.523473,0.771905,21.116254,4.619509,2.411051,0.293668,848.548929,1352.799131,2198.823666,23886.108130
127.587156,24.024300,11.418706,0.617286,23.556000,5.310754,2.103942,0.342532,677.980306,926.303432,1589.304534,19259.578121
141.274697,22.155772,7.079368,0.696940,10.368633,6.376429,3.129626,0.143282,133.486834,18.370737,150.563479,803.117818
149.358753,17.638062,4.919098,0.631365,17.647496,8.467980,3.585629,0.237176,259.852293,116.462685,395.548765,3591.048179
70.949938,13.573915,6.159849,0.829609,14.821306,5.226933,2.203611,0.289011,121.712854,157.788078,275.890958,2103.594539
106.729892,17.396470,6.762210,0.798850,12.060268,6.135146,2.572601,0.191742,135.485677,26.224954,168.119517,1043.069420
173.675125,24.980037,6.466241,0.638046,22.938915,6.952557,3.863147,0.285896,675.663024,805.463260,1452.122901,17136.193048
83.705953,16.313165,6.196574,0.683461,18.656711,5.131190,2.632610,0.334935,199.129736,285.010113,478.313099,4590.769300
124.066751,16.519574,7.506731,0.819385,19.260012,7.510288,2.200635,0.284009,387.765759,431.871170,805.533907,7981.389080
161.389963,25.106251,8.609402,0.837637,19.500923,6.428278,2.916143,0.252128,689.036250,542.254613,1270.521436,12746.039888
96.738496,21.253248,6.894393,0.810240,22.814458,4.551704,3.082686,0.380990,474.235138,509.598393,989.826193,11617.353502
142.614461,19.805164,7.635552,0.663374,16.681430,7.200872,2.593809,0.229433,305.093757,121.329199,422.667425,3627.188845
215.787584,26.748992,12.681514,0.724449,12.886034,8.067130,2.109290,0.144082,436.124022,54.110083,499.370682,3310.399647
160.025873,32.630815,9.753807,0.668471,23.884384,4.904133,3.345444,0.310115,985.759887,1668.221572,2803.653830,34448.993951
198.639324,33.408205,12.749074,0.797361,15.576809,5.945825,2.620442,0.181530,716.884110,135.955941,845.599975,6776.127292
191.065825,30.786648,9.905039,0.550095,11.018709,6.206126,3.108180,0.130931,222.478046,34.167308,255.412893,1447.810197
174.043524,28.114102,10.242991,0.803842,12.686278,6.190613,2.744716,0.157946,361.099607,52.390732,413.102726,2696.065204
168.664303,22.945161,5.485090,0.753582,14.337678,7.350757,4.183188,0.181330,286.612552,50.727749,344.259000,2539.231197
98.640030,18.014822,6.305404,0.654208,22.435858,5.475493,2.857045,0.371039,332.029136,338.516074,692.974507,7998.306642
171.649442,29.291146,9.248128,0.621695,16.718861,5.860113,3.167251,0.209599,461.053420,141.459743,599.767351,5158.549562
164.453169,27.915681,10.732476,0.845322,20.326785,5.891068,2.601048,0.260346,892.227734,859.041021,1692.934196,17703.000239
166.237357,26.353936,10.167300,0.652554,11.751765,6.307876,2.592029,0.149707,237.877918,34.638016,268.977483,1626.137057
209.457577,30.142268,11.023339,0.641511,21.303555,6.948965,2.734404,0.241773,976.992845,552.098150,1523.435711,16696.072409
228.896048,27.165172,9.882158,0.697133,10.538802,8.426085,2.748911,0.114413,271.485473,32.577255,303.063384,1643.095621
158.301888,29.539981,8.938022,0.618277,13.011568,5.358903,3.304980,0.169860,264.710858,48.783005,314.139162,2102.760606
158.499163,28.877580,7.492530,0.568102,20.718944,5.488658,3.854183,0.270307,540.699936,564.650292,1161.034462,12375.160299
170.157835,31.375496,10.299143,0.638269,22.437868,5.423272,3.046418,0.282527,887.539199,1117.969097,2007.467237,23172.247999
196.177258,24.957530,10.744260,0.807432,22.952947,7.860444,2.322871,0.269164,1169.680166,1118.088155,2280.402220,26927.002859
141.316594,20.493360,9.254671,0.825823,23.423930,6.895726,2.214380,0.323643,783.300161,1180.611679,1947.477180,23467.684624
227.751819,33.446726,10.882645,0.635616,23.368421,6.809390,3.073401,0.254333,1305.745526,985.254180,2321.348041,27906.651278
156.957183,18.198778,5.730160,0.566730,23.635296,8.624600,3.175964,0.309866,467.281081,543.857243,1016.535295,12360.089390
182.600378,28.661874,10.957210,0.632712,19.539680,6.370846,2.615800,0.237504,707.837175,370.124735,1074.042185,10796.348230
186.524801,33.072067,11.963453,0.695042,22.704851,5.639950,2.764425,0.273057,1167.498107,1324.385643,2560.338012,29905.705944
213.074325,25.990260,11.647071,0.817134,23.828631,8.198237,2.231485,0.268125,1448.982169,1354.049588,2763.468388,33875.966642
222.960350,27.110997,7.563494,0.822186,11.263773,8.223982,3.584454,0.123901,318.628047,37.909780,361.302162,2093.594361
159.447398,29.849800,12.226082,0.588361,16.107487,5.341657,2.441485,0.209519,446.844219,137.080271,584.430739,4842.826926
117.935571,24.725889,9.657059,0.837077,15.846862,4.769720,2.560395,0.239676,369.776064,242.100911,601.426989,4903.027107
147.672639,18.586139,6.166440,0.683830,21.603761,7.945310,3.014079,0.292000,459.122215,523.996186,970.000415,10780.512285
184.170752,27.680704,11.884544,0.637043,22.355905,6.653398,2.329135,0.270574,945.513650,890.375176,1858.982759,21379.902584
123.260535,15.524042,4.655627,0.585589,12.406551,7.939977,3.334468,0.183545,96.727850,15.883829,111.007736,708.504186
147.139958,32.502551,11.324291,0.801766,22.008036,4.527028,2.870162,0.298002,996.484830,1753.164408,2681.873395,30363.907832
154.040268,28.150659,8.725961,0.790781,14.374686,5.471995,3.226081,0.190233,378.928408,83.948818,466.400283,3449.016605
147.659408,20.294368,8.702910,0.842873,16.021074,7.275881,2.331906,0.216553,393.748003,123.391998,534.920138,4408.782594
166.521884,26.545438,9.200556,0.567649,11.781985,6.273089,2.885199,0.149964,204.752641,31.487436,232.363782,1408.396786
179.099010,32.201819,8.996574,0.643682,22.225307,5.561767,3.579342,0.272775,879.655944,994.394985,1857.371304,21236.581117
117.622176,21.123964,6.973420,0.680318,22.364838,5.568187,3.029211,0.338707,455.260853,663.527528,1104.230191,12704.672559
112.179020,17.515448,5.700714,0.632051,12.638746,6.404576,3.072501,0.195998,115.467247,24.363708,134.640954,875.425638
227.407352,24.954343,7.470945,0.686924,21.968041,9.112937,3.340186,0.239272,892.456391,440.979695,1326.708138,14993.562606
159.896442,20.879256,9.303669,0.794670,23.177125,7.658148,2.244196,0.301054,833.046639,1109.247092,1954.245738,23301.122934
153.200879,25.998175,7.423243,0.779330,18.855166,5.892755,3.502266,0.250209,552.593402,429.783402,984.413842,9548.742267
171.355836,25.878856,11.365021,0.672652,16.963749,6.621461,2.277062,0.212851,522.335278,155.400384,696.611844,6079.260954
140.801373,23.947649,10.940416,0.748730,12.340439,5.879549,2.188916,0.170817,251.344003,39.628789,275.396321,1748.343799
164.339150,19.778587,8.064992,0.796998,21.509058,8.308943,2.452400,0.275584,675.435472,668.633076,1355.370057,14997.448983
90.716630,16.490705,4.376037,0.612374,14.063056,5.501076,3.768410,0.242516,98.600067,56.626006,163.647526,1183.933362
204.586141,33.954729,11.544860,0.719455,14.306258,6.025262,2.941112,0.164283,547.815005,90.581139,633.061438,4659.185654
178.026616,32.924140,12.041567,0.706670,16.164441,5.407176,2.734207,0.198986,601.521147,157.103197,771.894974,6418.846956
170.511602,29.908047,11.776793,0.782880,17.014009,5.701195,2.539575,0.214010,659.779354,226.651394,907.948161,7947.047574
117.193789,19.536222,5.950237,0.612934,21.834298,5.998795,3.283268,0.331276,353.000626,491.278594,840.852583,9444.896325
140.225723,29.250807,9.949979,0.733869,19.514434,4.793910,2.939786,0.270673,620.774220,728.419665,1382.749847,13881.540819
195.094298,31.982465,9.579887,0.656705,12.626438,6.100039,3.338501,0.148478,340.776620,53.433675,389.883524,2532.525502
110.488156,19.739183,6.781319,0.580122,17.195624,5.597403,2.910817,0.268698,219.126674,199.300635,415.548119,3676.015880
167.990381,22.419236,6.139417,0.651945,20.073052,7.493136,3.651688,0.254375,477.429686,335.697241,819.812447,8465.761469
166.698596,28.334436,11.045827,0.794046,16.711796,5.883251,2.565171,0.212599,598.036819,195.694173,800.075078,6878.471820
120.618176,17.034359,8.175984,0.596511,14.067749,7.080876,2.083463,0.210388,170.028370,42.608680,215.367683,1558.630766
128.398317,24.126915,6.158046,0.586552,21.511776,5.321788,3.917950,0.311817,411.358470,625.810887,1045.674628,11572.067263
144.587206,24.709944,8.700796,0.815195,17.430046,5.851377,2.839964,0.238088,490.240178,288.542105,784.189314,7031.655235
125.332924,22.178847,7.433205,0.589735,16.581412,5.651012,2.983753,0.243272,257.008829,150.638998,402.360485,3432.218528
103.992958,17.830152,5.100585,0.602291,14.949391,5.832421,3.495707,0.240783,136.825117,74.262122,210.292876,1617.283536
149.708991,27.646572,8.755196,0.625243,19.295802,5.415101,3.157733,0.259025,508.943606,437.931907,935.540401,9286.744082
189.315877,22.232058,10.630140,0.688419,14.920677,8.515445,2.091417,0.178114,408.986839,60.885185,462.441581,3549.633502
221.780289,24.056843,8.415294,0.649841,20.555721,9.219010,2.858705,0.226712,756.291375,270.751890,1033.832855,10932.541665
105.725333,22.963189,10.005535,0.555182,15.448670,4.604122,2.295049,0.246777,220.637746,144.390686,359.672865,2858.491248
149.978746,23.401151,6.852164,0.744393,15.883740,6.409033,3.415147,0.213030,340.139192,107.910518,451.498132,3689.324329
206.768406,30.426347,9.816348,0.559863,19.759406,6.795703,3.099559,0.225702,715.015478,288.168643,990.307631,10066.584100
154.023019,29.858125,9.954209,0.579088,19.578320,5.158496,2.999548,0.259111,557.540619,481.720187,1040.291829,10477.766392
198.106370,29.079125,10.088227,0.580043,23.749019,6.812666,2.882481,0.277141,989.888178,1018.230114,1998.916938,24421.848229
152.127050,22.224183,6.215250,0.717249,21.204233,6.845113,3.575751,0.282373,531.947304,626.013577,1182.567640,12899.909253
134.015022,27.807825,10.454989,0.701570,20.413643,4.819328,2.659766,0.289633,618.538387,883.607858,1531.669699,16085.099304
124.661357,23.966523,7.428583,0.570332,14.404466,5.201479,3.226258,0.211902,199.623526,64.229644,258.155848,1913.009941
162.778367,27.452818,8.776579,0.733556,15.504216,5.929386,3.127963,0.199597,418.594523,105.450383,530.440676,4230.821741
199.836224,21.639828,9.100150,0.756144,16.804258,9.234650,2.377964,0.195248,531.286517,97.933678,616.648944,5330.837536
133.192839,17.597525,7.728417,0.610713,10.797280,7.568839,2.276990,0.153666,112.954034,14.594652,126.894185,704.845900
132.893654,19.126701,6.506718,0.741633,13.185548,6.948070,2.939531,0.187867,186.544795,33.822586,218.741904,1483.775820
171.442091,18.852973,7.147172,0.688662,15.925823,9.093637,2.637823,0.199778,319.705116,63.310926,372.272911,3050.011241
65.396689,12.014727,5.161628,0.564895,20.143315,5.443044,2.327701,0.409126,124.983869,62.030839,188.942492,1957.936920
181.331243,27.158371,8.944948,0.803138,15.462597,6.676809,3.036169,0.188603,502.007761,99.391027,614.088370,4884.852148
209.607556,33.855477,10.137595,0.610865,22.519229,6.191245,3.339596,0.255478,1069.033328,853.275948,1885.709499,21845.722329
72.582774,15.839684,5.864990,0.728635,20.332276,4.582337,2.700718,0.391988,210.471421,166.692914,364.642952,3814.098745
178.644366,20.946069,7.820080,0.562230,10.109215,8.528778,2.678498,0.124230,132.353627,16.318319,146.900425,763.974050
108.660072,19.430081,7.956653,0.602420,12.890818,5.592363,2.441992,0.203118,139.343054,34.497009,171.613520,1138.072887
190.067279,22.870807,11.371697,0.605059,10.416879,8.310475,2.011204,0.124105,199.021071,23.929443,221.955348,1189.436754
127.834689,15.815071,5.141964,0.612204,21.755088,8.083093,3.075687,0.316039,313.742926,377.307849,684.137504,7656.712631
214.168636,27.794291,12.663171,0.809349,22.235245,7.705490,2.194892,0.249556,1365.105058,925.615447,2342.260557,26792.622900
226.567977,26.661795,7.562379,0.842585,18.030515,8.497852,3.525583,0.196749,794.981999,169.721822,912.383103,8462.983000
115.490591,20.026477,9.410951,0.778810,16.118420,5.766895,2.127997,0.246350,306.786453,198.739085,488.004266,4046.543416
176.376424,28.799898,12.124609,0.773895,13.467865,6.124203,2.375326,0.166564,429.869737,66.614049,501.087371,3471.764928
166.421970,24.440921,11.901998,0.762538,23.822075,6.809153,2.053514,0.303304,1069.946880,1500.797974,2601.644662,31883.476976
116.397223,22.425638,9.348928,0.576807,14.039309,5.190364,2.398739,0.213736,196.078334,62.352523,252.618522,1824.521729
211.507924,27.510099,7.546062,0.736481,23.117532,7.688374,3.645623,0.261085,1053.623655,909.786506,1928.676908,22937.128474
99.896629,21.022981,5.612099,0.674549,17.394956,4.751782,3.746010,0.285859,223.542652,300.598890,529.104700,4734.815381
111.635615,14.884758,5.321224,0.655584,19.963190,7.499995,2.797243,0.310336,247.353947,302.261060,544.100962,5587.886056
92.285066,17.805493,8.037041,0.763241,10.498759,5.182955,2.215429,0.179505,96.871029,16.487289,113.326065,612.076728
200.705832,28.577945,12.135298,0.747229,15.507595,7.023102,2.354944,0.179791,603.620340,102.486176,703.229915,5610.219935
88.956438,14.415450,7.090749,0.693443,15.760850,6.170909,2.032994,0.274470,155.600234,144.686121,294.754624,2389.892497
160.594690,26.318853,10.895591,0.612351,10.095062,6.101888,2.415551,0.130842,170.787344,24.133186,187.988226,976.287555
207.987519,32.573235,10.976659,0.739933,16.604653,6.385227,2.967500,0.189110,721.371825,151.746895,863.911328,7379.672475
140.866225,19.762875,5.228810,0.727670,12.151469,7.127821,3.779612,0.168162,154.539933,23.203956,170.359575,1064.960344
223.031923,33.237995,10.686405,0.573954,16.115480,6.710150,3.110306,0.177241,579.364866,108.080970,689.962494,5720.142474
150.952469,30.220170,11.245897,0.761963,15.147281,4.995090,2.687217,0.202497,458.285825,129.700084,606.122338,4723.164651
94.198962,13.637279,4.104169,0.661933,12.706157,6.907460,3.322787,0.215028,78.404747,22.271371,97.364750,636.435023
142.224302,22.339224,9.329912,0.797165,21.144636,6.366573,2.394366,0.291217,660.017215,884.570899,1522.784827,16564.444117
168.447966,24.826419,8.592662,0.572565,20.366878,6.785029,2.889258,0.257748,542.864940,399.150262,935.624386,9803.115131
203.842558,28.814979,10.331588,0.635983,18.842806,7.074187,2.789017,0.216771,711.819737,232.239252,944.781685,9158.306088
199.483881,33.493013,9.770141,0.665645,13.657499,5.955985,3.428099,0.158826,422.387092,70.565380,467.305153,3283.294694
108.941833,13.632953,3.900521,0.830284,14.015698,7.991067,3.495162,0.220557,131.670745,42.723922,186.225758,1342.742061
131.904606,26.692094,11.973055,0.733683,12.626680,4.941711,2.229347,0.180577,269.365445,51.442193,324.712328,2109.240299
210.713101,26.540346,7.812207,0.724194,18.199535,7.939350,3.397292,0.205929,652.401117,168.398472,809.318205,7577.356403
181.719458,19.797552,6.656839,0.614951,14.929457,9.178885,2.974017,0.181906,268.427173,42.079116,307.417137,2361.077149
204.391811,22.946249,6.228739,0.570336,18.956315,8.907417,3.683932,0.217784,461.220730,139.838224,595.044329,5802.849940
83.656747,11.754740,4.082570,0.810334,16.901925,7.116852,2.879250,0.303521,134.471446,174.525296,309.778620,2693.554252
182.277569,26.256631,9.607546,0.687378,16.087339,6.942154,2.732918,0.195714,471.785038,102.235210,560.863527,4641.726332
201.943686,29.455359,12.613744,0.701091,13.420893,6.855923,2.335180,0.155121,452.215527,64.650974,530.444597,3662.347413
89.688527,17.717913,6.729767,0.774715,15.605351,5.062025,2.632768,0.270650,184.854296,196.593775,384.804455,3089.240723
185.483047,32.132519,10.222435,0.819875,23.121981,5.772440,3.143333,0.278854,1304.227394,1760.002291,3083.215853,36674.743467
200.004949,25.321240,12.113877,0.684497,11.951983,7.898703,2.090267,0.138811,321.164887,39.881161,364.936631,2243.858775
86.354532,13.243130,3.989933,0.807774,13.423010,6.520704,3.319136,0.237253,95.501553,48.015354,141.332111,975.952934
108.861848,11.810843,4.300130,0.670610,18.523045,9.217111,2.746625,0.291594,171.180460,166.220137,336.251667,3204.165393
158.698624,17.043670,6.298493,0.828693,12.844810,9.311294,2.705992,0.167473,213.641807,25.951358,238.194093,1573.971153
210.550438,33.669024,9.005515,0.702434,22.542247,6.253536,3.738711,0.255166,1160.618007,983.868244,2118.403196,24566.536641
207.079018,29.596525,8.385170,0.672761,22.146079,6.996734,3.529627,0.252774,952.301110,704.331062,1604.096421,18275.337743
198.411047,30.264376,11.352745,0.759597,10.449798,6.555927,2.665820,0.121851,289.665639,37.748924,329.984718,1773.943664
220.444811,26.074677,11.998027,0.755863,17.258672,8.454364,2.173247,0.190924,767.058262,139.006097,924.315086,8206.642722
142.233059,19.767408,7.760234,0.809291,17.250620,7.195332,2.547269,0.237579,393.039081,200.744554,596.594263,5294.462679
208.185781,28.489398,9.791162,0.829042,11.562448,7.307483,2.909705,0.131622,362.079039,44.543300,397.734753,2365.818654
145.909037,15.929257,5.861654,0.550049,10.877053,9.159814,2.717536,0.147902,94.413910,11.480296,104.915363,587.068016
144.575010,18.626431,7.275391,0.645827,13.442463,7.761820,2.560197,0.183627,190.430355,31.152391,232.097826,1605.047965
188.532965,22.479628,9.526739,0.698371,19.934863,8.386836,2.359635,0.238464,675.711401,319.349518,1019.573719,10456.106429
99.569801,12.534258,4.295581,0.794468,15.511662,7.943813,2.917942,0.255328,138.264897,92.155733,229.592102,1832.117772
99.813696,15.717917,7.043746,0.780548,12.684226,6.350313,2.231471,0.208532,132.379164,33.902057,170.011287,1109.378698
159.462860,31.202821,9.494668,0.775856,21.318477,5.110527,3.286352,0.277287,883.931804,1182.897974,2094.934490,22975.487519
94.377030,20.650417,10.086532,0.707835,16.696177,4.570224,2.047326,0.282285,266.055044,329.877301,622.481853,5346.650965
208.044835,26.735519,7.994337,0.729779,20.850981,7.781589,3.344307,0.237439,851.170308,442.749478,1277.107909,13699.104999
120.939239,24.395296,10.665859,0.594666,22.378712,4.957482,2.287232,0.334237,555.029200,807.443863,1354.702246,15596.137315
130.627805,24.699644,8.188892,0.752882,12.404061,5.288651,3.016237,0.178258,213.345492,39.309100,256.960312,1639.713754
134.522047,14.427336,5.475850,0.722841,10.081236,9.324108,2.634721,0.142765,87.791273,9.408186,94.444738,489.812240
141.486896,29.090082,10.501011,0.616076,22.069601,4.863750,2.770217,0.304747,689.652414,1052.701570,1792.313049,20349.158839
165.069831,19.957720,8.584577,0.818292,21.070551,8.270977,2.324834,0.269368,692.765050,631.236026,1271.625379,13783.933919
196.448304,32.726408,8.041700,0.650329,16.606935,6.002746,4.069588,0.194612,537.762148,133.036210,650.910515,5560.948723
125.836293,26.651825,11.701651,0.688047,20.954682,4.721489,2.277612,0.306819,624.536198,986.010712,1607.104418,17324.602760
229.354894,26.142633,12.370454,0.836825,19.770316,8.773213,2.113312,0.214419,1149.845386,331.870233,1420.253218,14444.998263
147.915336,30.574683,9.953698,0.719153,13.943316,4.837837,3.071691,0.188306,348.340956,79.395648,441.576793,3167.454713
185.524484,20.036992,5.791146,0.821173,14.438115,9.259098,3.459936,0.174106,322.547088,44.845051,362.866794,2695.230044
167.674968,32.697674,10.930479,0.839005,21.029212,5.128040,2.991422,0.266743,1063.929267,1257.185507,2255.779993,24403.822012
122.793707,21.393180,6.179173,0.697377,15.047622,5.739853,3.462143,0.223040,220.311258,87.924681,303.368080,2348.420535
95.604947,21.074313,6.264753,0.727034,15.686854,4.536563,3.363950,0.263511,199.419018,202.013579,398.857307,3218.781589
123.893505,26.670496,12.849146,0.777938,12.500953,4.645339,2.075663,0.184469,273.676694,55.351096,328.079178,2109.890332
160.119216,28.370459,10.630708,0.712704,13.380832,5.643871,2.668727,0.173686,337.398640,59.159636,391.391263,2694.215615
172.244129,24.715014,11.188476,0.554281,22.033323,6.969210,2.208971,0.275747,719.407762,674.313035,1408.849896,15969.187707
174.526646,18.792265,4.713523,0.554607,16.008518,9.287153,3.986883,0.199032,226.012845,46.751100,282.291110,2324.804514
137.141027,16.900844,5.839097,0.589660,18.833419,8.114449,2.894428,0.264149,271.581402,196.530899,479.688451,4647.576303
219.221767,30.045742,8.692279,0.570909,14.697977,7.296267,3.456601,0.163049,411.071627,66.734700,481.801004,3643.035204
106.154111,18.553394,8.437241,0.555886,20.101003,5.721547,2.198988,0.320445,299.409971,394.942856,710.639566,7348.610202
128.776476,26.493137,11.015552,0.805595,13.547214,4.860749,2.405067,0.196081,315.046672,76.818749,385.145391,2684.187252
83.585133,13.448289,4.884526,0.787409,17.317467,6.215299,2.753243,0.311117,159.388187,225.313721,373.790338,3330.048343
157.732642,28.940985,12.455518,0.778859,21.763066,5.450148,2.323547,0.284618,981.807941,1336.230450,2354.504729,26360.748906
90.429364,17.930759,7.394923,0.790358,13.863908,5.043254,2.424739,0.239461,159.806209,93.153908,257.879519,1839.249359
128.373414,21.594433,9.034562,0.567016,15.724339,5.944746,2.390203,0.227949,251.237342,101.286606,358.330063,2898.636384
192.750105,22.471413,10.423542,0.559611,14.843279,8.577570,2.155833,0.175605,349.983813,52.854298,399.609238,3051.430462
92.048721,19.907232,6.751429,0.692695,10.328287,4.623883,2.948595,0.176817,84.085524,15.498099,101.157600,537.483234
161.237589,28.814111,10.971493,0.637417,20.897008,5.595786,2.626271,0.270305,728.014382,741.237682,1417.745470,15241.246526
85.528360,15.144572,3.934848,0.688169,23.249764,5.647460,3.848833,0.412921,243.593302,128.633053,375.858080,4495.526391
114.324355,22.718545,10.591257,0.709958,10.653217,5.032204,2.145028,0.163650,145.802868,22.951347,178.641123,979.039747
135.491400,16.488006,5.502561,0.700711,16.691303,8.217574,2.996424,0.235526,238.519481,103.634030,345.252042,2964.589769
119.189187,20.705124,7.991788,0.831308,11.270935,5.756507,2.590800,0.169568,162.638205,24.562782,189.138936,1096.677667
162.909499,18.590483,7.216293,0.550726,19.988564,8.763059,2.576182,0.257224,391.367516,242.846633,643.688105,6619.042810
154.165395,18.455902,7.303754,0.716553,16.166862,8.353176,2.526906,0.213863,310.496651,83.474042,389.199098,3236.947546
127.738340,23.149968,7.068558,0.734899,21.813298,5.517862,3.275063,0.317004,533.254258,868.247940,1428.584555,16031.176405
200.996981,22.237891,10.389276,0.758421,18.680578,9.038491,2.140466,0.216421,706.975683,201.019693,911.861556,8763.091001
123.667694,25.850430,9.626346,0.753945,21.476968,4.783970,2.685383,0.317211,627.906942,1084.950168,1650.474529,18235.593131
141.318487,29.766037,11.467671,0.743164,22.132294,4.747642,2.595648,0.305795,861.311815,1456.981385,2310.028653,26301.584292
171.365132,21.013556,5.503771,0.733700,11.812248,8.154980,3.818029,0.148209,185.469279,23.900129,209.899944,1275.507463
136.330932,19.585000,5.746763,0.710958,17.884421,6.960987,3.408006,0.251583,312.344685,213.513088,529.627748,4872.857667
191.016053,21.509008,8.045809,0.596771,13.440523,8.880747,2.673318,0.159729,257.304558,34.412852,296.629032,2051.010713
179.625546,25.339389,9.002283,0.705016,19.782620,7.088788,2.814774,0.242439,669.021099,382.867728,1041.677119,10601.200537
169.662160,21.158608,5.435408,0.643733,22.618564,8.018588,3.892736,0.285217,547.640410,600.883385,1134.691992,13203.258444
69.972579,15.411534,5.568885,0.721490,13.069086,4.540273,2.767436,0.256617,85.069674,69.442712,153.776865,1033.889972
140.242628,17.848238,5.692893,0.688288,23.868271,7.857506,3.135179,0.331043,502.596849,655.278074,1173.959857,14414.922514
206.049662,24.123601,10.046095,0.759935,12.073247,8.541414,2.401291,0.138147,327.332687,38.154108,366.859301,2278.566587
148.163034,31.383123,8.701798,0.762339,12.219111,4.721105,3.606510,0.164882,278.526156,50.222461,320.873797,2017.028260
189.701336,21.568154,8.324404,0.804459,15.797312,8.795437,2.590955,0.188387,460.629456,77.437146,536.489510,4359.960418
201.085445,21.622621,5.639144,0.669889,21.486201,9.299772,3.834380,0.248870,614.903657,363.738594,934.189298,10326.012116
163.557550,20.586519,7.757819,0.616035,14.007484,7.944886,2.653648,0.179899,239.384740,38.339389,280.070539,2018.206804
189.786936,20.876890,9.628015,0.715383,21.602015,9.090767,2.168348,0.257552,781.652981,523.445048,1330.248899,14783.091683
118.187315,24.651870,11.435443,0.773767,23.785234,4.794254,2.155742,0.359357,791.508191,1087.264061,1848.795986,22622.183694
175.346563,21.696459,5.553570,0.670150,17.735885,8.081806,3.906759,0.219992,379.624840,127.356370,504.924739,4606.993764
192.783024,31.879931,10.399024,0.708323,15.501660,6.047159,3.065666,0.183378,549.402855,109.203771,646.188419,5153.182073
204.224107,26.145530,12.598948,0.742207,18.168765,7.811052,2.075215,0.208822,798.120140,207.290730,1034.536606,9669.619261
174.057753,20.115896,5.177698,0.694992,14.235414,8.652747,3.885104,0.177226,240.059119,37.366685,272.803517,1997.828374
170.995161,25.931729,10.294564,0.825167,15.249422,6.594052,2.518973,0.191542,493.455567,99.678417,605.324228,4748.752546
224.236480,31.748551,11.454166,0.777518,23.563576,7.062889,2.771791,0.258459,1566.837341,1347.782059,2801.949110,33965.620203
145.176911,20.142491,7.963518,0.694268,16.493676,7.207496,2.529346,0.224839,324.888622,118.166612,442.464954,3754.347361
76.316761,10.933427,4.410884,0.700664,17.186138,6.980132,2.478738,0.323126,110.593428,136.053460,246.289982,2177.525015
199.844047,24.797446,8.949496,0.618380,21.446334,8.059058,2.770820,0.249179,751.327665,447.846791,1184.080648,13063.888040
193.777533,28.874037,9.344165,0.707532,19.296518,6.711134,3.090061,0.227683,749.772733,328.081874,1100.203922,10921.700210
145.353698,29.516705,11.355296,0.634943,12.546152,4.924455,2.599378,0.170923,262.436600,48.436725,319.063877,2059.331700
122.021710,20.214131,6.986535,0.687207,16.837642,6.036456,2.893299,0.250361,271.688758,184.663019,457.034770,3958.846194
189.471947,27.989344,7.003460,0.789134,22.621767,6.769431,3.996502,0.269934,975.032429,1080.585633,2062.363321,24001.026211
86.917104,18.924342,7.676956,0.729224,20.467449,4.592873,2.465084,0.360591,310.967522,400.105058,708.480874,7459.847741
208.016009,24.685003,9.138689,0.604655,11.216382,8.426817,2.701154,0.127734,227.924677,28.732967,264.319438,1525.176195
88.362750,11.088879,4.383122,0.624676,10.989577,7.968592,2.529904,0.192022,49.546693,8.155627,57.603551,325.662932
161.221719,29.882429,7.888026,0.673998,21.584896,5.395201,3.788328,0.279217,719.289678,913.046950,1596.299917,17725.665780
220.616075,33.887116,10.345419,0.704675,20.026099,6.510323,3.275567,0.221453,1028.769490,410.460414,1445.611722,14893.134904
63.383035,13.410926,6.050674,0.606212,17.380572,4.726224,2.216435,0.358576,111.569765,124.223986,232.341484,2077.442086
190.815190,24.209257,9.758874,0.583647,15.314580,7.881910,2.480743,0.182097,378.335942,64.149388,438.557581,3455.173170
140.365064,21.265515,6.489352,0.607257,22.909799,6.600596,3.276986,0.317611,488.518544,671.742483,1120.193957,13202.391803
143.735733,24.514022,7.331128,0.736454,13.720310,5.863409,3.343827,0.187969,260.538595,53.557674,317.322250,2239.765547
203.902702,33.281275,12.659743,0.650693,20.891772,6.126649,2.628906,0.240308,1049.191402,611.955255,1649.551060,17728.792257
174.283479,19.267462,4.877976,0.700901,12.983650,9.045482,3.949888,0.161537,194.015117,25.892139,215.672813,1440.556580
140.452786,28.248529,10.029727,0.733314,23.647905,4.972039,2.816480,0.327741,876.062045,1500.327225,2368.338576,28812.076979
204.792205,31.868961,10.171303,0.737315,21.748302,6.426071,3.133223,0.249616,1126.396968,835.311562,2000.489305,22382.041225
96.474004,17.132826,4.828659,0.675281,14.217164,5.630945,3.548154,0.237745,123.466649,65.385066,193.190252,1412.980848
134.085649,29.339979,9.536101,0.631774,23.752770,4.570066,3.076727,0.336920,741.510671,1201.702220,1928.374538,23563.714821
115.133705,24.569813,9.792563,0.586650,10.464144,4.685982,2.509028,0.160179,121.565456,20.788933,142.969384,769.635084
138.329004,28.635720,11.595956,0.775896,14.142270,4.830645,2.469457,0.197500,374.079989,95.475845,467.318258,3399.930077
113.904123,16.495613,8.018625,0.719382,14.335219,6.905116,2.057162,0.220617,189.379832,60.554317,255.579390,1884.812988
203.487111,27.004874,12.386761,0.783368,12.073750,7.535199,2.180140,0.139020,391.360901,47.720009,430.180094,2671.964025
128.363373,21.961928,9.217107,0.587408,21.348800,5.844813,2.382736,0.309497,466.069898,626.371038,1079.002266,11850.425265
161.649790,18.651878,6.906367,0.668833,16.254447,8.666676,2.700678,0.209985,301.027192,73.632409,367.324745,3071.570540
105.602729,13.395510,5.995456,0.610769,23.181735,7.883442,2.234277,0.370520,296.812161,240.967344,525.236840,6263.819371
134.974104,27.794859,9.675148,0.616723,16.469645,4.856082,2.872810,0.232843,359.060775,186.781645,521.285997,4416.704972
189.866592,33.066334,11.536643,0.750915,20.128857,5.741991,2.866201,0.239938,1000.690256,630.569607,1690.358916,17503.953118
185.802773,20.333389,6.021972,0.592174,23.055871,9.137816,3.376533,0.277817,581.778928,524.089920,1152.890242,13674.378771
184.495670,33.823947,12.735081,0.631655,17.615782,5.454587,2.655966,0.213016,689.236465,233.389195,940.030566,8518.870259
126.561431,17.914279,4.748494,0.550443,10.496772,7.064835,3.772623,0.153253,75.366305,10.943601,85.367847,460.986484
99.429020,21.233062,7.445503,0.689749,20.910156,4.682745,2.851797,0.344433,363.069063,543.264155,893.753031,9614.194770
79.880857,14.238400,4.651368,0.727136,19.360818,5.610241,3.061121,0.355800,176.863575,217.107376,394.607944,3930.317418
90.860716,13.640318,4.679474,0.811969,12.950436,6.661188,2.914925,0.223152,101.673159,36.158516,136.471759,909.212247
208.411056,22.644547,9.926099,0.843365,22.639582,9.203587,2.281314,0.257580,1148.117689,847.378308,1977.309163,23029.318606
71.587867,11.788652,5.461643,0.687633,11.754159,6.072608,2.158444,0.228179,58.576129,21.544937,81.532746,493.016803
170.067737,19.000671,6.028298,0.582792,19.760522,8.950617,3.151913,0.248881,383.474295,209.075564,599.009518,6089.340296
207.270105,30.700304,8.914929,0.747301,20.705236,6.751402,3.443696,0.236219,975.498871,539.734583,1512.829241,16114.179300
136.539262,18.154142,7.430528,0.793753,11.684143,7.521108,2.443183,0.164237,167.532299,21.642111,195.084502,1172.621185
160.943195,18.678897,8.043479,0.671921,11.312067,8.616311,2.322241,0.146457,164.540506,19.484316,183.629748,1068.619506
80.618095,10.822206,4.529118,0.557415,13.423955,7.449322,2.389473,0.245566,61.475163,28.926953,91.972378,635.149558
139.377716,19.854170,5.681845,0.825368,22.967732,7.020073,3.494317,0.319540,597.914606,942.126707,1479.739403,17484.026745
168.904051,30.889433,11.225481,0.588469,10.135807,5.468021,2.751725,0.128098,191.877875,29.639756,222.869035,1162.107101
138.714708,26.774791,9.325357,0.612709,15.602319,5.180795,2.871181,0.217586,318.125108,116.030782,440.585376,3536.367136
124.254559,19.261056,5.351809,0.695126,21.895546,6.451077,3.598981,0.322629,396.897318,584.201757,984.034568,11084.197124
135.127024,23.010046,10.911648,0.562832,19.734306,5.872523,2.108760,0.278840,457.581865,467.190437,918.692990,9326.750607
132.657554,23.644128,10.059795,0.629738,19.046942,5.610592,2.350359,0.271621,442.974994,435.863993,884.412870,8665.994505
216.442866,23.562877,10.983935,0.598441,17.861508,9.185757,2.145213,0.199411,604.246590,120.608441,697.826307,6412.148286
188.784115,29.951727,9.944045,0.715749,11.546364,6.302946,3.012027,0.138028,296.500021,42.093686,347.928386,2066.679948
129.703099,22.001136,5.684522,0.646956,17.182115,5.895291,3.870358,0.247802,271.687907,183.155705,475.924756,4206.811242
125.824492,23.138706,8.418822,0.849003,15.190612,5.437836,2.748449,0.222431,332.832157,138.953491,481.857569,3765.581622
169.084968,33.972180,11.699466,0.844692,18.489042,4.977160,2.903738,0.233542,891.574388,539.605844,1436.940459,13667.569645
143.464446,29.375020,12.055390,0.622264,21.659937,4.883893,2.436671,0.297022,731.188603,1050.228032,1794.189466,19992.338656
216.801285,29.164513,12.886271,0.629511,19.900035,7.433736,2.263224,0.221986,928.086645,324.534025,1221.851741,12508.650605
136.327101,25.640904,11.850349,0.802859,16.387780,5.316782,2.163726,0.230533,478.949934,237.858035,719.025951,6061.816520
103.670183,15.765384,5.467984,0.692333,20.533255,6.575811,2.883217,0.331234,268.440464,361.032678,631.912469,6675.023985
176.391045,22.236425,7.210568,0.705290,12.471002,7.932527,3.083866,0.154229,233.232234,30.898295,267.685258,1717.370129
152.372467,26.556029,10.813852,0.702740,12.223259,5.737773,2.455742,0.162644,261.990903,41.014452,309.680231,1947.325729
124.353097,15.608519,6.885640,0.576484,16.294805,7.967002,2.266822,0.240007,195.916892,86.065493,280.806390,2353.933945
156.287729,24.232068,10.047661,0.575564,20.684747,6.449624,2.411712,0.271764,563.088044,517.989543,1057.696809,11255.104158
160.631416,20.966019,9.533386,0.759011,23.465773,7.661512,2.199221,0.304105,830.942277,1096.234578,1894.569066,22870.908574
147.888907,20.376338,8.571383,0.829590,13.884436,7.257875,2.377252,0.187527,295.138875,51.165798,339.748626,2426.744582
131.358541,28.214991,7.313982,0.836476,12.773493,4.655629,3.857678,0.183056,265.102732,56.743526,320.844310,2108.347132
177.477436,24.516120,7.503383,0.636671,22.881974,7.239214,3.267342,0.282115,719.120243,784.976289,1479.254776,17413.039405
136.506209,20.937790,6.420373,0.624556,18.861796,6.519609,3.261149,0.265161,334.456884,286.066641,642.198910,6231.473099
143.328078,30.974499,11.791025,0.712765,12.159043,4.627293,2.626956,0.166816,282.315870,50.687964,335.801465,2100.487388
183.436067,31.944571,10.403661,0.714233,18.229781,5.742324,3.070512,0.221077,720.329605,293.173954,1043.999050,9790.833453
229.440802,25.140726,10.721910,0.558590,17.620674,9.126260,2.344799,0.191069,599.577104,108.563732,703.198716,6374.390773
151.778341,21.664919,10.625495,0.724076,22.855870,7.005719,2.038956,0.304717,775.230712,1030.624746,1805.112610,21224.632103
77.148251,16.982031,4.087207,0.712877,19.501520,4.542934,4.154923,0.364678,181.696544,232.769921,410.733205,4120.656130
123.014770,21.219884,7.912962,0.808845,23.314209,5.797146,2.681661,0.345260,640.842625,957.588400,1577.790239,18923.787531
145.469709,27.472099,10.275782,0.838784,23.139275,5.295180,2.673480,0.315114,987.271454,1764.622046,2680.098735,31903.522737
223.227596,25.149179,11.285402,0.647070,22.150644,8.876139,2.228470,0.243510,1032.827305,525.936699,1568.191019,17869.953249
129.410856,25.727229,10.738421,0.711101,10.026698,5.030112,2.395811,0.144769,155.615134,23.100889,175.406226,904.775948
172.906794,22.782299,6.264323,0.705047,12.658600,7.589523,3.636833,0.158119,225.957884,31.925909,265.480809,1728.848419
206.727787,24.824405,10.450722,0.592521,12.190729,8.327603,2.375377,0.139262,280.472233,36.109037,316.807867,1986.843925
188.461356,25.547465,8.793368,0.693125,20.504025,7.376910,2.905311,0.245319,730.138170,437.257029,1159.778001,12233.538634
141.942927,28.231446,12.557106,0.748626,22.514014,5.027831,2.248245,0.310384,911.600688,1509.953203,2400.839564,27807.002220
167.517577,20.453542,9.140387,0.810836,15.493889,8.190150,2.237711,0.196623,407.307930,79.005321,490.351574,3908.464010
123.119565,24.843225,6.244902,0.786957,15.143605,4.955861,3.978161,0.224166,280.110740,131.316617,408.661291,3183.690792
85.713322,13.656903,5.956910,0.787985,23.521714,6.276190,2.292615,0.417300,319.021841,141.905402,451.229195,5460.146195
173.704868,32.988860,12.109188,0.618093,19.683266,5.265561,2.724283,0.245298,762.556144,513.841535,1280.589725,12967.172354
121.521824,16.256155,4.039651,0.681560,15.159003,7.475434,4.024148,0.225864,154.657573,57.987027,212.283799,1655.486353
216.919929,22.965816,11.434721,0.670951,13.522484,9.445339,2.008428,0.150803,395.708952,47.251095,454.769580,3163.632099
204.907811,22.162238,7.582901,0.568093,11.909073,9.245808,2.922660,0.136648,206.821197,25.882439,234.661064,1437.662951
166.531474,33.127798,8.701251,0.599758,18.931249,5.026941,3.807245,0.240954,576.344707,375.527831,948.396273,9236.495478
81.476399,16.911106,8.424961,0.774414,16.010118,4.817923,2.007262,0.291328,193.686799,262.735336,445.268081,3667.365500
76.209121,15.969071,5.998800,0.642302,15.760118,4.772295,2.662044,0.296524,123.697057,162.777196,285.234927,2312.598741
158.390924,24.120448,11.664989,0.740033,22.373454,6.566666,2.067764,0.291992,871.793380,1115.313421,2061.024123,23722.159007
186.785035,26.817535,10.549388,0.788545,23.033543,6.965034,2.542094,0.276817,1137.225897,1286.821482,2381.734088,28222.281864
198.369799,22.571300,10.077515,0.846173,21.693975,8.788585,2.239768,0.252991,1023.810373,701.063455,1668.952263,18626.066818
192.532811,26.101528,11.984541,0.607293,10.574274,7.376304,2.177933,0.125170,226.854549,29.400049,258.992488,1408.885922
122.812996,13.246651,6.610229,0.657210,12.993530,9.271249,2.003963,0.192579,126.806023,20.125832,141.343302,944.801327
79.985852,13.553162,4.941900,0.707911,16.918839,5.901638,2.742500,0.310719,133.826680,181.276102,317.561352,2763.989038
228.906194,26.764272,11.180803,0.732129,15.026995,8.552678,2.393770,0.163135,580.993056,78.241394,633.810358,4899.701074
205.742184,26.575346,8.224867,0.608406,16.366588,7.741844,3.231097,0.187413,456.651259,86.882368,533.964675,4495.818767
222.475432,27.067437,12.007107,0.790078,20.906908,8.219302,2.254285,0.230225,1179.704367,502.244599,1732.961744,18638.755005
159.592221,18.996616,6.176005,0.759251,22.240809,8.401087,3.075874,0.289167,581.353403,673.485288,1264.990115,14473.575130
111.999856,12.189332,4.927787,0.605697,22.130344,9.188351,2.473592,0.343465,244.933980,244.340000,486.973327,5544.105075
222.763100,28.989645,10.613954,0.611970,19.513704,7.684230,2.731277,0.214744,808.585192,244.160716,1050.625123,10546.918740
190.349381,24.892560,9.784568,0.786837,16.742398,7.646838,2.544063,0.199318,587.163985,129.086189,720.672271,6207.168976
174.471509,26.435096,10.713536,0.803674,16.959725,6.599995,2.467448,0.210892,613.958167,182.953148,798.609583,6967.731882
178.964538,21.238720,9.931667,0.555793,13.370779,8.426334,2.138485,0.164164,254.818559,35.232518,289.983364,1994.655454
169.105467,17.866700,8.050298,0.844087,23.144439,9.464841,2.219384,0.292329,796.091376,921.625437,1770.434802,21079.713708
228.868086,31.352636,9.048230,0.741545,14.128666,7.299804,3.465058,0.153395,523.984184,75.858313,607.205755,4413.418880
165.438794,19.891727,5.488772,0.605220,17.583848,8.316965,3.624076,0.224543,305.517810,106.716601,414.952340,3753.619483
111.627011,17.427856,7.412352,0.562538,14.161824,6.405091,2.351191,0.220160,147.833768,47.323383,195.753282,1426.153743
154.733771,24.803382,6.236720,0.823861,19.617533,6.238414,3.976991,0.259033,582.407373,549.782020,1128.169827,11385.627581
165.931918,23.494757,7.108347,0.847932,22.256298,7.062508,3.305235,0.283786,817.567152,1061.257954,1826.517755,20912.932369
101.022040,14.154579,4.703411,0.769710,15.217257,7.137057,3.009428,0.248675,145.994497,89.345890,231.171693,1809.710574
191.423856,23.111083,9.313387,0.558541,16.839920,8.282773,2.481491,0.199915,418.961361,88.912374,501.423894,4343.933281
116.041439,25.628881,6.357407,0.627704,19.602047,4.527761,4.031342,0.298881,353.732318,553.955156,926.230912,9340.256678
191.183313,26.852409,12.778816,0.608327,23.359966,7.119783,2.101322,0.277492,1049.905604,1031.098586,2029.797708,24392.878991
168.378268,18.204139,6.229475,0.567616,21.659593,9.249450,2.922259,0.274164,439.395546,356.688704,773.247437,8616.023569
175.923458,22.548972,6.442961,0.682276,10.991519,7.801839,3.499784,0.136113,171.292035,22.134998,194.938457,1102.283584
136.484221,26.568258,11.254441,0.740758,22.187197,5.137116,2.360691,0.311936,779.719123,1273.065549,2020.723415,23064.678852
113.072741,14.403984,6.249224,0.766653,12.145676,7.850102,2.304924,0.187606,120.386819,19.126896,139.907935,874.182583
147.004144,21.394575,8.619235,0.802016,17.097958,6.871094,2.482190,0.231624,431.859373,197.089607,621.833514,5469.611320
102.887263,22.345456,9.544287,0.569505,19.067893,4.604393,2.341239,0.308763,313.147122,453.177224,754.557362,7401.727343
204.416493,22.361835,6.733868,0.742784,19.844728,9.141311,3.320801,0.227977,650.598360,251.409904,915.276646,9344.060248
92.868324,13.174504,5.032611,0.575299,14.494631,7.049094,2.617827,0.247046,95.295727,49.555347,141.411055,1054.456404
202.525135,22.442339,7.496159,0.668364,22.753314,9.024244,2.993845,0.262609,791.420741,593.889149,1397.388529,16356.859888
147.347334,32.236509,11.653910,0.756542,18.876696,4.570822,2.766154,0.255422,710.311637,665.653062,1348.950993,13099.667469
137.359533,30.368716,8.911789,0.673970,20.276173,4.523060,3.407702,0.284158,590.626881,836.297183,1452.843098,15154.541532
171.561844,24.469997,10.350173,0.848878,17.600567,7.011110,2.364211,0.220709,647.143944,235.481724,890.980657,8067.389957
184.143041,28.983678,12.138454,0.775574,23.872093,6.353336,2.387757,0.288946,1315.681897,1779.395697,3131.290815,38454.927713
88.033354,16.231005,7.103290,0.783548,15.991181,5.423777,2.284998,0.279937,187.968463,217.423325,411.336426,3383.886682
131.577610,21.913164,10.163975,0.643991,21.004325,6.004501,2.155964,0.300761,521.224699,678.940195,1193.872675,12900.449377
163.754623,20.685135,7.856313,0.795293,19.263063,7.916536,2.632932,0.247248,553.685830,339.784404,913.286082,9050.452279
166.554068,32.042434,10.102548,0.759926,18.190114,5.197922,3.171718,0.231506,694.556767,379.743852,1092.868454,10226.839079
165.490105,25.610575,11.068925,0.593415,19.607851,6.461788,2.313736,0.250350,591.804539,380.603734,989.193304,9978.132693
178.245587,20.861494,9.774022,0.754743,14.059556,8.544239,2.134382,0.172968,349.131058,47.809735,398.001356,2878.685861
122.802594,18.112611,7.629773,0.667284,19.144975,6.779950,2.373938,0.283762,333.018695,352.278692,690.961087,6805.287986
144.547818,18.461199,6.231268,0.569673,23.605520,7.829817,2.962671,0.322486,457.228775,560.370752,1009.581848,12260.077434
167.301415,28.415032,12.272315,0.703113,18.731702,5.887778,2.315377,0.237865,697.674794,385.373111,1087.249676,10477.185604
221.376530,27.175494,12.250251,0.711735,11.309568,8.146182,2.218362,0.124849,340.301959,40.730050,396.137975,2304.785931
223.424142,27.501178,10.970827,0.753984,21.506208,8.124166,2.506755,0.236321,1153.959889,565.185773,1691.929018,18719.062488
202.223980,33.712928,10.673451,0.570068,10.893931,5.998410,3.158578,0.125826,255.762675,39.769131,287.785640,1612.842081
197.464080,27.122067,7.449217,0.673544,14.788018,7.280569,3.640928,0.172850,387.198794,64.519456,459.443223,3495.263464
95.479434,11.567921,5.624581,0.572666,19.653709,8.253811,2.056672,0.330364,172.160521,180.733265,360.905733,3649.021478
179.119768,31.073530,9.636902,0.757913,23.597019,5.764384,3.224432,0.289594,1158.305155,1693.448922,2856.920785,34681.147034
214.216651,31.134595,10.275510,0.813831,10.062202,6.880342,3.029981,0.112920,301.769805,37.739396,335.205084,1735.168877
124.915597,15.622188,6.972559,0.633836,10.319054,7.996037,2.240524,0.151647,90.349179,10.971355,102.091176,541.958713
126.656100,23.849758,8.528991,0.657965,11.254764,5.310582,2.796316,0.164258,152.461492,25.073421,176.547252,1022.198980
207.075412,33.350710,10.521058,0.771047,23.979764,6.209026,3.169901,0.273706,1490.285152,1774.312530,3356.234170,41403.330060
162.719232,32.011316,7.739114,0.789587,14.736776,5.083178,4.136302,0.189752,433.590670,104.121400,545.675420,4136.899631
182.287651,27.958682,10.297583,0.629663,23.036630,6.519894,2.715072,0.280249,918.619829,1011.807086,1957.220984,23195.136046
183.392130,21.832050,8.774451,0.603097,10.241339,8.400133,2.488139,0.124214,158.410066,19.244107,176.024994,927.404486
201.632213,24.394335,8.417477,0.712327,19.859799,8.265534,2.898058,0.229720,714.424202,292.808205,968.975876,9899.788527
139.213105,21.346787,9.983069,0.622099,10.815752,6.521502,2.138299,0.150564,150.173113,20.700100,170.234936,947.203986
125.180916,23.792100,5.833547,0.600384,10.997014,5.261449,4.078496,0.161439,113.292008,19.823718,133.704819,756.414680
132.127816,28.072033,10.556515,0.786681,21.149331,4.706742,2.659214,0.302206,735.502234,1253.501417,1975.949685,21498.622210
212.209815,31.468914,11.120916,0.723117,11.127522,6.743474,2.829705,0.125464,333.762356,44.876951,374.735174,2145.166532
152.938041,25.687858,6.960776,0.836056,18.277254,5.953709,3.690373,0.242749,545.407429,374.501684,921.441235,8663.965130
197.778533,29.755032,12.804784,0.787945,21.911232,6.646894,2.323743,0.255906,1258.483736,1027.753180,2379.981015,26827.388246
187.227562,26.124584,9.712429,0.622882,10.280788,7.166719,2.689810,0.123409,192.125956,25.466518,217.935089,1152.634688
186.409577,24.414294,9.030404,0.760558,21.362357,7.635264,2.703566,0.256991,841.182971,643.920994,1510.740869,16602.643620
228.669831,27.320425,11.054771,0.739510,16.466412,8.369922,2.471370,0.178854,699.697616,110.235689,824.792717,6986.857605
212.359615,29.719437,8.825260,0.800309,23.656190,7.145479,3.367543,0.266632,1342.420955,1370.304437,2738.222634,33323.581392
208.747945,25.846851,12.328148,0.599227,22.614775,8.076340,2.096572,0.257090,1015.958144,681.239145,1704.653095,19831.994644
130.036234,23.168361,7.201528,0.750532,11.606043,5.612664,3.217145,0.167169,170.754762,27.546961,196.795536,1174.999032
138.013668,17.179993,4.268850,0.554948,22.752403,8.033395,4.024502,0.318105,324.996556,405.466981,722.691557,8458.987196
150.829917,27.425596,9.801990,0.789530,10.812492,5.499604,2.797962,0.144606,224.676205,32.015260,264.612511,1471.886387
213.578328,31.772131,11.271820,0.612593,15.593674,6.722191,2.818722,0.175256,553.202119,98.008818,663.927074,5326.070879
178.197119,19.642704,5.819929,0.562741,23.787363,9.071924,3.375076,0.292684,551.408932,577.130323,1068.632185,13077.136238
185.700379,33.604839,9.539692,0.594393,20.055994,5.526001,3.522634,0.241736,733.880416,464.818907,1189.761197,12275.582138
118.304919,13.948250,3.831805,0.681150,22.171005,8.481703,3.640125,0.334802,274.049473,333.842633,598.694997,6828.559841
123.437120,23.960220,11.907062,0.567818,21.253744,5.151752,2.012270,0.314207,523.839788,740.655645,1279.439764,13989.216389
145.048215,29.509561,12.005702,0.738704,11.103801,4.915296,2.457962,0.151432,244.162762,38.092963,281.314700,1606.949432
115.599084,15.757503,7.743592,0.725906,20.578579,7.336130,2.034909,0.314371,365.580527,468.898454,834.479173,8834.236057
127.636254,23.907817,6.986415,0.652938,22.878501,5.338683,3.422043,0.332617,528.753680,818.431276,1338.373733,15752.267124
177.783327,27.956095,7.040155,0.596603,15.745229,6.359376,3.970949,0.193958,355.110331,82.804893,458.508909,3713.939955
108.724441,15.510306,4.855450,0.567043,21.284266,7.009819,3.194412,0.335273,237.177206,287.885371,518.156055,5673.582379
80.946590,11.037611,4.663726,0.614419,15.070448,7.333706,2.366694,0.275125,84.351642,68.309928,159.506971,1236.641867
154.793811,20.210660,7.109010,0.790301,13.363853,7.659018,2.842964,0.176424,249.390146,37.419432,288.600969,1984.118429
148.130694,27.109832,9.705186,0.652074,21.210125,5.464095,2.793335,0.286236,647.251512,824.902739,1493.919777,16300.788747
105.630110,21.880107,7.809136,0.709166,13.418667,4.827678,2.801860,0.214447,177.533990,61.017242,243.183970,1678.736110
105.706721,19.342032,6.838610,0.703583,10.210519,5.465130,2.828357,0.163117,92.934687,14.191656,107.064273,562.380814
189.057889,31.823172,10.980626,0.798011,17.950424,5.940888,2.898120,0.214428,818.602159,288.683703,1057.991638,9770.010992
164.052443,28.866925,8.072511,0.665764,20.951414,5.683059,3.575953,0.268674,673.889396,706.246499,1389.427434,14975.706117
142.776109,16.220250,5.186763,0.783817,14.376992,8.802337,3.127240,0.197626,203.618536,39.109543,243.837184,1803.458183
208.726247,29.111191,8.573339,0.564288,23.646598,7.169966,3.395549,0.268834,931.605121,849.199843,1759.724699,21406.788058
162.197583,28.748311,12.482569,0.573208,12.168252,5.641986,2.303077,0.156931,261.172674,42.328794,297.728615,1863.746595
148.552786,31.036735,7.460583,0.575871,18.173375,4.786354,4.160095,0.244906,422.006695,301.648027,712.526386,6661.539991
80.357308,15.163870,6.818787,0.845343,17.851853,5.299261,2.223837,0.327095,217.832639,344.013914,557.901903,5123.647509
202.839490,29.040420,8.716264,0.823169,23.349740,6.984730,3.331751,0.269283,1273.146093,1382.080958,2617.375835,31440.268094
121.880401,26.246920,6.971472,0.740767,18.827255,4.643608,3.764903,0.280107,422.133271,584.642984,1005.542958,9739.254862
183.016274,22.328953,6.313749,0.812118,12.706926,8.196366,3.536560,0.154276,274.310378,34.900580,311.124520,2033.821497
149.467858,22.389251,6.073709,0.784322,20.756451,6.675876,3.686257,0.278858,550.243415,659.692146,1202.651645,12841.952443
154.234689,24.690600,9.121332,0.768719,12.878052,6.246697,2.706907,0.170319,282.089656,44.320015,338.548086,2242.893491
80.479187,14.323764,4.998440,0.758853,22.368853,5.618578,2.865647,0.409549,251.651536,136.544220,401.658049,4622.088832
207.684487,22.406820,8.238699,0.690316,22.130221,9.268807,2.719703,0.252225,824.301172,505.996551,1307.632023,14887.075723
135.267389,26.007915,9.620218,0.820718,14.444353,5.201009,2.703464,0.203988,352.319581,99.293619,452.844178,3364.999485
93.062739,16.189120,7.178014,0.741271,14.197753,5.748474,2.255376,0.241733,150.338234,83.448662,238.426826,1741.457369
155.735913,32.123402,11.689645,0.695618,13.472910,4.848052,2.748022,0.177325,365.366889,72.345398,438.418039,3038.700789
142.473438,15.656662,4.871921,0.686885,19.723428,9.099861,3.213652,0.271406,307.997339,254.714388,578.802141,5872.873444
149.118625,24.636451,7.476882,0.706290,16.864332,6.052764,3.295017,0.226833,384.226042,167.580530,546.067242,4737.545291
91.139358,18.282055,8.540614,0.597958,15.571663,4.985181,2.140602,0.267908,171.320271,153.821176,327.242870,2621.460371
153.419950,26.612358,6.535864,0.573221,13.866760,5.764989,4.071743,0.183881,224.299808,47.319008,272.952912,1947.156335
213.868109,33.908067,11.761748,0.659901,22.495375,6.307293,2.882911,0.252653,1241.094088,939.362533,2168.612197,25096.504281
170.862032,23.789363,6.742484,0.550147,16.853933,7.182287,3.528278,0.211779,325.399500,94.685927,420.206466,3643.360211
217.785356,26.824334,10.428025,0.593056,23.805917,8.118947,2.572331,0.264956,1071.334430,843.153330,1910.184955,23393.674338
154.339141,24.676463,12.227736,0.758438,12.820524,6.254508,2.018073,0.169501,317.555713,48.155793,370.535070,2443.842395
180.378285,21.213584,7.728673,0.820194,21.674919,8.502961,2.744790,0.265075,782.018400,677.631853,1514.430062,16886.700611
127.998208,26.677774,12.995870,0.695546,21.175301,4.797934,2.052789,0.307419,689.011250,1080.225548,1796.778849,19573.222475
116.674781,22.191849,9.042480,0.819845,16.710498,5.257551,2.454177,0.254100,361.504069,300.976745,661.096797,5683.194776
118.746413,25.811720,7.143556,0.678525,14.720968,4.600484,3.613287,0.221886,238.234455,103.591092,342.028180,2590.218341
94.534852,20.130467,5.237968,0.819971,19.192578,4.696108,3.843182,0.324221,297.764586,547.182543,841.396433,8307.533208
179.664974,32.035764,8.200841,0.619754,13.413369,5.608262,3.906400,0.164365,317.173288,57.617061,401.072982,2767.574871
97.413578,11.646528,4.765518,0.839953,19.958948,8.364174,2.443916,0.332148,230.969289,294.075124,522.544741,5365.364451
189.210484,28.352523,8.066335,0.650612,12.305349,6.673497,3.514920,0.146935,271.595113,40.559627,315.404304,1996.639420
177.603023,19.222667,9.327546,0.573107,22.975203,9.239250,2.060849,0.283164,659.829327,585.758000,1217.429285,14389.351015
221.486522,26.110240,8.644699,0.671215,12.482912,8.482746,3.020376,0.137767,322.599110,41.130619,357.690480,2297.002154
102.172305,11.933191,4.643750,0.787492,16.797513,8.562027,2.569732,0.272949,163.408413,140.018594,296.673496,2563.668318
155.570254,18.310627,7.332876,0.693173,16.011310,8.496173,2.497060,0.210847,297.627536,74.021889,376.778262,3103.493321
143.941527,17.324458,6.242745,0.692045,21.444225,8.308573,2.775135,0.293576,432.645645,484.467290,901.917536,9949.821459
143.504766,25.299138,11.256669,0.635168,20.530107,5.672318,2.247480,0.281489,602.411412,683.358530,1284.446630,13565.798858
225.877753,30.151761,9.964209,0.667431,23.091022,7.491362,3.026006,0.252354,1199.257651,839.945003,2012.624655,23908.044314
165.263943,29.499640,12.113236,0.807214,22.784250,5.602236,2.435323,0.291105,1151.739253,1712.835820,2952.668067,34608.874674
129.699172,13.702874,4.970714,0.617338,10.670127,9.465107,2.756722,0.153888,76.643255,8.910581,87.115035,478.190366
222.300250,30.376119,9.850220,0.715310,18.172648,7.318257,3.083801,0.200194,803.171129,192.891226,999.753229,9346.502672
106.966322,11.860013,4.468659,0.779509,21.637501,9.019073,2.654043,0.343627,265.022011,300.995897,576.219999,6414.067594
124.718464,17.394042,7.468477,0.682019,20.703166,7.170183,2.328994,0.304491,385.845396,479.227030,846.801739,9018.963118
128.342951,24.119550,9.915409,0.579856,16.800423,5.321117,2.432532,0.243578,320.296759,190.690311,514.950952,4450.657691
209.510644,25.438341,7.380754,0.845861,19.681522,8.236018,3.446578,0.223336,845.582579,326.631038,1130.680334,11448.184619
132.090507,24.006719,10.513566,0.653705,19.356957,5.502231,2.283404,0.276634,483.131387,522.195723,981.825959,9777.092017
148.992857,25.782387,11.658666,0.815591,16.984121,5.778862,2.211435,0.228541,558.961626,259.582429,836.393094,7307.883481
130.927583,27.552846,9.320850,0.716443,15.324527,4.751871,2.956044,0.219976,341.185653,140.273512,471.968119,3720.813087
113.808642,13.421925,6.051542,0.644443,23.952957,8.479308,2.217935,0.368787,353.021729,290.951800,642.845852,7921.439007
154.812312,17.220715,6.312220,0.658022,18.011444,8.989889,2.728155,0.237766,318.243390,137.214755,458.690808,4250.173629
110.760760,21.883388,8.496245,0.766521,18.006754,5.061408,2.575654,0.281026,358.688080,456.446211,818.558057,7582.685158
193.188104,22.622904,10.185900,0.585852,19.897677,8.539492,2.221002,0.235134,621.633327,257.745176,910.974852,9324.957781
221.708309,28.747974,8.831007,0.557650,17.197609,7.712137,3.255345,0.189706,537.913884,108.360756,655.744060,5801.503121
142.017078,22.573864,8.410758,0.773830,18.814723,6.291217,2.683927,0.259317,493.584419,420.050875,916.308826,8869.064202
144.081059,24.931383,9.671473,0.685906,13.441675,5.779104,2.577827,0.183930,267.637743,51.107459,315.456307,2181.376929
95.131690,12.042916,4.635394,0.800400,17.645705,7.899390,2.598035,0.297153,172.061888,203.025409,366.950329,3331.075024
107.291642,20.581766,6.366570,0.600776,11.767824,5.212946,3.232787,0.186602,107.305942,22.121084,128.373384,777.157892
224.092538,31.514286,8.010658,0.817122,22.247614,7.110824,3.934045,0.244103,1288.417023,888.167218,2264.140997,25913.436793
149.684696,26.073327,10.591065,0.591805,20.066916,5.740913,2.461823,0.269399,557.266251,527.049152,1125.797959,11621.955040
207.527299,25.626491,9.811555,0.685091,12.937061,8.098155,2.611869,0.147503,348.348516,45.199092,390.390010,2598.199097
89.071392,16.459471,4.413552,0.572105,16.350840,5.411559,3.729303,0.284560,121.762167,138.457876,258.877984,2177.575897
167.687469,24.888441,7.453388,0.781926,21.188381,6.737564,3.339212,0.268752,726.969686,749.824721,1451.623277,15823.035466
213.097995,22.583257,8.583403,0.607143,10.123483,9.436106,2.631038,0.113905,178.375936,20.688512,195.233857,1016.771066
145.633669,18.724002,5.375563,0.766054,22.391338,7.777914,3.483170,0.304756,515.209122,707.789627,1234.197949,14216.836716
174.234420,23.262678,7.145245,0.595791,11.786421,7.489869,3.255687,0.146662,182.823953,25.598547,209.445310,1269.961926
224.124219,29.592543,10.897593,0.776657,17.132441,7.573672,2.715512,0.187966,807.089610,151.935720,949.632866,8369.761493
78.789419,14.619398,4.219068,0.826166,21.163918,5.389375,3.465077,0.391621,230.976349,186.402690,431.601606,4699.127470
198.949980,30.495236,9.498062,0.573810,10.784723,6.523969,3.210680,0.125586,222.943704,33.048235,262.960615,1458.941262
119.112049,15.051392,4.847265,0.626879,15.984230,7.913690,3.105131,0.240557,159.940550,74.801835,231.759543,1905.756698
190.513191,32.458398,10.230919,0.745152,16.707586,5.869458,3.172579,0.198818,660.322453,170.113763,824.511645,7086.774488
100.709818,14.651589,6.924495,0.641635,23.788302,6.873645,2.115907,0.389342,350.168565,231.474563,562.919495,6888.867577
206.838818,25.029004,12.451152,0.689881,12.183036,8.263965,2.010176,0.139137,348.149126,42.221538,391.943129,2456.499582
108.091593,23.693312,8.393722,0.821459,23.280174,4.562114,2.822742,0.367785,636.008638,845.483115,1503.357568,18004.730176
133.860100,20.002672,9.331397,0.801714,19.882346,6.692111,2.143588,0.282258,528.647093,612.710347,1139.806636,11658.345186
151.964101,31.273360,11.560280,0.668390,22.152603,4.859219,2.705242,0.295160,860.765568,1288.926099,2150.696975,24509.931316
164.380314,27.198719,10.951454,0.633919,21.060980,6.043678,2.483572,0.269810,725.206152,699.691174,1448.757076,15696.840967
173.376481,22.751229,6.046169,0.729353,10.205601,7.620532,3.762917,0.127305,154.269719,19.488724,175.024963,918.917871
170.814732,28.719544,10.660517,0.704083,17.563948,5.947683,2.694011,0.220731,592.566506,227.232893,799.224517,7221.526946
130.735909,23.440023,5.993796,0.669461,10.479119,5.577465,3.910714,0.150533,118.824362,18.606852,139.542911,752.264671
175.103565,22.300746,6.807911,0.811141,18.105739,7.851915,3.275710,0.224736,526.536198,204.509035,730.266664,6801.987585
199.321964,23.015750,8.797516,0.663311,13.433880,8.660242,2.616165,0.156289,314.655728,40.988499,358.891361,2480.290583
139.051751,15.264372,5.792565,0.560351,13.793843,9.109563,2.635166,0.192132,139.447146,23.690195,160.750593,1140.711929
121.824758,19.380712,7.258288,0.673239,22.288740,6.285876,2.670149,0.331682,448.239629,620.815435,1119.529485,12836.870311
139.468395,30.136348,7.895518,0.745876,21.429267,4.627913,3.816893,0.298039,697.118120,1199.199912,1857.162800,20473.656219
174.288728,20.773029,6.920128,0.644060,23.916984,8.390145,3.001827,0.297561,682.167266,793.362302,1522.146836,18728.416591
152.623843,30.986885,10.978363,0.796232,14.650648,4.925434,2.822541,0.194782,456.302973,113.448809,574.040204,4326.505509
148.276497,18.255959,7.287827,0.709859,14.538013,8.122087,2.504994,0.196098,242.232976,46.250003,289.465470,2164.910420
151.548005,20.229407,8.689801,0.694816,23.821410,7.491470,2.327948,0.317831,703.889860,934.693312,1671.675229,20486.014245
197.460749,27.554305,7.987537,0.693042,15.023626,7.166239,3.449662,0.175605,425.503670,72.399233,508.335031,3928.826978
217.848925,23.700344,10.717649,0.734601,17.907742,9.191804,2.211338,0.199281,713.708806,142.946999,857.226288,7897.223153
156.703475,22.534344,10.268023,0.733166,10.111325,6.953984,2.194614,0.132670,174.839132,21.430584,196.528329,1022.283482
138.114715,27.637130,9.197960,0.589534,22.125638,4.997433,3.004702,0.309228,598.263359,910.433458,1532.277624,17440.999332
156.281198,20.759962,5.459400,0.550780,23.133551,7.528010,3.802609,0.303943,460.582717,574.349487,1008.285676,11999.523770
83.985750,15.061915,7.021019,0.653060,15.099243,5.576034,2.145260,0.270618,132.259243,118.602996,257.248248,1998.230997
158.437031,22.860184,6.983949,0.598762,11.125761,6.930698,3.273246,0.145179,148.812299,21.221453,166.588074,953.480306
185.651207,25.367889,10.406980,0.811632,18.725481,7.318355,2.437584,0.225729,760.193429,305.610683,1057.538930,10187.496076
103.737033,15.149057,4.762855,0.705145,19.504093,6.847755,3.180667,0.314530,228.395630,308.832123,539.180384,5410.008619
167.573178,27.897090,9.271458,0.577555,19.266580,6.006834,3.008921,0.244459,541.007347,330.866429,866.557648,8588.952268
169.730948,18.351725,6.111978,0.766738,19.798170,9.248773,3.002584,0.249602,485.446644,289.592676,775.182889,7895.276266
200.592538,29.746154,7.288062,0.804024,12.974024,6.743478,4.081490,0.150460,388.772299,56.330745,442.624855,2954.259187
155.322857,25.886329,12.812318,0.822413,21.209769,6.000189,2.020425,0.279526,930.095620,1144.441019,2056.805559,22442.295384
187.284440,25.831526,11.821396,0.561876,13.558400,7.250227,2.185150,0.162728,330.005135,49.454312,367.415988,2562.740303
96.295188,21.077525,9.908852,0.556380,18.046091,4.568619,2.127141,0.302054,261.091793,357.452662,627.871634,5828.973835
192.411422,27.906430,9.455166,0.718370,15.597000,6.894878,2.951448,0.184684,499.328095,93.451855,563.629544,4522.441201
197.364320,32.578265,12.122118,0.641914,17.059744,6.058159,2.687506,0.199454,667.172956,167.820462,833.829403,7317.922770
85.699938,18.733442,7.342523,0.746775,13.535798,4.574703,2.551363,0.240158,141.095809,85.539064,226.571638,1577.711262
109.363702,21.780855,8.344937,0.559067,11.257638,5.021093,2.610068,0.176813,111.600342,20.827418,131.021852,758.803112
192.107862,22.124391,8.146325,0.609281,23.187759,8.683080,2.715874,0.274783,747.530674,654.537352,1403.940423,16747.329635
137.519386,27.034474,8.887330,0.593300,11.637192,5.086816,3.041912,0.162993,174.528939,30.655498,211.539668,1266.421102
190.990015,20.945000,6.097607,0.624743,23.300093,9.118645,3.434954,0.276921,650.582190,594.736791,1200.103002,14385.146411
131.278655,25.593998,12.072802,0.840784,23.552595,5.129275,2.119972,0.337633,966.506063,1631.208968,2634.551653,31921.521980
156.244193,24.465511,8.987552,0.810930,22.053710,6.386304,2.722155,0.289790,817.094943,1123.897672,1999.580024,22686.032368
125.375845,17.849923,5.249774,0.730772,17.875792,7.023887,3.400131,0.262218,271.783158,225.228150,488.433383,4491.679151
181.015784,27.301313,11.565330,0.555706,16.755137,6.630296,2.360617,0.204547,479.312060,122.169623,589.336164,5079.829980
150.943713,25.138854,12.038045,0.692285,16.838912,6.004399,2.088284,0.225118,480.302614,191.324238,671.414366,5816.245981
126.579049,14.355388,5.208823,0.727374,15.595507,8.817529,2.755975,0.227679,184.969417,64.201592,248.588301,1994.427654
66.189925,10.230165,4.771101,0.749583,20.184418,6.470074,2.144194,0.407497,141.059716,68.397131,210.604113,2186.861016
126.761678,24.521217,8.632911,0.839592,18.985794,5.169469,2.840434,0.276974,526.181271,684.953772,1164.692744,11375.702634
63.506581,12.919279,5.480824,0.783908,18.584364,4.915644,2.357178,0.383038,147.221182,129.264969,274.480297,2624.200372
116.800914,17.518824,6.922713,0.681045,16.445011,6.667166,2.530630,0.249928,228.592034,142.015160,364.649118,3084.945155
183.625871,25.602122,6.779122,0.665191,16.213494,7.172291,3.776613,0.196523,397.188760,89.884581,472.347076,3939.816001
186.878933,20.281585,9.229980,0.566582,22.522961,9.214217,2.197360,0.270613,670.793713,510.757513,1159.596322,13436.013365
160.708921,30.638317,8.278212,0.586898,12.363095,5.245357,3.701079,0.160181,230.494820,41.629002,271.692573,1727.997417
144.024883,18.886363,9.125965,0.735173,17.362152,7.625867,2.069520,0.237623,386.957089,180.949131,573.590607,5123.228208
173.094192,31.678685,9.600849,0.844657,21.261699,5.464059,3.299571,0.265436,1049.760551,1199.684862,2178.938522,23833.128723
162.429002,24.013309,7.567686,0.554048,21.717872,6.764124,3.173138,0.279891,534.756314,555.345073,1064.265146,11890.639338
183.458663,23.527617,10.822692,0.599014,22.946174,7.797588,2.173915,0.278256,831.384797,778.280862,1628.746159,19226.569344
197.653710,26.549130,10.560073,0.662708,12.543078,7.444828,2.514105,0.146540,323.322202,43.620389,364.324823,2350.882869
147.772523,32.366505,9.202148,0.636823,21.739293,4.565600,3.517277,0.293733,717.082597,1104.961190,1840.189196,20580.029633
156.254285,20.502953,6.722051,0.603996,20.446007,7.621062,3.050104,0.268656,428.988028,358.599940,779.146069,8195.311997
120.879250,23.623894,6.367675,0.587721,12.024380,5.116822,3.709972,0.179635,131.638124,26.491045,153.955814,952.350641
185.761660,25.634438,6.261340,0.768998,10.330917,7.246567,4.094082,0.124499,194.061718,25.187965,223.295901,1186.745839
195.250610,31.302657,8.757313,0.559573,22.715977,6.237509,3.574459,0.267017,852.110234,808.989871,1657.067287,19364.650872
171.919410,25.249354,12.320249,0.621630,15.277817,6.808864,2.049419,0.191383,417.472836,82.330769,492.933122,3874.248042
178.662362,32.339312,12.910175,0.797802,14.467893,5.524618,2.504948,0.177784,562.364693,103.173145,687.841052,5119.546361
156.668492,30.537142,7.811379,0.814969,15.251839,5.130424,3.909315,0.200141,450.346018,127.848599,588.421107,4616.879848
168.316868,27.084116,11.321942,0.580057,13.085897,6.214597,2.392179,0.165670,287.392964,46.798100,336.138160,2262.869118
229.651294,27.100854,11.843138,0.663092,19.031138,8.473950,2.288317,0.206269,863.220718,207.595484,1068.231307,10458.470295
162.018248,24.103797,9.580341,0.642884,16.255244,6.721690,2.515964,0.209756,391.497076,107.958247,492.164399,4115.681869
149.177726,22.114815,9.732837,0.775590,12.676599,6.745601,2.272186,0.170473,260.127477,38.181118,285.487047,1861.775351
153.003299,33.366217,12.570065,0.587201,19.236359,4.585575,2.654419,0.255432,644.490350,547.422255,1216.994363,12043.411999
147.022034,18.869887,8.217101,0.778265,20.605908,7.791357,2.296417,0.279128,543.381975,561.583136,1079.829969,11446.830177
147.901558,25.747443,8.364644,0.605839,11.518287,5.744320,3.078128,0.155563,175.401255,28.063310,196.750295,1165.846555
208.852058,32.995637,8.954655,0.609291,20.247612,6.329687,3.684747,0.230122,813.315438,387.706176,1218.446134,12691.654922
145.831345,31.907885,9.439457,0.639601,19.229410,4.570386,3.380267,0.261544,566.424237,565.055780,1136.740888,11245.157404
174.558078,32.655021,9.878148,0.728472,20.059865,5.345520,3.305784,0.249380,835.417550,662.431827,1530.365280,15792.875657
87.205501,17.647454,7.801905,0.563953,19.312421,4.941534,2.261942,0.339679,221.622762,292.481148,503.913228,5006.458042
227.441377,31.336118,12.608463,0.610869,19.970439,7.258122,2.485324,0.217499,974.325090,318.562076,1314.604236,13505.813208
214.693653,29.844914,8.423401,0.723452,19.206834,7.193643,3.543095,0.215303,812.202986,271.750965,1069.247190,10565.061176
104.752058,22.542493,6.091575,0.575504,18.953237,4.646871,3.700602,0.304163,256.217021,384.617499,634.653020,6188.107471
119.923903,25.742462,9.392775,0.804229,17.710537,4.658603,2.740666,0.265633,448.475366,497.455713,936.439575,8531.975230
125.215852,21.979096,8.589223,0.780113,23.764724,5.697043,2.558916,0.348824,687.759118,986.396230,1681.298218,20554.912860
197.116897,32.360820,9.278854,0.661870,16.372056,6.091221,3.487588,0.191534,560.501401,127.975073,678.785986,5717.079127
156.472532,27.085559,7.862275,0.690611,11.657934,5.776973,3.445003,0.153076,212.094571,33.113761,245.377122,1471.613462
159.612027,33.858362,8.975092,0.642447,15.350489,4.714109,3.772481,0.199569,408.996801,118.742928,523.641054,4135.176026
139.890104,25.972539,12.136378,0.769186,15.282911,5.386077,2.140057,0.212235,420.060705,134.954616,572.490840,4501.038610
180.481130,27.550950,11.721233,0.565357,10.419000,6.550813,2.350516,0.127384,200.760068,28.273851,237.658836,1273.849448
178.845221,19.839268,7.994998,0.763632,20.082624,9.014709,2.481460,0.246652,611.223032,342.137129,936.740092,9677.822719
152.525818,28.148119,8.459206,0.828012,22.697361,5.418686,3.327513,0.301861,920.120897,1581.083757,2550.274882,29778.338473
204.890311,29.114329,9.729325,0.762809,22.469152,7.037439,2.992430,0.257828,1152.547800,966.269767,2087.172509,24125.878332
177.511546,28.975615,12.035606,0.786485,17.798805,6.126239,2.407491,0.219422,741.064936,277.736186,1013.958779,9284.301977
122.777182,13.638229,4.416096,0.671940,18.010538,9.002429,3.088300,0.266976,197.984714,147.083921,351.694857,3258.598149
220.280111,24.871410,10.582002,0.701004,15.243776,8.856760,2.350350,0.168697,520.175009,71.871073,592.797402,4648.758224
133.444277,17.001517,7.772031,0.609684,12.508993,7.848963,2.187526,0.177859,146.911452,21.890536,163.058053,1049.307351
94.083382,10.433671,4.256321,0.706041,19.635324,9.017284,2.451335,0.332495,164.085339,180.501441,354.878996,3584.730124
144.848629,25.059332,8.550225,0.629013,14.428221,5.780227,2.930839,0.196906,269.791223,63.668760,334.304919,2481.382244
82.993618,15.276761,6.138296,0.690987,21.811105,5.432671,2.488762,0.393241,256.991314,181.403597,430.319124,4828.435461
146.181004,30.776835,12.006680,0.682780,15.633958,4.749709,2.563309,0.212387,444.909132,154.395993,601.578473,4838.372874
226.524454,27.683083,8.244494,0.554223,18.673094,8.182775,3.357766,0.203780,603.969654,147.730932,747.676260,7182.373474
117.295074,25.355443,11.151309,0.781805,15.353134,4.626031,2.273764,0.232842,350.358615,191.315367,529.258730,4180.258772
184.464128,27.993241,12.782886,0.687707,23.611446,6.589595,2.189900,0.285542,1166.396878,1385.906411,2550.176424,30976.397918
179.598946,32.936429,9.663950,0.599095,14.754388,5.452897,3.408174,0.180831,400.809607,83.746867,471.378092,3577.904087
175.727682,26.487829,8.306132,0.558287,20.301405,6.634280,3.188949,0.251541,558.987223,377.376884,933.938982,9753.999034
219.998384,26.495793,7.123943,0.840855,18.793458,8.303144,3.719260,0.208114,815.310132,224.279494,1058.110710,10230.006400
186.905697,33.433050,8.123629,0.671749,18.143447,5.590447,4.115532,0.217978,638.699750,255.038554,887.670888,8285.331266
132.358403,22.774261,5.837376,0.821862,12.519881,5.811754,3.901455,0.178743,201.808314,36.415714,236.764892,1524.949984
165.296000,30.591068,12.633549,0.720665,18.141364,5.403407,2.421415,0.231762,700.651000,357.971901,1040.698814,9712.546465
115.035632,19.479324,8.458473,0.559927,16.722468,5.905525,2.302936,0.256087,233.783979,162.688736,400.578505,3446.086021
123.318378,14.408937,6.124902,0.557513,15.829131,8.558465,2.352517,0.234124,162.576350,60.772312,228.864451,1863.689373
129.565070,18.529626,6.588984,0.815543,22.491029,6.992320,2.812213,0.324541,539.965781,810.295433,1386.066079,16037.304257
140.786206,25.160617,11.093450,0.797661,22.422282,5.595499,2.268061,0.310387,845.482787,1371.006922,2146.143064,24755.778661
150.840596,20.184925,8.164544,0.711390,14.491951,7.472933,2.472266,0.193808,272.768843,52.495376,324.753041,2421.130457
162.038201,23.848847,8.864150,0.754235,22.568947,6.794383,2.690483,0.291210,801.792358,1043.343428,1936.482486,22483.451212
123.196045,16.161980,5.031756,0.800420,23.342736,7.622584,3.211996,0.345428,448.666471,588.507475,1053.380618,12649.553318
145.238112,24.175066,7.198167,0.569292,10.942008,6.007765,3.358503,0.149128,134.442043,20.966743,153.434182,863.688754
152.579006,25.415760,12.258507,0.831553,21.589850,6.003323,2.073316,0.287082,927.944165,1258.121338,2174.991102,24157.123316
123.066853,24.616872,8.458298,0.553505,15.195322,4.999289,2.910381,0.224980,230.285969,97.119510,332.306322,2597.685719
101.673338,18.300868,6.518276,0.569804,13.799500,5.555657,2.807624,0.224783,125.641966,47.893787,172.567234,1225.066863
211.895793,23.364848,8.513837,0.622421,12.295548,9.068999,2.744338,0.138736,264.312438,32.694682,301.198755,1905.193803
129.130774,27.514127,8.732552,0.648897,21.551192,4.693254,3.150755,0.311501,567.296590,928.612673,1489.065463,16509.092124
114.289940,20.601754,9.134455,0.701456,11.780325,5.547583,2.255390,0.180991,153.716902,27.202116,185.695214,1125.371933
120.120890,18.966227,8.435068,0.721629,18.082216,6.333410,2.248497,0.270985,338.093171,320.850763,654.858641,6091.683468
186.470347,24.391377,7.146336,0.760494,13.391919,7.644929,3.413130,0.161080,317.711975,44.653720,355.228429,2447.308098
148.977829,22.868890,10.163391,0.656334,23.457220,6.514432,2.250124,0.315660,740.081732,1019.479693,1740.058480,20998.026691
107.169903,13.444938,5.357997,0.758957,10.126394,7.971022,2.509322,0.160665,72.619166,8.609403,84.468013,440.032954
175.331069,21.659370,9.702185,0.728621,10.245461,8.094929,2.232422,0.127088,187.017120,21.411006,205.100539,1081.026681
155.854072,26.794086,10.654057,0.597745,16.786077,5.816734,2.514919,0.220848,422.777496,155.610236,592.400700,5115.674145
137.954010,20.277517,10.056069,0.741140,11.045006,6.803299,2.016446,0.154455,175.164563,22.582818,197.472454,1122.045777
199.059751,26.164953,12.905017,0.617959,16.396698,7.607877,2.027502,0.190883,562.033878,106.437019,679.872233,5734.846670
154.506972,29.448768,12.150035,0.658015,13.897291,5.246636,2.423760,0.183637,356.354582,72.222721,418.866883,2994.637703
196.539630,29.534587,11.774442,0.550208,11.354858,6.654558,2.508364,0.133033,257.983924,37.530482,301.297987,1760.013704
145.644474,17.142123,6.359527,0.847077,10.265896,8.496292,2.695503,0.139718,134.473263,14.298013,153.489760,810.614505
131.642616,24.852919,9.920854,0.831618,10.839488,5.296867,2.505119,0.155172,201.085305,28.902965,229.916293,1282.084448
185.894337,31.721658,12.058956,0.651726,11.290360,5.860171,2.630548,0.136012,290.802181,43.242782,334.519373,1942.974756
144.940351,26.984965,9.673522,0.746626,18.538417,5.371152,2.789570,0.252919,555.849712,451.200915,974.674254,9295.446504
139.263494,27.609505,10.812542,0.773180,23.244472,5.044042,2.553470,0.323523,904.296014,1570.817801,2443.114488,29214.712321
99.543067,18.228621,7.810589,0.803236,15.051654,5.460812,2.333834,0.247789,212.837295,145.696253,346.391497,2682.190074
165.604556,31.153896,10.712156,0.776600,10.750829,5.315693,2.908275,0.137217,265.215464,38.716309,300.837714,1663.842979
127.970356,28.331089,9.310987,0.601236,14.361820,4.516959,3.042759,0.208525,257.981976,83.718271,355.007182,2622.918124
106.555655,15.614533,7.568889,0.630822,19.753047,6.824134,2.062989,0.314304,276.942448,339.776115,655.913223,6665.282792
78.034115,14.149562,5.879658,0.787322,10.104823,5.514949,2.406528,0.187884,61.332678,11.026269,71.321097,370.753150
153.715187,24.623238,6.161439,0.673090,15.108123,6.242688,3.996345,0.200150,284.034648,71.992634,362.527821,2817.668916
108.234913,20.397874,7.007949,0.765042,18.175801,5.306186,2.910677,0.286955,315.430726,423.799851,748.703892,7000.704741
172.768257,32.825108,11.231123,0.811018,21.059555,5.263296,2.922692,0.263161,1069.401233,1152.593266,2185.852284,23681.440344
151.983401,27.790379,7.794515,0.590175,20.615144,5.468921,3.565377,0.274658,530.052810,584.380700,1111.041973,11782.974957
168.159373,30.434748,11.512539,0.682981,10.138723,5.525243,2.643617,0.128418,217.166211,31.684541,250.663989,1307.414525
224.942852,27.474161,9.611673,0.616257,18.324132,8.187433,2.858416,0.200674,674.964838,152.192539,825.195088,7778.899374
162.365520,19.231351,8.441093,0.845127,21.032716,8.442752,2.278301,0.271114,684.049064,641.872535,1303.605150,14105.208938
135.993929,28.657633,11.767230,0.847212,19.215023,4.745470,2.435376,0.270635,721.369166,894.214340,1643.931961,16250.354757
79.011466,14.695949,4.386713,0.679967,14.421076,5.376411,3.350105,0.266475,94.231448,85.550713,180.329030,1337.831534
147.494686,26.559782,10.175894,0.606834,18.019900,5.553309,2.610069,0.243707,453.168751,276.084034,720.525065,6679.432764
182.812843,23.198940,8.216564,0.589647,13.989851,7.880224,2.823436,0.169947,277.989333,42.363163,322.534618,2321.279954
135.770334,25.309664,9.199289,0.617577,22.423318,5.364367,2.751263,0.316083,598.438221,896.503285,1465.762429,16908.363317
182.245579,19.711665,7.808432,0.663953,18.885241,9.245570,2.524407,0.229772,480.575582,175.569841,665.803538,6468.547090
115.565584,22.007127,7.968777,0.573792,23.580017,5.251280,2.761669,0.360274,468.075442,547.276528,1063.954076,12906.399574
203.662951,23.764476,11.382103,0.571663,13.538543,8.570058,2.087881,0.155819,337.768086,44.983283,394.686906,2748.924208
133.178216,16.337465,7.093228,0.618589,18.885678,8.151706,2.303248,0.268794,299.853145,229.347150,522.280076,5074.276641
166.675844,27.514860,12.579331,0.715848,14.800063,6.057666,2.187307,0.188292,452.106835,89.855018,519.134464,3952.587942
174.318711,33.529333,10.948774,0.715076,12.002628,5.198991,3.062382,0.149317,331.222873,53.431248,387.798877,2394.534050
101.317444,19.882187,8.053524,0.577431,21.150148,5.095890,2.468756,0.345124,327.220490,428.739045,748.146596,8140.259068
207.866826,28.812684,9.287490,0.714473,11.449137,7.214421,3.102311,0.130432,300.555751,39.870107,345.230860,2033.389050
148.567877,28.320791,8.507505,0.579173,16.253718,5.245894,3.328918,0.219025,344.186426,131.995429,495.502186,4143.204807
102.511781,17.250984,4.935775,0.788478,11.601863,5.942373,3.495091,0.188211,105.238844,20.222464,125.478951,748.922222
202.470125,32.587291,11.306945,0.837332,13.025401,6.213162,2.882060,0.150354,513.952024,72.712115,567.162131,3800.462399
99.875488,12.688786,3.876435,0.649384,19.765776,7.871162,3.273314,0.324854,173.397175,209.834430,392.048380,3986.498877
226.609974,27.527572,9.937151,0.778901,13.173328,8.232109,2.770167,0.143734,459.618680,56.970828,517.994712,3510.418872
197.312116,25.061660,7.087136,0.697161,23.229649,7.873067,3.536218,0.271625,872.484131,847.845552,1678.321595,20056.536576
175.737156,20.357489,4.997997,0.773852,13.825168,8.632555,4.073129,0.171294,255.076387,36.927982,299.539253,2130.405471
212.664085,26.982677,7.732015,0.795061,22.239576,7.881504,3.489734,0.250486,1063.238798,762.037182,1840.962782,21062.485873
175.830690,26.522230,8.405165,0.703747,19.975802,6.629559,3.155468,0.247435,665.565792,443.026278,1151.410252,11832.388576
167.396314,24.170704,8.884166,0.571090,20.782048,6.925587,2.720650,0.263827,561.344761,449.598072,971.000679,10381.162586
204.969396,27.797834,10.194243,0.842006,22.940790,7.373574,2.726817,0.263189,1318.087475,1236.952616,2618.497765,30902.860551
154.760261,30.024141,7.545686,0.817831,12.051935,5.154528,3.978981,0.159122,281.147701,46.483230,321.281590,1991.960456
135.467386,19.412451,6.865963,0.585161,15.859727,6.978376,2.827346,0.223811,225.254107,78.867077,318.461336,2598.307380
142.219156,15.013522,3.713657,0.679553,18.318252,9.472738,4.042786,0.252295,231.906578,138.531134,363.751725,3427.892509
86.248711,18.028537,5.569079,0.752425,14.107006,4.784011,3.237257,0.249495,134.211359,100.327002,236.218955,1714.303492
217.382838,29.974183,8.485562,0.722432,11.904267,7.252336,3.532375,0.132615,335.634790,45.645598,382.225075,2340.776530
131.378344,23.189720,8.145479,0.687298,15.337433,5.665370,2.846944,0.219783,281.450908,103.460044,385.008780,3037.815653
228.211390,31.135319,12.915411,0.592331,18.989029,7.329663,2.410711,0.206461,876.468960,228.455203,1117.789987,10919.457824
108.008996,13.250799,5.534786,0.834620,22.087639,8.151131,2.394094,0.349078,348.815142,413.126673,746.295633,8480.047960
195.219095,31.765116,9.087033,0.669044,22.728137,6.145707,3.495653,0.267181,1019.630711,1031.221335,2043.289914,23890.867959
190.494726,21.369449,5.414671,0.732544,17.889038,8.914349,3.946583,0.212887,444.380695,125.558683,572.049485,5264.518825
222.743644,25.957046,10.949375,0.550509,19.995624,8.581240,2.370642,0.220057,753.268811,234.110377,944.972116,9720.577409
190.964004,26.160106,9.668828,0.638168,17.745785,7.299818,2.705613,0.210923,554.486053,155.485265,696.563024,6359.072037
202.813314,32.322733,8.955735,0.745816,18.257916,6.274634,3.609166,0.210575,780.706130,253.293510,1043.340825,9799.761397
210.808019,27.563387,10.412160,0.616138,19.701215,7.648117,2.647231,0.222871,761.421280,269.511153,1009.223065,10228.649420
215.879214,28.033702,7.310152,0.742492,23.166104,7.700703,3.834900,0.258971,1086.437749,916.243607,1974.332004,23529.423922
174.793410,30.320451,10.045998,0.587711,15.107429,5.764868,3.018162,0.187686,391.524082,84.482857,451.111921,3506.008551
199.766519,30.198459,8.094172,0.719885,13.070497,6.615123,3.730889,0.151892,365.741820,55.240821,422.525891,2841.080571
182.421914,32.095612,9.364730,0.703531,12.020005,5.683703,3.427287,0.146174,310.579992,48.638003,356.403379,2203.862875
133.393220,25.835481,7.048679,0.742504,22.820537,5.163179,3.665294,0.324536,651.963819,1137.096544,1821.602831,21385.414192
193.615557,33.458691,10.833775,0.602454,23.040766,5.786704,3.088369,0.271976,1054.265771,1117.442613,2187.832379,25932.778933
191.625050,28.567593,9.938670,0.717805,21.743429,6.707777,2.874388,0.257992,961.513235,791.951051,1743.790015,19505.645734
202.234591,25.269996,6.985248,0.737513,13.037908,8.002953,3.617623,0.150586,318.339685,42.703848,366.794558,2460.191361
156.113612,31.548391,10.913751,0.727287,22.189971,4.948386,2.890701,0.291702,934.650281,1422.295851,2358.845177,26927.391121
220.830894,32.218590,12.787983,0.841543,18.330511,6.854145,2.519443,0.202604,1106.554308,284.123433,1408.573301,13282.876154
129.013011,23.483478,11.707861,0.644496,15.917191,5.493778,2.005787,0.230172,340.032614,150.776108,493.853936,4043.924641
147.163220,24.116907,7.528532,0.550263,12.178769,6.102077,3.203401,0.164895,165.016539,27.599229,197.235549,1235.738820
210.814599,33.352316,12.899972,0.637352,22.347389,6.320838,2.585457,0.252802,1217.435751,897.148638,2122.259867,24398.518811
76.737983,10.720726,3.651215,0.771527,17.546868,7.157909,2.936207,0.329002,115.022359,149.343702,258.107431,2329.905050
76.002943,16.241409,5.381534,0.627920,14.447432,4.679578,3.017989,0.272194,98.720647,99.859556,202.815823,1507.407238
164.174171,31.018237,9.615267,0.611744,11.142579,5.292827,3.225936,0.142836,214.981098,35.112381,250.573331,1436.344647
160.147199,17.877914,8.454563,0.557032,22.297323,8.957824,2.114588,0.289399,511.999075,484.405735,1030.789543,11823.902301
60.140045,13.012852,6.329635,0.676788,13.106147,4.621588,2.055861,0.277585,69.243757,71.981935,139.609804,941.302156
157.853203,33.710110,10.975451,0.813796,14.808410,4.682667,3.071410,0.193591,516.343094,131.267613,641.210647,4884.805439
161.501920,26.111647,6.438939,0.676440,20.545975,6.185053,4.055272,0.265547,559.965855,546.429610,1127.089616,11913.059696
158.617485,27.014390,10.477099,0.809181,23.135035,5.871592,2.578423,0.301716,1022.691961,1616.569169,2701.705443,32154.833419
174.685125,26.809820,7.285719,0.826175,10.978123,6.515714,3.679777,0.136428,242.398997,32.194482,281.548979,1590.084262
197.451147,24.054511,6.202386,0.707652,10.663072,8.208487,3.878267,0.124640,190.094477,23.922203,209.786610,1150.795610
114.715911,25.251728,6.107096,0.778055,22.139641,4.542894,4.134818,0.339518,532.838296,966.793154,1451.883968,16536.385245
129.257354,17.508069,4.574502,0.792250,18.816778,7.382731,3.827317,0.271845,313.937226,317.549419,629.469856,6093.380527
113.962294,21.584828,9.857528,0.758162,21.720004,5.279741,2.189680,0.334182,550.422790,854.875944,1380.254187,15422.582020
196.422052,33.241269,8.786718,0.745947,13.724751,5.908982,3.783127,0.160847,449.429408,74.722478,527.236758,3722.616076
177.667887,21.106557,7.411354,0.629781,15.878982,8.417663,2.847868,0.195669,328.285384,64.250125,387.905764,3168.742817
134.515181,25.996407,12.511864,0.835353,18.761397,5.174376,2.077740,0.265695,656.322853,697.461695,1355.232686,13080.283106
162.402957,26.340822,11.569931,0.719726,22.115531,6.165448,2.276662,0.285039,885.517157,1088.926867,1957.759570,22273.826722
222.319049,25.608993,9.676725,0.566525,17.371390,8.681288,2.646452,0.191359,547.839252,102.928171,669.571110,5983.693939
214.243094,31.576865,12.008241,0.570173,13.619234,6.784812,2.629600,0.152828,418.677081,64.601782,501.104496,3510.905017
86.590462,12.701265,5.969989,0.599534,11.056402,6.817468,2.127519,0.195156,60.059284,11.053002,72.019065,409.637217
95.400520,14.233209,5.079332,0.617732,15.882495,6.702671,2.802181,0.267083,127.876984,101.498238,229.265496,1873.249074
128.080124,26.818924,10.009168,0.557751,20.982836,4.775737,2.679436,0.304528,499.431182,731.990625,1256.933175,13567.957424
121.667873,18.040765,8.243985,0.650255,18.970410,6.744053,2.188355,0.282483,330.343274,337.715802,649.075710,6334.468371
139.120171,19.602018,6.709829,0.644527,15.923356,7.097237,2.921389,0.221740,249.819183,84.965918,331.120883,2712.434613
129.054464,20.678584,8.368067,0.812803,21.984004,6.240972,2.471130,0.317851,606.927719,949.486312,1571.145869,17768.935357
202.763724,30.080729,12.512641,0.788663,17.962219,6.740652,2.404027,0.207190,881.639982,244.837792,1170.897908,10819.747458
222.425749,26.791926,12.098852,0.797452,16.565865,8.301969,2.214419,0.182442,767.013716,123.323259,878.784370,7489.184653
221.343955,31.251236,11.546531,0.828436,16.872923,7.082726,2.706548,0.186277,877.612270,165.252461,1024.866041,8896.015348
112.088777,19.969702,6.415453,0.600892,18.605438,5.612942,3.112750,0.288644,259.260282,311.536256,569.441635,5450.385396
136.992095,21.292936,8.981996,0.576559,20.542309,6.433687,2.370624,0.288274,439.662116,485.820410,947.946289,10017.770913
138.083276,23.547341,10.323107,0.812780,19.016144,5.864071,2.281032,0.265800,579.775974,576.629054,1155.845500,11307.337341
200.309736,22.573189,6.774789,0.658276,10.120408,8.873790,3.331940,0.117449,162.141916,19.424733,182.380334,949.541935
213.894883,23.227748,6.109633,0.585368,19.900596,9.208593,3.801824,0.223496,536.630586,182.531969,732.192555,7495.998506
142.368045,29.117146,10.757460,0.671776,17.288734,4.889492,2.706693,0.237991,477.101108,283.748605,753.725026,6703.694842
158.202443,27.060430,9.613748,0.689393,17.536594,5.846265,2.814764,0.229004,500.636918,229.495634,734.667767,6627.875585
123.134440,27.119207,6.853395,0.823224,10.143275,4.540488,3.957047,0.150138,152.369070,24.455313,173.672709,906.249676
178.798414,24.745867,11.212625,0.775351,21.839361,7.225385,2.206965,0.268264,959.590296,905.456287,1897.787461,21321.885884
125.581397,15.917423,7.447414,0.680800,15.975916,7.889556,2.137309,0.234157,227.754936,92.200041,316.049383,2597.519555
195.715398,27.878406,11.257203,0.760212,20.060655,7.020322,2.476495,0.235525,927.363006,472.161741,1388.301432,14327.386678
165.357930,18.765318,6.773008,0.821042,17.576140,8.811891,2.770603,0.224499,430.876439,151.904371,597.967429,5406.785478
201.627399,30.528097,7.448752,0.610099,11.398062,6.604650,4.098418,0.131844,237.723832,36.262928,275.292777,1614.224451
105.149667,19.527831,6.435044,0.672049,13.810793,5.384606,3.034607,0.221217,152.831323,57.282221,215.381532,1530.259830
188.480723,25.936540,7.928931,0.739360,14.693648,7.266996,3.271127,0.175792,401.270472,65.940814,464.119406,3508.306092
210.955555,33.405512,10.324556,0.671719,16.941330,6.314992,3.235540,0.191582,684.456345,153.502435,855.033093,7451.925812
174.513463,24.476205,7.692470,0.731673,11.008793,7.129923,3.181839,0.136876,206.166676,26.894264,237.477556,1344.932160
227.577089,33.691942,10.517001,0.806086,14.876262,6.754644,3.203569,0.161969,694.968840,105.866121,800.055331,6122.826315
177.284886,18.714642,9.112861,0.631441,22.027305,9.473058,2.053652,0.271725,636.418681,492.792941,1083.204862,12274.677044
114.425610,22.898702,10.127180,0.734349,19.301925,4.997035,2.261113,0.296376,449.284058,654.296418,1110.661377,11028.600578
187.370641,19.889566,5.972968,0.559032,13.498586,9.420550,3.329930,0.161972,201.388726,27.510582,233.912427,1624.350240
157.054041,32.059471,8.993064,0.595910,16.021881,4.898835,3.564911,0.209987,396.091869,134.442695,528.994783,4360.165781
142.743482,25.008393,12.390604,0.700747,11.864909,5.707823,2.018335,0.163113,242.915534,37.081343,282.691921,1725.503824
204.512943,23.097442,10.330292,0.846561,10.523225,8.854354,2.235894,0.120863,276.909624,28.741460,298.901351,1618.135337
165.856568,23.137421,6.747691,0.747037,13.358287,7.168326,3.428939,0.170368,265.539202,40.873184,302.703164,2080.203540
88.870455,14.052113,6.572414,0.693001,23.576781,6.324348,2.138044,0.410780,313.567759,151.058863,456.123938,5532.296847
208.061534,30.544004,11.894817,0.604421,23.452818,6.811862,2.567841,0.267056,1159.712046,1034.839175,2203.818619,26589.427669
218.416726,28.297784,7.763059,0.553392,22.702379,7.718510,3.645185,0.252309,831.676953,557.153929,1338.057644,15627.312856
99.954191,17.404946,5.054860,0.707259,19.647479,5.742861,3.443210,0.322782,250.764432,378.076266,616.110583,6227.354629
91.586442,15.473460,5.542158,0.762685,22.725434,5.918938,2.791956,0.390032,318.408961,242.930997,561.254943,6561.610764
141.607433,16.811226,4.832916,0.838368,11.410772,8.423385,3.478485,0.157498,140.562974,16.856522,156.359257,917.860572
141.813713,28.129401,10.790590,0.587658,19.605277,5.041476,2.606845,0.270407,531.101983,543.834516,1079.743583,10890.096361
161.245769,18.365243,5.743846,0.737748,16.912001,8.779942,3.197377,0.218753,324.082565,98.742526,435.517772,3789.125429
199.607623,32.700045,11.606004,0.816435,23.125582,6.104200,2.817511,0.268849,1471.413080,1654.433152,3195.376619,38014.810632
111.034345,24.006192,10.247912,0.649080,18.618020,4.625238,2.342545,0.290207,379.479090,511.091177,925.550405,8864.855663
123.340469,17.310306,8.023950,0.829513,21.454120,7.125262,2.157330,0.317294,506.158519,729.061061,1193.951844,13177.578634
169.876818,31.403512,12.987135,0.749308,22.705228,5.409485,2.418048,0.286129,1164.936484,1613.167193,2793.431170,32628.864317
145.432744,16.074949,6.691714,0.849965,17.860660,9.047167,2.402217,0.243260,374.833746,195.949476,554.585534,5095.703396
188.258074,28.725324,12.259440,0.616529,17.455632,6.553732,2.343119,0.208960,610.690795,170.862657,800.582163,7189.183802
183.602092,32.829579,9.996377,0.620595,12.844139,5.592581,3.284148,0.155693,328.646491,55.734246,385.784485,2549.105764
182.074192,32.713378,12.829007,0.589272,10.762710,5.565741,2.549954,0.131009,252.554565,39.056413,300.164700,1661.955395
223.371576,28.778449,9.829750,0.578594,19.047642,7.761765,2.927689,0.209330,710.970801,193.238680,867.405003,8499.654231
100.724999,11.902883,5.851692,0.828215,15.201800,8.462235,2.034093,0.248788,156.711665,86.805169,248.073525,1940.052685
180.279378,29.581301,11.983253,0.781316,10.648223,6.094369,2.468553,0.130259,287.283481,38.077622,325.218912,1781.521365
204.954469,31.805252,8.408508,0.813070,14.935975,6.444045,3.782508,0.171360,573.543749,97.433734,665.817336,5115.955808
137.838677,19.208978,8.146683,0.596940,22.368094,7.175742,2.357889,0.312930,480.686706,595.411852,1115.289222,12833.779897
224.141933,30.633031,9.555375,0.752192,12.218066,7.317001,3.205843,0.134043,400.217771,53.039046,440.374964,2767.981609
174.820844,31.082108,10.148594,0.704765,12.466431,5.624485,3.062701,0.154864,325.565566,51.890647,372.474574,2388.783991
219.320881,31.479224,10.338068,0.586600,19.314494,6.967163,3.044981,0.214214,780.448023,247.678379,1043.336099,10366.823006
222.668124,29.222855,7.638038,0.724410,19.907268,7.619657,3.825964,0.219122,853.940884,307.148944,1151.656097,11794.310947
179.392258,29.173248,11.899845,0.641414,17.786023,6.149204,2.451565,0.218113,621.175489,216.580079,858.813204,7858.066077
132.371316,20.747639,5.156818,0.703159,22.939130,6.380066,4.023342,0.327479,478.592791,731.079007,1181.161721,13938.769033
210.278325,27.370587,9.739259,0.614549,16.280232,7.682638,2.810336,0.184403,510.828312,92.504107,617.273676,5169.832291
153.912164,23.532720,8.837927,0.648728,20.480530,6.540347,2.662697,0.271149,552.721510,524.514140,1069.408999,11267.385008
120.088545,18.814669,5.192320,0.841464,18.122511,6.382709,3.623557,0.271626,322.100045,354.877903,671.298965,6258.531631
142.454944,20.260618,6.978083,0.588757,21.168443,7.031125,2.903465,0.291309,418.897309,471.501790,885.399462,9641.981183
177.849342,33.167044,12.437842,0.666241,16.205235,5.362231,2.666624,0.199587,584.086799,154.171995,749.369958,6247.261981
98.357212,17.008447,4.135547,0.583523,11.290229,5.782845,4.112744,0.186983,66.926521,13.434314,81.173958,471.473826
156.356008,22.849318,8.454155,0.762227,15.699596,6.842918,2.702732,0.206222,379.690752,98.613350,464.415739,3750.882969
176.700220,25.964217,11.595263,0.555541,12.023592,6.805529,2.239209,0.148566,246.446578,35.665145,286.550224,1772.446336
122.016911,16.728747,5.849133,0.739958,20.869816,7.293846,2.860039,0.310322,361.387067,486.689185,846.162528,9084.698578
182.153575,26.611954,6.969413,0.733233,10.795427,6.844803,3.818392,0.131379,209.691166,28.570179,233.934445,1299.188315
144.985903,17.108566,7.921551,0.823884,15.899942,8.474463,2.159750,0.216888,325.529442,93.111234,420.395519,3438.679630
189.652261,23.663692,11.085309,0.577876,10.542681,8.014483,2.134689,0.125741,196.766712,24.638689,217.619933,1180.287569
206.488618,29.860371,8.390708,0.587475,15.488168,6.915139,3.558743,0.177034,432.631380,79.372096,514.071729,4096.018123
129.531990,16.374012,7.593140,0.711631,23.087243,7.910828,2.156422,0.333186,496.400579,614.688157,1130.777868,13430.354591
122.633172,23.785786,6.704721,0.773451,20.647608,5.155733,3.547617,0.306245,488.009434,822.522271,1382.774743,14687.885708
225.215874,28.586522,7.677431,0.690095,20.815031,7.878394,3.723449,0.227814,882.774987,372.750722,1299.951734,13920.100989
193.307540,24.890538,10.853254,0.719965,18.188602,7.766306,2.293371,0.214871,671.306685,198.017410,855.096134,8001.149389
172.657870,23.942214,6.551622,0.738034,16.602489,7.211441,3.654395,0.207531,412.644452,113.249320,502.520283,4292.051270
93.490704,10.945943,3.881414,0.563890,19.048116,8.541128,2.820092,0.323572,125.666768,134.453684,263.355224,2580.667544
86.946841,14.844916,5.279872,0.789290,13.342580,5.857011,2.811606,0.235026,111.155571,54.577746,166.207251,1140.848251
155.523727,26.080118,10.212070,0.586022,11.661301,5.963306,2.553852,0.153586,202.660372,31.349098,233.035268,1397.998637
134.394064,22.933804,11.180069,0.775344,23.232446,5.860086,2.051311,0.329161,807.871896,1249.964075,2027.470618,24231.907545
180.677688,23.522992,10.615431,0.838312,10.469986,7.680898,2.215924,0.127937,249.516321,27.815823,275.537989,1484.108668
219.572331,23.689159,6.943296,0.810118,22.673465,9.268895,3.411803,0.251323,1022.639300,691.224231,1747.247214,20380.289642
119.645347,19.913943,8.374832,0.663990,15.334148,6.008119,2.377832,0.230258,235.255535,100.642294,351.351832,2771.660176
188.488924,30.878899,9.993772,0.735830,23.243267,6.104134,3.089814,0.278072,1154.808883,1410.366841,2643.848980,31613.452235
191.667846,33.412112,11.326589,0.727420,13.245125,5.736478,2.949883,0.157139,444.929880,71.157287,512.821388,3494.300808
186.944230,33.670363,12.842644,0.605473,14.136788,5.552189,2.621762,0.169824,446.666619,81.204272,525.754638,3823.595597
188.502803,29.587449,12.223223,0.844935,17.318156,6.371039,2.420593,0.207179,812.822616,231.929085,1038.565654,9252.811286
99.761454,21.954357,6.946922,0.579635,19.271221,4.544039,3.160300,0.316907,266.209283,410.684003,684.932931,6790.400418
224.899096,25.074505,7.107721,0.801871,16.321130,8.969234,3.527784,0.178756,582.226141,90.859299,677.932114,5692.126406
217.770274,32.517311,12.402798,0.788735,16.501155,6.697057,2.621772,0.183662,832.304693,155.328073,1006.989145,8548.250406
116.382725,18.149555,6.553334,0.651890,15.675617,6.412428,2.769515,0.238662,199.186295,99.416031,287.419405,2317.815394
162.645804,30.158788,12.159136,0.726433,12.080272,5.392982,2.480340,0.155582,316.251933,49.273401,356.961999,2218.384347
166.749670,18.479387,8.421880,0.570309,11.578098,9.023550,2.194212,0.147268,159.441419,19.360470,178.093549,1060.775557
181.518082,23.530574,9.590674,0.842866,15.991317,7.714137,2.453485,0.194952,532.648530,105.960587,642.846481,5288.464664
106.378514,18.900698,8.298587,0.657269,14.343514,5.628285,2.277580,0.228419,180.416477,74.543980,254.316813,1876.587196
224.050278,23.968076,8.792275,0.662733,21.541377,9.347862,2.726038,0.236377,863.403367,379.059897,1191.348148,13202.320350
109.936500,19.753720,9.537904,0.598882,15.983231,5.565357,2.071076,0.250379,233.119366,149.341168,382.121006,3141.981245
147.558596,18.178407,7.512999,0.626036,15.880232,8.117246,2.419594,0.214723,259.359596,69.696599,332.918108,2719.771224
183.361664,29.355521,9.984491,0.596897,23.240966,6.246241,2.940112,0.281905,909.142863,1037.403347,1995.613821,23859.908600
120.022580,18.793530,7.268990,0.767243,22.499392,6.386378,2.585439,0.337321,499.925814,715.565431,1185.751570,13724.691654
190.711480,25.823056,11.361238,0.790426,11.415458,7.385318,2.272909,0.135771,314.738042,37.999032,361.735753,2124.334400
104.953661,21.223095,7.553150,0.550013,20.371789,4.945257,2.809834,0.326613,303.230166,442.139535,743.579451,7792.820156
148.110248,20.128966,5.516485,0.662215,10.014027,7.358065,3.648875,0.135151,105.757514,13.843088,121.024153,623.474837
186.669243,19.787881,7.873964,0.843676,17.580527,9.433514,2.513077,0.211348,542.148640,137.824560,669.071912,6051.217922
180.741360,32.214860,12.060928,0.810220,13.095832,5.610497,2.671010,0.159996,463.613307,71.914793,546.377184,3680.982589
99.868337,10.587049,5.137835,0.567843,17.398507,9.433066,2.060605,0.285958,129.330238,105.184724,237.670930,2127.287292
85.635545,18.127446,4.840875,0.830146,10.575547,4.724082,3.744664,0.187707,82.496666,17.258536,103.430291,562.715259
144.097220,21.893903,8.036142,0.648626,21.787087,6.581614,2.724430,0.298109,539.019274,686.428693,1233.167936,13821.637781
167.489663,24.972505,11.199085,0.674442,23.624232,6.706963,2.229870,0.299825,932.338129,1218.289683,2149.999689,26129.686686
126.971829,19.257883,7.724150,0.700031,15.228794,6.593239,2.493204,0.221981,241.536148,84.394427,329.016446,2577.633805
119.086892,21.825195,6.229828,0.716658,16.654271,5.456395,3.503338,0.250667,270.748315,203.355010,477.870418,4094.245399
211.722637,22.743798,11.368015,0.570862,13.064050,9.309027,2.000683,0.147468,320.059449,39.617166,367.540138,2470.135128
159.879401,31.026052,11.659956,0.708885,23.993910,5.153069,2.660906,0.311680,1100.622561,1824.737241,2922.722534,36076.692274
120.974688,19.803706,8.668476,0.559591,18.747997,6.108689,2.284566,0.279970,308.868733,309.082347,640.172418,6174.331400
208.581932,28.482195,7.538566,0.759772,14.992655,7.323239,3.778198,0.170508,487.129360,78.275053,568.985849,4388.520251
200.509804,27.750865,8.086191,0.738318,20.964652,7.225353,3.431883,0.243178,866.275730,532.374674,1397.637468,15073.714769
215.163937,23.399686,6.698603,0.584872,16.229965,9.195163,3.493219,0.181734,383.868111,63.785258,455.231833,3800.916449
140.739559,24.397980,10.803858,0.597654,18.640862,5.768492,2.258265,0.258084,453.709319,347.824196,781.013049,7489.664729
189.422415,26.786808,10.565263,0.598579,19.840135,7.071481,2.535366,0.236773,682.653655,328.970965,971.373367,9914.456874
122.424282,21.969206,9.746518,0.817350,16.237045,5.572540,2.254057,0.241033,366.245827,223.585265,610.550899,5099.962338
211.396717,31.244577,12.335367,0.711498,13.651256,6.765869,2.532926,0.154215,502.238691,72.910604,560.678035,3937.533574
76.567792,14.802830,5.412260,0.739368,12.349133,5.172510,2.735055,0.231802,81.603813,37.753908,115.139837,731.476182
97.623277,11.696262,5.397487,0.774474,18.865300,8.346537,2.166983,0.313611,203.963579,246.254260,457.257379,4437.747154
136.617582,16.938971,7.887821,0.819633,17.609041,8.065282,2.147484,0.247449,369.814511,216.480466,589.414500,5339.426626
209.898767,32.718985,8.565489,0.583470,20.008860,6.415198,3.819862,0.226841,751.818750,331.844144,1061.748871,10929.046259
95.801545,17.200849,7.977983,0.800901,16.937817,5.569582,2.156040,0.284233,250.768073,308.641868,564.076924,4915.117299
174.185406,27.074225,12.588952,0.828270,15.204866,6.433625,2.150634,0.189226,562.109330,109.111672,673.301243,5266.597383
158.507363,19.794356,8.388475,0.848032,13.868464,8.007705,2.359709,0.180929,311.757696,46.833556,362.666120,2587.458798
117.054190,20.482603,5.891658,0.732692,19.156037,5.714810,3.476543,0.290814,333.398918,454.958482,767.923143,7567.658611
130.915079,20.723399,8.326540,0.747167,14.513254,6.317259,2.488837,0.208340,259.288993,70.215486,315.551086,2355.985314
173.011779,22.576331,11.009408,0.730637,13.165850,7.663414,2.050640,0.164405,322.987951,43.562617,359.417726,2434.369610
131.694719,16.148197,4.623281,0.707673,10.559352,8.155382,3.492800,0.151132,91.550843,11.338193,103.029681,559.677336
113.296802,16.329190,4.737507,0.716046,21.305938,6.938299,3.446790,0.328772,308.321896,430.024890,758.044010,8308.702171
135.275072,23.033972,11.118192,0.636727,17.270088,5.872850,2.071737,0.243887,393.940480,227.708650,620.619787,5513.892373
157.881832,33.298875,11.105043,0.705194,10.542047,4.741356,2.998536,0.137804,235.904262,37.862049,275.101740,1491.957279
223.938016,28.858231,7.274101,0.758719,16.119885,7.759936,3.967257,0.176930,590.376178,100.348482,720.764979,5977.143873
172.078991,32.589594,12.817982,0.649066,17.152097,5.280182,2.542490,0.214762,621.030339,218.644333,826.768691,7295.236264
144.738193,21.905914,6.643257,0.659067,10.820299,6.607266,3.297466,0.147724,135.572637,19.149698,155.024962,862.936792
183.001326,28.250444,7.803694,0.736064,22.445164,6.477821,3.620138,0.272521,905.152952,1007.169123,1864.555936,21529.617184
179.485383,24.588155,10.985182,0.657581,18.217678,7.299669,2.238302,0.223348,584.590767,206.981624,799.860509,7496.272674
176.401890,22.521722,7.941628,0.551975,12.486750,7.832522,2.835907,0.154419,200.599500,28.302250,220.050072,1413.543092
112.864188,18.229685,5.291243,0.627670,12.457377,6.191231,3.445256,0.192598,111.230406,23.073730,137.410429,880.611600
216.488361,27.223729,8.800375,0.710077,23.634030,7.952194,3.093474,0.263830,1141.909815,978.563875,2107.616140,25625.208141
163.111587,31.602793,11.483505,0.815045,10.003998,5.161303,2.752016,0.128657,249.639860,35.146714,285.319797,1468.397421
100.806156,12.909687,5.260441,0.696203,15.278649,7.808567,2.454107,0.249945,133.258501,74.389322,206.359786,1621.989845
178.773106,25.795796,6.690155,0.621148,16.740211,6.930319,3.855785,0.205643,386.776512,104.425047,491.424788,4232.101635
166.498884,30.968973,9.008517,0.672804,10.928624,5.376313,3.437744,0.139112,221.780710,34.945871,259.333794,1458.017364
147.215694,21.422770,7.603315,0.679741,19.641891,6.871926,2.817557,0.265895,453.302584,392.800470,845.811586,8546.632457
163.150396,21.575524,5.426631,0.690405,11.634429,7.561828,3.975860,0.149608,164.481942,22.599560,191.930024,1148.751479
131.788305,27.511859,9.156715,0.703758,21.432191,4.790236,3.004556,0.306642,627.710806,1035.103361,1694.719609,18685.405611
110.142344,21.514087,7.265515,0.849324,19.095748,5.119545,2.961124,0.298857,411.134880,671.253650,1086.930827,10677.674642
202.174944,23.783240,7.319688,0.725899,14.903789,8.500732,3.249215,0.172162,394.862567,58.440620,447.322216,3429.693109
221.909162,27.428621,10.631498,0.687813,19.855222,8.090424,2.579939,0.218923,892.722494,289.442354,1188.116560,12135.897648
210.837664,26.746194,11.158094,0.720035,10.676286,7.882903,2.397022,0.120767,280.147592,33.701742,321.101442,1763.601865
174.459515,27.129124,11.985579,0.561950,12.978500,6.430710,2.263480,0.161392,294.642857,46.291033,344.917678,2302.915855
85.918628,15.760090,5.404170,0.784998,13.425195,5.451658,2.916283,0.237892,115.836556,63.085034,182.836341,1262.761227
176.011821,30.715031,8.714672,0.695028,14.451243,5.730478,3.524520,0.178911,397.737337,77.556601,470.934313,3501.093068
153.458052,21.812310,6.968362,0.605345,22.259602,7.035387,3.130192,0.295139,522.244797,627.868191,1169.642690,13393.951450
171.229317,32.544636,11.306778,0.740059,15.032211,5.261368,2.878330,0.188685,512.203268,114.133642,608.417537,4705.033146
137.435168,28.171198,11.882213,0.689318,19.248001,4.878570,2.370871,0.269675,596.650530,643.324618,1271.250544,12587.946665
118.526804,23.930922,11.678368,0.680378,16.044525,4.952872,2.049167,0.242060,337.364310,204.987360,559.100706,4614.822597
104.820806,15.085301,7.487593,0.794316,19.946013,6.948539,2.014706,0.319990,330.727636,454.918120,820.561807,8419.872088
162.521507,27.012501,12.752281,0.751546,20.585905,6.016529,2.118249,0.265227,856.301269,816.416693,1724.397122,18261.874551
201.846697,24.622286,6.458807,0.747010,11.118015,8.197724,3.812204,0.128535,228.205169,28.386528,254.823959,1457.490187
157.234928,25.316517,7.046156,0.805391,14.452050,6.210765,3.592955,0.189303,342.854639,71.207420,406.051240,3018.897711
146.850517,27.294621,10.590259,0.567128,21.399800,5.380200,2.577333,0.290052,612.996539,772.952901,1375.145868,15138.978979
131.530003,20.636628,8.351116,0.723762,10.186279,6.373619,2.471122,0.145884,130.116081,17.083367,148.320174,777.237805
132.314906,27.399798,10.849418,0.562573,16.507029,4.829047,2.525463,0.235705,347.290022,186.243278,538.776647,4575.259979
97.589700,15.605395,3.716220,0.764811,13.729963,6.253587,4.199266,0.228282,113.366615,49.406311,162.310165,1146.444954
83.202089,13.432665,3.668564,0.813430,18.705877,6.194012,3.661559,0.336833,169.872926,250.807205,426.140506,4100.803858
141.221126,20.841222,5.925594,0.606054,10.551831,6.776048,3.517153,0.145842,108.810139,15.509746,126.054870,684.266962
192.758385,23.637327,7.575904,0.774901,21.591607,8.154830,3.120067,0.255436,820.420986,608.564566,1472.842484,16359.852164
134.387593,26.071845,12.898518,0.646524,10.255738,5.154510,2.021305,0.145308,171.531518,25.728508,199.832705,1054.317946
163.402286,20.706793,9.725292,0.696521,20.861281,7.891241,2.129169,0.268050,628.917109,523.708899,1122.732055,12049.116363
198.662112,31.843222,10.914824,0.588504,16.898521,6.238757,2.917429,0.196922,577.000109,138.882438,717.256752,6235.358873
100.948256,19.876580,8.533769,0.653671,15.918263,5.078754,2.329168,0.260226,217.115899,179.948698,401.313563,3286.378831
126.048886,15.250716,4.189718,0.740028,11.461338,8.265113,3.640034,0.167675,99.863089,13.365711,110.913633,653.970828
143.256147,17.758947,5.226441,0.560251,10.647157,8.066703,3.397905,0.146110,90.640268,11.992237,98.873250,541.565007
187.569340,27.293103,12.291721,0.802623,22.675196,6.872408,2.220446,0.271940,1222.091388,1291.319340,2503.215030,29200.300184
213.530955,30.029892,12.946600,0.677477,12.917647,7.110614,2.319520,0.145197,438.885129,60.325303,508.207275,3377.243637
178.626814,31.881936,8.749951,0.691010,11.885893,5.602759,3.643670,0.146070,284.636886,45.413673,342.235442,2092.641777
210.406100,28.751135,12.617461,0.554636,11.715992,7.318184,2.278678,0.132664,299.320718,41.363669,338.881829,2042.515861
166.143369,26.204361,6.977953,0.698576,13.920559,6.340295,3.755308,0.177386,294.443253,53.402278,348.830313,2498.095245
167.849840,23.598503,7.085756,0.696410,16.327618,7.112733,3.330414,0.206998,376.523294,100.324006,466.276852,3916.560171
142.557497,26.721586,8.051178,0.579355,13.191201,5.334919,3.318966,0.181465,212.027050,43.278743,258.091066,1751.440567
150.460372,17.233856,7.195612,0.811807,13.615688,8.730511,2.395051,0.182319,237.646397,34.730256,271.334574,1900.565451
148.428540,28.460407,9.512648,0.606336,16.425545,5.215264,2.991849,0.221444,384.226213,153.875235,523.959242,4427.467700
183.906583,25.648156,11.350163,0.725301,16.148379,7.170363,2.259717,0.195584,537.426114,111.921046,661.599448,5496.195473
213.463457,32.284520,11.006463,0.567676,14.628499,6.611945,2.933233,0.164453,460.518860,77.398241,542.942093,4085.934267
81.949257,16.756991,6.288157,0.825623,12.459510,4.890452,2.664849,0.226064,112.668845,49.362514,167.115149,1071.161303
156.320918,28.444052,10.891534,0.594513,13.292782,5.495733,2.611574,0.174627,283.984544,52.406709,334.467584,2287.220431
159.077838,26.971793,7.777598,0.615292,16.195235,5.897933,3.467882,0.210905,356.381172,111.582393,474.636399,3954.452820
188.705066,27.667089,6.627844,0.788196,14.805252,6.820561,4.174372,0.177022,426.231849,75.390247,506.324366,3856.405980
117.660367,22.993418,7.147810,0.710870,11.845689,5.117132,3.216848,0.179370,153.195965,29.068060,184.073831,1121.735516
148.220011,27.567087,11.221626,0.709782,13.933873,5.376702,2.456604,0.187984,342.636843,71.617451,412.363048,2955.899751
93.698201,13.490914,4.235168,0.573859,15.120158,6.945282,3.185449,0.256563,96.484451,62.283810,160.472890,1248.234255
216.022574,23.049621,9.825497,0.831221,21.491623,9.372066,2.345899,0.240172,1063.498822,540.148543,1567.595514,17331.707012
213.785325,26.883106,8.474791,0.640014,19.191478,7.952404,3.172126,0.215587,678.264760,208.205190,911.645009,9000.616907
149.655789,31.589143,10.261442,0.656384,10.859035,4.737570,3.078431,0.145797,209.109102,34.974977,249.655587,1394.667329
212.698849,33.478926,9.125008,0.790135,16.889814,6.353216,3.668920,0.190215,769.578803,170.228157,930.018054,8080.799886
159.195750,29.856212,12.391258,0.557429,18.308451,5.332081,2.409458,0.238336,549.843353,304.055316,833.782839,7853.127923
191.796874,25.099946,8.752510,0.614523,21.798550,7.641326,2.867743,0.258530,740.615277,539.496618,1333.265817,14951.420421
212.266899,29.801393,12.025931,0.822020,19.286290,7.122717,2.478095,0.217426,1068.439955,369.538322,1439.399249,14281.310885
190.588408,24.913838,7.689582,0.572863,10.637312,7.649901,3.239947,0.126557,169.600997,22.982734,195.351430,1069.021929
212.652743,33.054471,9.035401,0.832340,14.237600,6.433403,3.658329,0.160363,584.480068,90.003665,661.066989,4841.950876
193.246409,22.227074,5.857849,0.776795,14.625864,8.694190,3.794409,0.172810,346.133157,50.904481,400.280571,3011.786265
113.395998,22.048742,10.000593,0.706634,17.292372,5.142969,2.204744,0.266722,341.719925,331.031980,673.178921,5988.570616
229.696741,28.527387,12.030972,0.744540,18.237977,8.051798,2.371162,0.197653,912.638218,193.846308,1118.709487,10496.199645
175.611559,18.945520,9.123601,0.572612,14.041483,9.269292,2.076540,0.174036,254.085510,35.395240,289.937085,2094.376931
145.417337,23.857135,9.005991,0.842449,17.550526,6.095339,2.649030,0.239048,513.422806,304.164760,829.929588,7493.237367
168.125910,22.823533,9.223615,0.569359,14.741497,7.366340,2.474467,0.186736,292.449455,53.219121,343.856488,2607.695773
212.023878,28.224293,9.085495,0.659002,23.574112,7.512106,3.106522,0.265917,1078.764729,951.489047,2015.103053,24438.283631
177.174564,27.743948,7.673467,0.630340,17.783565,6.386062,3.615569,0.219443,481.456190,177.109810,653.646254,5979.979869
187.066355,21.518262,6.076144,0.781839,12.515095,8.693377,3.541434,0.150293,250.943614,30.918263,287.395252,1850.341362
119.823347,21.667549,8.639592,0.613830,18.794044,5.530083,2.507937,0.282003,343.349128,383.636251,727.181711,7030.743986
147.068402,30.055186,12.896303,0.611107,17.085581,4.893279,2.330527,0.231405,494.324407,245.960782,754.920953,6635.434131
173.845531,21.830305,6.331772,0.683247,17.804985,7.963495,3.447740,0.221801,408.595696,141.267204,557.980669,5110.917587
105.567372,20.632260,6.239510,0.767429,11.684765,5.116617,3.306711,0.186792,130.155031,26.511509,156.658000,941.695908
137.847127,21.838932,9.734470,0.700931,18.505943,6.311990,2.243464,0.258890,447.687587,350.780626,780.446589,7430.063117
191.024095,33.274745,11.733539,0.649379,19.014855,5.740813,2.835866,0.225971,799.909270,353.255052,1140.189740,11153.424938
168.021028,32.192629,11.802895,0.688993,10.189208,5.219239,2.727520,0.129111,230.328187,34.707999,262.723804,1377.139517
168.034924,24.182331,7.204167,0.609783,15.403332,6.948665,3.356714,0.195172,306.289694,66.811786,373.903457,2962.867778
151.179462,23.295238,5.551472,0.749465,12.244491,6.489715,4.196227,0.163568,195.705961,30.512219,229.162208,1443.516849
125.783796,27.141091,10.363456,0.828490,18.675838,4.634441,2.618923,0.273509,572.712128,737.629416,1292.505974,12417.974355
135.324040,23.731254,6.498545,0.726659,23.099760,5.702355,3.651779,0.326155,606.784923,992.035599,1583.579193,18818.515360
104.119762,18.055611,6.934538,0.841896,18.763956,5.766615,2.603722,0.302038,331.170411,502.322048,834.816529,8058.487939
128.989587,23.441595,8.672508,0.770555,20.934660,5.502594,2.702978,0.302756,572.477435,887.427163,1487.701544,16022.114388
192.215923,22.674719,8.529374,0.747757,23.544244,8.477103,2.658427,0.278929,953.852353,980.888058,1959.960502,23739.424053
162.338145,19.566862,6.325729,0.777779,18.808508,8.296586,3.093219,0.242464,453.774419,247.180074,703.715044,6809.093248
184.740411,22.244693,7.718905,0.669588,20.652094,8.304921,2.881846,0.249567,615.082273,370.229221,958.686603,10185.418000
213.234137,25.087823,9.477959,0.612350,20.331031,8.499507,2.646965,0.228683,738.135576,279.746918,1020.308670,10671.589084
190.031637,27.871675,8.735714,0.743845,22.955356,6.818092,3.190543,0.273511,1021.494662,1115.194210,2124.868280,25093.090456
140.527100,28.114750,12.697740,0.685631,12.956535,4.998341,2.214154,0.179520,297.693881,57.061815,350.572016,2336.706734
159.067892,26.199869,7.977477,0.618019,16.780894,6.071324,3.284230,0.218538,380.109557,135.832809,533.133739,4602.453066
145.084652,29.295850,7.071577,0.634780,22.528330,4.952396,4.142761,0.307200,637.532749,1051.730775,1660.727822,19247.111978
183.583990,21.488784,10.046970,0.829073,19.762849,8.543247,2.138832,0.239572,764.949598,387.160549,1166.324148,11857.876707
186.192600,22.911817,11.014434,0.597755,14.093581,8.126488,2.080163,0.169646,335.815629,48.596362,394.276812,2858.648014
128.525115,16.038140,6.239804,0.746282,23.240707,8.013717,2.570296,0.336712,468.697491,593.329597,1074.580427,12847.728767
86.040225,13.200398,6.325681,0.752816,17.567037,6.518002,2.086795,0.311065,179.530993,235.177173,397.515151,3592.446419
159.399839,23.969676,11.371916,0.657059,13.457158,6.650062,2.107796,0.175071,300.452532,48.425678,345.867322,2394.423572
160.787248,19.283457,6.948925,0.587615,16.496087,8.338092,2.775028,0.213677,282.750230,75.303333,353.547401,3000.313845
172.236676,22.707590,7.599500,0.818606,22.842701,7.584983,2.988037,0.285883,856.247302,1066.240360,1953.431745,22955.343391
187.427903,26.462182,7.245495,0.701899,11.190696,7.082859,3.652226,0.134259,222.412057,30.390763,249.594026,1436.909456
216.208920,29.465769,7.176354,0.755388,21.161339,7.337630,4.105952,0.236380,959.727697,530.611912,1495.250696,16277.783248
89.062128,17.893335,6.149602,0.729048,18.373847,4.977391,2.909674,0.319784,227.402348,359.466223,607.808033,5745.193131
120.449503,24.962559,12.189679,0.748482,20.431340,4.825206,2.047844,0.305772,609.702144,972.829237,1606.296182,16883.426432
229.391240,26.316099,9.843984,0.574709,16.367633,8.716764,2.673318,0.177501,520.235302,83.344034,596.778275,5025.010722
202.092201,21.590591,6.908049,0.707564,10.634664,9.360198,3.125425,0.122872,188.328524,21.396859,206.951141,1132.217108
166.952702,28.358649,9.480443,0.697862,21.800812,5.887188,2.991279,0.277127,814.833084,949.551010,1802.202811,20212.239545
147.744296,20.661745,7.365740,0.734406,18.395230,7.150620,2.805115,0.248573,417.144046,265.131482,680.321791,6438.100018
146.576542,19.935906,6.811281,0.817193,12.747890,7.352389,2.926895,0.172946,219.827890,31.969238,255.908483,1678.267178
129.839382,27.651498,10.469213,0.841198,11.971455,4.695564,2.641220,0.172563,263.906507,46.547624,316.561822,1949.591288
134.112165,14.653699,4.754415,0.652299,14.487066,9.152103,3.082124,0.205471,148.894946,31.732538,173.739024,1294.839469
60.744293,13.485608,5.631719,0.812786,13.835492,4.504379,2.394581,0.291572,87.761918,122.202077,210.790392,1500.318700
128.351271,24.659106,9.097801,0.636625,10.393212,5.205025,2.710447,0.150679,135.640586,21.177990,161.242375,862.118704
87.636594,17.800624,7.976885,0.800047,22.684362,4.923231,2.231526,0.398004,408.482242,294.146609,730.561828,8525.535021
112.503709,13.520209,6.699431,0.690816,15.833180,8.321152,2.018113,0.245182,180.215299,87.973845,266.123099,2167.648334
154.725271,16.440007,7.822343,0.690065,23.701520,9.411509,2.101673,0.312967,603.231385,694.163100,1308.776789,15958.052197
157.680789,23.144335,9.402878,0.573429,18.409456,6.812932,2.461410,0.240799,429.274575,219.646817,635.394257,6017.586615
229.398686,30.709200,8.680669,0.791885,12.907695,7.470031,3.537654,0.139977,461.243308,61.280014,520.149046,3453.938458
196.319023,28.473938,8.413402,0.824176,23.353542,6.894692,3.384355,0.273763,1208.155410,1412.006765,2587.965141,31092.045318
175.093721,24.940824,10.253485,0.706235,16.545854,7.020366,2.432424,0.205380,493.590784,124.384626,609.422206,5187.350163
222.071408,28.574691,8.621844,0.676573,13.936559,7.771612,3.314220,0.153608,421.682758,60.136039,485.473270,3480.639057
186.368770,28.138694,9.307478,0.725693,23.575239,6.623220,3.023235,0.283644,1064.098326,1318.689422,2404.718933,29164.768777
222.090571,24.535075,8.801170,0.608969,23.095643,9.051962,2.787706,0.254547,922.207782,581.445467,1478.358871,17564.994878
103.077412,16.824890,4.579251,0.602936,21.174485,6.126484,3.674158,0.342558,240.897685,311.231210,565.579798,6160.909840
217.062053,24.858275,7.286194,0.572635,22.512453,8.731984,3.411696,0.250977,755.740082,458.227190,1180.225474,13668.659013
138.277545,23.370632,7.742563,0.616822,19.156918,5.916723,3.018462,0.267580,398.898100,369.093529,778.876076,7675.949627
177.812479,32.864924,8.693865,0.601888,21.997471,5.410403,3.780243,0.270954,806.751539,885.145566,1699.634025,19233.852395
163.295699,25.374608,9.176659,0.769132,23.402856,6.435398,2.765125,0.300805,926.924943,1364.484267,2342.508823,28202.538532
160.512382,27.089901,11.342315,0.578275,16.077202,5.925174,2.388393,0.208430,405.449469,115.122288,519.741980,4298.692498
185.799173,22.090555,8.940566,0.579720,15.126056,8.410797,2.470823,0.182267,328.287267,53.622578,377.832079,2940.103555
127.936770,25.127184,10.285945,0.700491,19.720034,5.091568,2.442866,0.286361,522.378095,686.962082,1226.336728,12441.005746
165.400003,22.936734,9.229176,0.682609,23.927112,7.211140,2.485242,0.305581,829.065637,1095.262234,1876.946182,23103.629298
140.157155,27.436951,7.425349,0.596231,12.038031,5.108336,3.695038,0.167013,176.774749,32.768465,213.137627,1319.938458
183.718846,28.864350,9.573304,0.735069,17.135811,6.364905,3.015088,0.207650,600.231892,173.571625,803.679971,7084.772736
125.366568,15.533856,5.152298,0.802569,15.372223,8.070537,3.014937,0.225501,205.464745,74.129623,282.299111,2232.463063
152.110644,19.779273,8.228291,0.604844,13.153921,7.690406,2.403813,0.175178,199.015193,30.290620,224.663164,1520.285646
217.672347,25.533958,7.169307,0.571992,22.762455,8.524818,3.561566,0.253408,779.022963,504.555731,1283.331539,15027.822919
177.903145,20.437671,9.384178,0.663808,21.736751,8.704668,2.177886,0.267674,685.501717,535.910595,1222.312938,13668.320469
192.004185,27.130948,10.664157,0.655862,11.425463,7.076944,2.544125,0.135432,266.648162,35.792630,303.961266,1786.611651
163.716262,32.460762,9.899145,0.557687,20.823196,5.043513,3.279148,0.267304,668.927434,683.206533,1365.986611,14632.951408
192.694661,22.374474,9.740480,0.646462,15.014131,8.612254,2.297061,0.177652,382.408207,57.648381,438.226123,3384.827778
177.440420,22.935083,5.881126,0.793499,10.046123,7.736637,3.899777,0.123873,166.394208,20.198786,185.239435,957.348501
92.952075,19.501771,6.754420,0.739863,15.075785,4.766340,2.887261,0.256835,180.880256,155.323688,332.601987,2579.543631
209.403529,26.645595,7.003377,0.703848,14.451070,7.858842,3.804678,0.164026,393.130477,59.048049,455.051880,3382.976840
161.081869,24.667633,9.206343,0.554523,19.358627,6.530090,2.679417,0.250527,478.499668,307.498573,780.023723,7768.201230
201.227128,28.387862,11.630976,0.819457,21.519151,7.088492,2.440712,0.249164,1197.437185,847.445808,2031.900653,22493.948880
173.894032,30.192568,7.324400,0.631031,14.889940,5.759498,4.122190,0.185462,351.678787,76.672888,434.077977,3325.054880
155.831284,17.509815,5.171464,0.740540,10.509839,8.899654,3.385852,0.138284,120.557908,13.778259,140.268565,758.393332
153.075952,20.757234,5.729724,0.621055,22.427250,7.374583,3.622728,0.297732,481.941800,594.514327,1087.199207,12543.630776
108.229815,20.223894,7.008985,0.642561,18.151949,5.351581,2.885424,0.286585,266.451650,324.421444,588.911898,5499.354161
93.332528,13.909058,6.910555,0.645567,23.465407,6.710197,2.012727,0.398947,313.125620,175.843425,492.768097,5948.517933
159.407287,27.647417,8.274289,0.669394,10.277686,5.765721,3.341365,0.133704,170.882062,25.323734,198.919060,1051.743554
197.299650,22.365972,6.177756,0.702925,21.455329,8.821421,3.620404,0.250886,668.695941,426.602431,1104.640064,12192.536590
180.299848,21.727015,7.133651,0.735367,15.723445,8.298418,3.045708,0.192333,375.346142,70.599536,439.391521,3554.164130
194.772802,27.159325,8.123997,0.715912,18.463241,7.171489,3.343099,0.217294,637.820351,217.000080,872.385588,8286.183184
204.877997,21.717096,6.484397,0.562109,17.392130,9.433950,3.349131,0.199576,383.414349,79.349389,465.902699,4168.560514
162.437598,27.776595,8.019270,0.686320,18.381002,5.848003,3.463731,0.236881,523.683819,294.703679,835.644889,7901.854992
86.944157,16.542509,4.882928,0.783847,18.945477,5.255802,3.387826,0.333725,220.488868,351.163704,561.833947,5475.850996
178.091196,25.768429,12.206291,0.779184,19.483841,6.911217,2.111078,0.239804,825.548091,455.560813,1253.011429,12559.365889
219.898479,29.550295,8.582245,0.807502,18.790221,7.441499,3.443190,0.208125,893.441292,256.005601,1145.243408,11070.514540
144.337398,20.735003,9.640508,0.702836,11.945799,6.961050,2.150821,0.163316,199.227571,27.569910,226.870988,1394.223090
185.578447,20.160166,9.651854,0.563113,18.034914,9.205204,2.088735,0.217447,447.425615,121.142558,575.026972,5335.073281
210.170728,29.735674,7.690431,0.763748,23.469197,7.067966,3.866581,0.265898,1186.299156,1197.071202,2429.353618,29331.013096
116.625282,23.756354,11.869500,0.837628,12.235059,4.909225,2.001462,0.186086,242.759108,47.652840,291.617704,1835.515514
129.906933,22.725266,8.518786,0.774968,17.859155,5.716410,2.667665,0.257364,418.998637,355.934313,762.819875,7008.434559
180.325653,21.012297,10.304317,0.749062,19.678013,8.581911,2.039174,0.240689,678.931557,334.088585,990.130489,10023.324367
143.186971,28.425380,8.076892,0.634272,10.524244,5.037293,3.519346,0.144458,156.263717,25.712371,181.275535,981.450081
147.133467,19.927640,7.439304,0.716061,11.792675,7.383387,2.678697,0.159684,173.507866,23.238021,202.081361,1225.961138
149.864824,24.224333,7.296858,0.678946,23.269138,6.186541,3.319831,0.312201,666.792513,998.752722,1648.280252,19731.015956
183.730126,29.366552,11.370480,0.753694,12.947563,6.256442,2.582701,0.156892,395.653754,58.197736,438.073464,2917.918020
183.481117,19.716162,7.983039,0.560858,17.328469,9.306128,2.469756,0.210120,364.849716,86.393767,441.602893,3936.680916
149.069648,16.544004,7.647858,0.690471,23.124125,9.010494,2.163221,0.311082,552.964495,645.288068,1228.799704,14617.883919
82.883470,12.718130,3.533675,0.714378,20.446606,6.516954,3.599123,0.368885,166.075005,164.893563,330.712183,3478.640387
154.072856,23.431593,10.945209,0.750409,23.310313,6.575432,2.140808,0.308453,888.240186,1278.553840,2201.612170,26401.404297
127.449138,24.222843,11.226516,0.554710,13.585283,5.261527,2.157646,0.197653,222.414165,53.107964,258.790884,1808.655148
153.841319,20.470369,9.971287,0.563833,12.871818,7.515317,2.052932,0.170454,207.391847,30.720852,242.584917,1606.355973
159.743940,33.445888,9.223800,0.714344,20.164695,4.776191,3.626042,0.262049,757.778771,803.309171,1598.481148,16582.014326
198.074081,24.343992,11.577080,0.646176,14.600089,8.136467,2.102775,0.170390,424.092585,61.444448,484.613307,3639.895868
163.689865,32.372510,12.826062,0.615677,14.061338,5.056447,2.523963,0.180518,391.402488,79.952260,455.964642,3298.343712
174.806003,32.764216,12.608935,0.839520,18.633526,5.335272,2.598492,0.231484,933.067906,513.329374,1484.955055,14234.638828
172.582409,32.807833,11.066572,0.746243,11.777756,5.260403,2.964588,0.147254,327.543475,50.988712,384.215019,2327.957169
187.050268,27.759270,12.207480,0.847223,18.532606,6.738299,2.273956,0.222567,886.743246,348.408815,1297.792432,12373.137494
106.133644,11.991538,5.854294,0.758839,14.813591,8.850712,2.048332,0.236177,144.267466,57.555473,200.460030,1527.658364
145.940756,20.261794,8.271446,0.645450,18.091483,7.202756,2.449607,0.245974,372.916971,208.910217,568.418669,5290.303630
176.467483,31.385455,11.226044,0.825778,19.760054,5.622588,2.795772,0.244320,958.363016,689.522351,1643.658139,16708.510239
210.045168,27.924237,7.004294,0.626456,23.689310,7.521966,3.986731,0.268472,920.400849,859.235485,1750.922450,21338.182885
203.298061,28.612384,11.702396,0.750802,18.376470,7.105247,2.445002,0.211689,829.554787,245.360313,1046.380468,9892.130241
140.479892,30.999431,9.638087,0.627176,21.975887,4.531693,3.216347,0.304539,687.317561,1115.712166,1748.149685,19763.467492
134.298763,29.095108,8.431939,0.821906,12.877058,4.615854,3.450583,0.182509,288.235827,60.860738,344.175470,2279.999076
71.030969,14.418668,4.738171,0.650204,18.614042,4.926320,3.043087,0.362761,136.137215,153.985715,287.447242,2752.560943
186.456916,23.307671,10.417498,0.825101,18.597555,7.999809,2.237358,0.223702,731.402632,266.353016,997.191550,9540.530951
159.112488,30.206314,12.070580,0.840606,19.749965,5.267524,2.502474,0.257169,899.253779,854.114264,1791.796820,18205.104990
129.664161,28.392307,8.986572,0.732722,22.017893,4.566877,3.159415,0.317592,684.322117,1228.794856,1904.743910,21574.982483
139.508610,22.351990,8.429509,0.672428,16.655237,6.241440,2.651636,0.231608,337.772508,152.483130,481.437987,4125.050668
160.544903,17.237734,5.150936,0.613407,20.342597,9.313573,3.346524,0.263701,354.394502,251.136735,594.967490,6226.410427
183.985699,24.015206,8.392654,0.835580,12.956087,7.661217,2.861456,0.156886,344.098282,44.269262,402.729712,2684.266568
181.547834,25.133684,9.755002,0.844364,23.192526,7.223288,2.576492,0.282720,1123.188797,1395.359347,2501.660140,29847.947424
220.241418,30.512764,8.264346,0.629563,17.370645,7.218009,3.692097,0.192252,606.329717,131.933580,750.799832,6709.315684
153.978742,33.227293,8.395198,0.715248,20.102189,4.634104,3.957893,0.266083,703.036685,818.054813,1513.427085,15651.031349
130.776061,15.650204,5.005873,0.623897,17.079116,8.356189,3.126369,0.245304,202.737431,103.351258,297.699498,2615.661875
150.510902,21.152116,9.379475,0.659329,23.865372,7.115643,2.255149,0.319512,714.483128,947.642706,1667.517936,20472.780133
160.037833,27.291475,7.070391,0.631484,10.305353,5.864023,3.859967,0.133800,152.112491,23.291180,171.187335,907.554259
194.418947,30.663796,12.372618,0.832900,22.761740,6.340342,2.478360,0.268127,1410.576019,1522.029588,2884.778485,33779.719927
191.231879,28.240494,9.897245,0.776574,14.159970,6.771549,2.853369,0.168184,459.181857,70.805848,534.483403,3893.450599
161.517933,17.392356,8.456035,0.614482,18.482162,9.286720,2.056798,0.238861,383.787200,159.578759,550.896676,5237.946192
132.870340,25.994346,9.362050,0.598021,20.152513,5.111509,2.776566,0.287157,479.283459,605.417998,1091.342158,11314.314695
115.151116,17.671223,8.602941,0.757575,10.680319,6.516307,2.054091,0.163476,123.774163,16.572518,144.023154,791.324540
212.712913,28.350931,8.744665,0.620602,17.754910,7.502855,3.242083,0.199952,593.836329,139.543129,749.840907,6848.977160
181.819035,21.981282,7.967229,0.591628,12.736342,8.271539,2.758962,0.155142,222.772976,30.177626,250.229655,1639.538449
136.374079,27.732717,6.679850,0.777315,22.707363,4.917444,4.151698,0.319378,711.478875,1340.135732,2112.021351,24671.929651
181.025609,23.667118,7.094722,0.643057,13.451216,7.648824,3.335877,0.164208,260.173750,38.757525,309.661536,2142.826101
217.518069,24.763282,11.494561,0.758575,20.450232,8.783895,2.154348,0.227748,997.745376,378.465805,1395.106560,14677.217377
187.676342,26.235777,10.121871,0.804052,13.973418,7.153451,2.591989,0.167533,441.611539,64.094333,499.743676,3592.427984
67.131844,12.994213,6.113742,0.673178,15.130140,5.166288,2.125411,0.303307,97.158442,125.063722,221.771487,1726.182682
143.495603,19.169920,5.315477,0.620696,10.971994,7.485457,3.606435,0.150442,110.127149,15.132414,125.300619,707.256412
106.595750,13.839603,3.948653,0.841047,22.583070,7.702226,3.504892,0.359266,325.236861,377.992877,693.372627,8055.412410
218.290272,32.266878,7.683907,0.784416,13.759144,6.765150,4.199280,0.152960,488.750286,73.734017,584.599108,4137.973104
159.637737,32.747804,8.312679,0.774167,18.969252,4.874762,3.939500,0.246596,697.341222,569.474339,1244.920998,12148.708304
211.909897,22.669083,7.273439,0.828191,14.259206,9.347969,3.116694,0.160888,420.446656,51.977329,463.431535,3399.531289
175.384188,27.063175,8.713760,0.555687,22.861329,6.480547,3.105798,0.283537,719.455856,807.774534,1491.291752,17538.893681
160.011596,23.784706,9.266070,0.639097,13.996848,6.727500,2.566860,0.181743,284.366337,50.150480,336.513110,2423.094452
168.218375,21.322499,10.433011,0.841813,14.594265,7.889243,2.043753,0.184820,413.299588,66.100345,492.710615,3699.237941
206.546428,33.440378,12.998919,0.700568,11.226056,6.176558,2.572551,0.128299,357.630772,50.454302,401.248103,2317.278953
166.764818,24.283424,7.063510,0.838501,23.756000,6.867434,3.437870,0.302151,934.345309,1457.732503,2426.040270,29648.957138
189.017405,26.303461,9.786236,0.818940,15.438821,7.186028,2.687801,0.184445,539.061904,95.237907,638.506842,5071.282520
122.908326,18.780907,5.561883,0.661303,11.361856,6.544323,3.376717,0.168330,109.689764,16.918266,127.361242,744.431377
79.689671,17.068568,6.666361,0.651953,19.485460,4.668797,2.560403,0.358520,211.061373,258.081162,461.901780,4630.185676
146.854286,19.507971,9.646353,0.560072,19.847496,7.527912,2.022316,0.269009,429.452535,337.377446,761.946605,7779.798839
102.478547,17.223232,7.695320,0.611310,21.897519,5.950018,2.238144,0.355289,335.129800,375.001417,725.066839,8167.912217
204.007923,27.187565,10.374685,0.773047,17.777453,7.503722,2.620568,0.204432,739.908430,184.665322,918.588913,8400.958663
155.538214,20.798303,7.851312,0.773785,20.727642,7.478409,2.649023,0.272983,592.832889,587.563538,1198.842319,12783.508448
114.220012,16.773184,7.828178,0.695244,18.039539,6.809680,2.142668,0.277241,282.412253,273.207041,534.751457,4962.671317
150.641955,33.266391,11.974978,0.701121,11.272292,4.528353,2.777992,0.150849,263.983910,44.620721,305.930729,1774.081030
161.175075,25.988048,7.118137,0.614273,11.515141,6.201892,3.650962,0.148979,178.887759,27.763865,208.629813,1235.901158
67.314209,12.748068,5.846784,0.615117,11.522053,5.280346,2.180355,0.230664,52.787646,21.244335,74.922092,444.097024
155.062353,31.875243,9.697004,0.758341,19.950200,4.864664,3.287123,0.263147,760.230947,821.694279,1569.837729,16111.654229
200.424191,30.066564,11.099378,0.551334,11.875355,6.666016,2.708851,0.137776,279.445844,41.537856,320.452205,1957.708280
107.688011,23.070981,7.675468,0.750933,16.365525,4.667682,3.005808,0.259030,283.183846,266.828057,540.187365,4547.916485
141.264045,22.763318,10.798424,0.784520,21.926033,6.205776,2.108022,0.303004,749.026063,1090.588271,1820.346028,20532.986688
169.520020,28.979357,9.964841,0.845899,14.727075,5.849682,2.908160,0.185785,496.644643,98.565052,571.522644,4330.001428
104.824195,18.427183,5.413634,0.751649,12.286951,5.688563,3.403847,0.197114,122.651018,28.124554,145.548405,920.003967
119.961652,20.076800,6.696910,0.700375,11.169953,5.975138,2.997920,0.167507,123.493594,19.187679,146.761639,843.338666
151.915292,27.559377,7.476724,0.684175,12.099624,5.512291,3.686023,0.161241,217.781435,36.672471,256.251815,1595.059618
144.954422,29.249512,12.598126,0.825587,14.781010,4.955789,2.321735,0.201647,473.048653,129.847558,584.696960,4446.036867
181.500070,30.275281,12.856248,0.584144,10.985551,5.994992,2.354908,0.133933,250.690529,37.227917,291.653986,1648.268174
174.311831,21.762572,10.480615,0.664709,20.943037,8.009707,2.076460,0.260543,687.208053,494.053766,1199.563746,12924.123668
140.729426,16.967201,6.845578,0.693462,21.028527,8.294204,2.478564,0.291152,423.109203,456.182207,861.722999,9322.119005
215.437534,26.998671,12.758560,0.734706,16.138218,7.979561,2.116122,0.180592,678.133996,109.072594,782.230928,6494.245105
155.239168,30.574325,8.496923,0.559256,14.966344,5.077436,3.598282,0.197296,310.845677,82.987249,389.584754,2999.547866
134.685239,14.401313,5.543830,0.741384,16.556108,9.352289,2.597719,0.234316,229.058975,90.459723,314.835075,2681.510264
218.535788,29.693567,10.750844,0.715037,22.120453,7.359701,2.761975,0.245774,1173.913842,734.245572,1898.307851,21602.239174
209.557049,27.142995,7.786252,0.594791,22.509543,7.720484,3.486016,0.255399,818.796250,579.301697,1373.966128,15910.389108
179.733348,33.170097,9.345880,0.569933,16.105116,5.418536,3.549168,0.197312,448.956467,118.528531,577.445973,4784.244065
181.224000,26.067478,12.995420,0.801618,10.921348,6.952111,2.005897,0.133251,301.545734,36.339053,330.069027,1854.467118
136.221824,25.474601,6.654806,0.832773,18.674702,5.347359,3.828001,0.262805,501.185297,537.490458,1062.502317,10207.553899
149.014005,16.132534,6.705770,0.810552,23.752213,9.236863,2.405769,0.319591,624.270687,809.384565,1424.699524,17408.665066
140.900092,16.650116,4.953035,0.667165,15.439182,8.462409,3.361599,0.213635,195.856920,52.483126,245.957875,1953.543663
143.080145,28.389624,12.244945,0.626235,11.785206,5.039875,2.318477,0.161827,232.018817,39.211148,273.367839,1657.382321
161.551480,17.654322,8.381905,0.818280,15.033327,9.150818,2.106242,0.194269,333.965055,57.655205,399.238975,3087.636418
204.461852,27.961881,9.924479,0.620096,11.564112,7.312164,2.817466,0.132834,269.718463,36.862883,303.385758,1804.868554
185.855560,22.440884,10.894680,0.844730,18.965072,8.282007,2.059802,0.228492,775.846177,310.368278,1076.893624,10506.677839
185.196967,22.667910,8.350529,0.814131,14.144547,8.170006,2.714548,0.170717,382.570805,53.215960,437.465430,3183.251029
136.034005,27.830422,8.356596,0.678509,21.615557,4.887961,3.330354,0.304401,613.837097,990.754015,1639.637512,18232.758645
124.950268,16.183979,7.950835,0.647020,16.057682,7.720615,2.035507,0.235949,229.513604,95.700932,308.486106,2548.335287
203.692424,25.380229,12.575632,0.580201,22.639971,8.025634,2.018207,0.260551,977.529382,688.634601,1666.440959,19409.032942
224.781414,32.896254,10.260281,0.771311,18.649167,6.833040,3.206175,0.204307,979.361809,267.728929,1251.215946,12004.105929
88.436762,15.790903,5.667939,0.613278,23.653000,5.600488,2.786004,0.413117,279.949515,139.891101,410.784983,4998.490883
190.751652,20.652988,7.855960,0.687406,17.323230,9.236032,2.628958,0.206015,450.347564,101.356574,555.588536,4951.311692
155.044397,26.967609,7.998270,0.723836,18.091220,5.749282,3.371680,0.238640,504.289173,299.673781,800.547801,7450.633967
201.525348,28.107199,11.885698,0.586871,11.200185,7.169884,2.364792,0.129588,264.155329,35.992041,295.941661,1705.176829
150.088804,28.305990,9.063874,0.625156,10.309613,5.302369,3.122946,0.138220,162.052197,25.401061,182.347800,967.121376
212.260410,24.417261,8.123023,0.637686,22.275419,8.693047,3.005933,0.251128,826.444806,506.987911,1337.575210,15327.883497
115.875146,20.309575,8.338543,0.703404,13.073924,5.705444,2.435626,0.199487,179.814477,41.924646,211.186927,1420.401412
144.884481,23.029045,10.379752,0.694037,16.954229,6.291380,2.218651,0.231351,417.258790,185.993193,585.235533,5104.425162
167.725826,32.260679,10.454394,0.558958,19.079943,5.199079,3.085849,0.241981,593.684687,372.913704,990.326278,9720.609426
192.943202,28.164913,12.121458,0.561283,13.142932,6.850481,2.323558,0.155411,336.589541,50.727646,394.457096,2667.043829
188.400856,29.065941,8.896081,0.692007,17.866226,6.481843,3.267275,0.213794,609.793811,199.877067,789.205874,7253.727702
132.177896,16.643612,7.586634,0.759142,21.764126,7.941659,2.193807,0.310932,482.972764,622.129431,1112.304883,12453.837197
133.743705,25.346474,8.128742,0.755367,11.805066,5.276620,3.118130,0.167662,201.626826,33.731887,239.666562,1455.505929
137.630353,28.968178,10.691350,0.625020,15.556877,4.751088,2.709497,0.217806,355.751543,135.712657,484.715456,3879.246668
150.005606,31.151986,11.526199,0.818825,23.171445,4.815282,2.702711,0.310744,1120.482038,2065.553379,3219.302967,38375.414390
170.750765,26.871304,7.740668,0.754135,19.146503,6.354391,3.471445,0.240664,626.011687,383.077239,1013.043869,9978.283042
102.562015,18.820997,4.571839,0.703881,18.620697,5.449340,4.116724,0.302000,233.722864,350.962248,593.372608,5684.097842
208.970404,25.204233,11.611443,0.664234,18.314740,8.291084,2.170637,0.208095,707.829773,174.567014,873.530954,8230.328412
181.941302,22.939870,7.303265,0.618807,13.526027,7.931226,3.141043,0.164706,254.083696,37.297065,295.136873,2053.675562
208.997456,24.630308,10.131933,0.820256,19.546840,8.485377,2.430958,0.222080,897.266542,313.210346,1172.371563,11789.080785
179.370047,32.239906,8.517521,0.709917,19.589386,5.563603,3.785128,0.240242,747.071612,485.400473,1239.703388,12493.286836
133.961295,26.759124,7.716721,0.685635,22.711695,5.006191,3.467681,0.322302,634.530386,1070.420455,1649.058248,19267.423450
193.336596,24.447527,11.477498,0.725031,21.807901,7.908227,2.130040,0.257609,968.559264,705.461707,1680.954707,18858.536091
167.094405,24.206626,7.071396,0.550404,19.088674,6.902837,3.423175,0.242548,416.313855,230.668632,657.419787,6455.897550
205.672578,29.275591,7.447948,0.830557,19.064642,7.025395,3.930692,0.218345,846.138157,320.219787,1182.551854,11598.103039
188.644515,25.184871,9.562130,0.552038,12.830148,7.490390,2.633814,0.153431,260.236606,37.584229,294.900015,1946.455911
125.670125,25.461818,6.893174,0.620138,11.833380,4.935631,3.693773,0.173379,149.559749,28.831060,179.165269,1090.688536
154.374966,22.247200,10.250702,0.583554,21.388152,6.939074,2.170310,0.282741,582.157885,590.293016,1159.966172,12763.115411
210.782357,32.448149,12.118395,0.839138,12.559088,6.495975,2.677595,0.142084,511.098924,68.083659,562.640944,3635.193718
151.472825,22.721136,7.099086,0.645436,10.998201,6.666604,3.200572,0.146777,149.955268,21.236913,169.505308,959.054019
187.258493,33.289224,12.141482,0.782061,21.183351,5.625199,2.741776,0.254260,1162.969338,1011.111961,2239.603931,24406.415111
194.764472,32.646601,9.706256,0.775281,15.966205,5.965842,3.363460,0.187910,632.810253,135.726147,767.814552,6306.612389
173.143363,26.248552,11.298274,0.758112,12.940053,6.596301,2.323236,0.161524,354.053543,50.810134,413.646447,2753.616557
123.308654,13.323998,4.986859,0.663879,21.830618,9.254628,2.671822,0.322904,294.386228,334.447947,616.100037,6919.191764
184.731753,19.462078,6.200798,0.718681,11.402152,9.491882,3.138641,0.137791,181.179840,20.634962,201.878505,1184.172617
157.206637,28.101762,8.310306,0.752131,13.445510,5.594191,3.381556,0.176135,316.554068,58.144429,369.929754,2558.790050
155.487375,20.878429,5.527409,0.825561,22.930313,7.447274,3.777255,0.302041,671.262070,994.911967,1625.816213,19178.716354
177.263618,26.428185,10.203053,0.777664,15.317368,6.707370,2.590223,0.188964,486.628354,94.624359,613.523658,4834.522258
215.668676,25.770934,11.401798,0.566470,21.372066,8.368679,2.260252,0.239032,863.192634,399.380094,1318.554750,14497.154942
182.218066,30.668514,8.279262,0.550101,23.254133,5.941535,3.704257,0.282949,797.907970,962.869352,1742.148369,20841.232693
205.827810,31.174311,10.258975,0.763806,22.092189,6.602481,3.038735,0.252924,1195.312897,946.267844,2092.379227,23780.296069
169.358437,19.469409,9.506236,0.568603,21.886550,8.698694,2.048067,0.276234,584.389676,485.705831,1077.892792,12136.430554
94.312065,20.268355,5.671253,0.714659,16.006464,4.653168,3.573876,0.270717,188.941069,212.117101,406.956815,3351.057167
127.683559,27.723375,10.984469,0.676744,10.723606,4.605628,2.523870,0.155875,175.737283,29.182578,198.244143,1093.652427
198.260314,24.493433,6.710383,0.654226,12.865607,8.094427,3.650080,0.150078,262.257286,36.194057,301.609184,1996.240880
210.355685,33.023383,9.324197,0.670403,17.887379,6.369901,3.541687,0.202569,718.743578,195.611126,925.178212,8513.540692
219.125374,27.324331,7.137766,0.629626,13.827566,8.019423,3.828135,0.153427,346.506820,50.556947,390.802732,2779.978535
140.300514,24.446617,6.372600,0.807289,18.451600,5.739056,3.836208,0.255863,464.996466,417.234741,878.137594,8335.558727
168.495111,20.337821,8.541330,0.690940,17.346253,8.284817,2.381107,0.219490,420.712890,128.675417,562.587252,5020.346161
139.426722,22.285757,5.396476,0.596563,17.230701,6.256315,4.129687,0.239681,266.826501,147.692134,419.884850,3721.956248
179.557949,22.226583,6.795322,0.619369,12.043046,8.078523,3.270865,0.147617,192.303316,25.829261,211.008892,1307.299841
207.102885,27.740528,12.680209,0.808553,18.462518,7.465715,2.187703,0.210718,933.373028,264.383599,1178.723460,11195.434955
171.859387,30.911262,8.223676,0.747889,17.753039,5.559766,3.758813,0.222428,606.263907,266.683036,904.859743,8264.033699
110.558575,23.949285,9.367282,0.787424,21.736539,4.616362,2.556695,0.339545,575.542132,967.587104,1525.218616,17055.348145
180.792949,32.489566,8.399903,0.760438,15.427965,5.564646,3.867850,0.188461,515.626312,116.884041,627.240948,4978.301170
126.588424,16.727822,5.785736,0.716289,21.624790,7.567538,2.891218,0.315688,384.727704,510.720183,902.542184,10040.550385
176.726789,20.845517,8.006964,0.553002,19.425959,8.477928,2.603423,0.240013,445.770827,204.628057,644.519157,6441.045963
128.420554,20.217451,6.723224,0.728899,19.402209,6.351966,3.007107,0.281214,384.992498,443.306277,828.303807,8267.590098
99.974050,21.015373,9.293805,0.604125,12.646445,4.757187,2.261224,0.207744,141.496491,40.592277,179.186780,1165.769043
165.970962,33.764030,10.729604,0.782733,20.757957,4.915615,3.146810,0.264650,967.809065,1092.527693,2101.523163,22441.758963
158.905062,25.479358,6.564713,0.737811,12.407421,6.236619,3.881260,0.161665,231.750147,36.455132,267.645696,1708.361991
150.323223,29.158944,8.530330,0.788354,10.833540,5.155304,3.418267,0.145131,220.719837,33.514009,253.080456,1410.480599
212.915629,29.699000,10.246754,0.666971,19.526843,7.169118,2.898381,0.219802,833.985888,294.217194,1127.183717,11323.087093
199.234136,21.790688,10.537080,0.836651,14.939619,9.143086,2.068001,0.173845,505.137492,66.733134,572.011707,4396.251765
165.619099,19.069941,5.983899,0.604646,23.399902,8.684825,3.186876,0.298650,529.848864,594.059960,1113.760978,13407.387003
178.277378,20.047193,6.937306,0.836122,19.075515,8.892885,2.889766,0.234656,574.773459,262.713519,851.460398,8355.622836
152.323437,18.553194,4.682488,0.588702,13.564315,8.210092,3.962251,0.180517,153.298124,25.551565,184.211097,1285.439851
180.827452,26.029671,6.997718,0.746487,16.610090,6.946974,3.719737,0.202882,470.318537,121.390502,597.596218,5106.436402
228.848778,31.595133,8.559775,0.691266,13.656251,7.243165,3.691117,0.148273,450.890049,66.313189,504.715548,3545.816592
123.106435,16.377185,4.232339,0.817853,15.781489,7.516947,3.869535,0.233621,208.803729,98.569907,301.701256,2449.419641
144.419812,18.307831,8.726088,0.627393,10.007689,7.888417,2.098057,0.136780,116.677979,13.956056,128.182281,659.933076
154.309515,32.839482,11.836024,0.722308,11.326797,4.698902,2.774537,0.149766,276.038148,45.289041,319.988278,1864.572631
135.054774,17.055458,8.371968,0.837369,23.890755,7.918566,2.037210,0.337659,685.196605,914.166267,1592.930843,19577.846084
134.219555,15.985124,6.863862,0.829970,10.469098,8.396529,2.328882,0.148424,126.380185,13.655446,138.030099,743.397653
215.984360,25.646589,9.065115,0.772038,16.861044,8.421563,2.829152,0.188442,640.903714,114.681278,733.755770,6364.643673
102.160692,20.505688,6.837434,0.573834,10.373070,4.982066,2.999033,0.168566,80.828048,14.133691,97.855514,522.192614
166.284752,19.930976,6.541844,0.576223,12.177010,8.343031,3.046691,0.155102,160.251221,21.659468,179.770933,1126.155161
174.746778,28.004607,8.355781,0.664839,23.622784,6.239930,3.351525,0.293515,886.688841,1205.115837,2182.585121,26524.082446
146.026383,21.443687,7.564338,0.648388,11.101411,6.809761,2.834840,0.150892,147.882476,20.518664,167.017207,953.844371
181.742690,28.784036,10.116229,0.766175,11.475514,6.314010,2.845333,0.139813,298.302639,40.827347,340.644448,2010.997625
169.811254,31.443131,11.985849,0.735419,17.984060,5.400584,2.623354,0.226677,712.030277,331.123781,1041.724082,9637.814029
198.479672,25.283699,7.327443,0.601203,21.054656,7.850104,3.450549,0.245467,649.763157,372.479643,1023.116712,11081.828703
204.485186,27.173932,12.303507,0.644168,11.121890,7.525050,2.208633,0.127747,284.058905,36.389836,327.072580,1871.375073
138.184644,24.297130,6.859571,0.625673,10.817927,5.687282,3.542077,0.151153,134.054153,21.130345,153.674213,855.230422
195.635338,32.746150,11.714807,0.601199,15.754152,5.974300,2.795279,0.185001,533.170732,110.052830,644.747161,5225.436405
106.198152,19.943275,5.938618,0.828682,10.700196,5.325011,3.358235,0.170544,115.740375,18.629892,135.036878,743.330954
228.685786,29.396937,11.549992,0.831529,16.906976,7.779238,2.545191,0.183633,877.958759,150.717571,1038.890558,9035.950552
137.771801,19.510233,6.734744,0.636894,21.501485,7.061515,2.896952,0.300879,430.503997,533.635058,924.028494,10220.965749
94.992108,17.351271,7.932463,0.637562,20.241197,5.474648,2.187375,0.341111,285.327143,372.278429,659.896189,6871.474184
186.063962,30.566462,8.656254,0.822306,14.109678,6.087193,3.531142,0.169899,472.396133,78.995732,549.077278,3985.553866
150.567944,28.728883,7.817483,0.799493,21.622826,5.240995,3.674953,0.289434,787.391873,1231.925508,2001.646850,22265.785418
145.530419,26.644278,8.738156,0.642983,16.063788,5.461976,3.049188,0.218713,352.845155,131.183060,458.767289,3791.215914
139.928253,19.670312,6.758431,0.743607,20.196157,7.113677,2.910485,0.280427,449.475382,493.059198,935.188109,9716.409819
197.711641,21.069312,9.125541,0.742235,17.952435,9.383868,2.308829,0.209706,578.288760,139.279055,708.127452,6539.927090
187.421433,24.200573,6.653909,0.808516,18.554211,7.744504,3.637046,0.222606,609.233078,233.021079,822.519581,7851.033637
151.743408,23.219712,11.258958,0.602052,10.681128,6.535112,2.062332,0.142418,171.344104,23.475540,192.163857,1055.910082
89.260249,18.787468,8.819554,0.681328,20.484714,4.751053,2.130206,0.356127,320.638623,407.093052,738.485842,7782.339670
134.898678,19.922255,7.829630,0.826800,14.278565,6.771256,2.544470,0.201922,271.547434,63.175001,340.900039,2504.088689
104.446241,20.975114,9.012898,0.833925,14.024799,4.979532,2.327233,0.225400,233.002521,103.099393,332.160464,2396.529048
160.219303,30.665885,9.158145,0.622657,20.560328,5.224676,3.348482,0.266794,655.963809,669.636931,1374.906872,14542.578827
89.415063,14.168694,4.097444,0.659643,10.716805,6.310748,3.457935,0.186150,55.593626,9.927313,67.610242,372.748527
88.826676,17.408982,5.190968,0.652707,21.771136,5.102347,3.353706,0.379414,257.628184,242.169039,503.620792,5640.568095
133.350937,16.014937,6.690633,0.608922,16.719698,8.326660,2.393636,0.237812,226.616458,95.602646,314.192466,2702.478866
69.059591,11.861514,5.234694,0.626533,16.591769,5.822156,2.265942,0.327932,98.464356,122.416590,229.746926,1961.013136
151.296619,22.734544,10.715828,0.747583,20.616813,6.654922,2.121585,0.275303,674.085070,701.922395,1340.103798,14213.403149
98.754929,16.424503,4.767161,0.724235,19.853306,6.012659,3.445343,0.328138,244.171521,360.998834,596.697526,6094.318939
179.058810,26.168469,9.703037,0.739019,13.848418,6.842541,2.696936,0.169983,375.922801,58.220472,435.553435,3102.985353
148.290527,21.805409,10.029209,0.788505,13.179697,6.800630,2.174190,0.177767,284.822053,44.566721,335.626759,2275.621917
109.878512,18.107917,8.111842,0.833214,14.505796,6.067982,2.232282,0.227294,227.517677,95.177707,324.426886,2421.009588
204.315927,30.300089,9.692297,0.657079,19.996919,6.743080,3.126203,0.229782,819.386731,370.936006,1183.135005,12171.258812
105.308350,19.859574,8.781770,0.774011,10.967463,5.302649,2.261455,0.175541,131.892212,21.707821,145.737019,822.269436
194.026192,26.831374,11.102859,0.731286,19.030776,7.231318,2.416618,0.224404,782.189065,299.347372,1079.182473,10565.486189
151.742973,18.324999,4.856065,0.632784,12.309498,8.280654,3.773631,0.164131,136.736682,19.315098,158.594712,1004.308520
120.212156,22.826392,11.276705,0.847875,20.293805,5.266367,2.024208,0.304014,621.953137,1007.419614,1583.998251,16536.983660
148.788844,30.026785,12.731514,0.587296,20.264648,4.955204,2.358461,0.272871,662.907967,709.061320,1355.274891,14128.776470
140.331989,19.503160,9.609062,0.706433,19.071715,7.195346,2.029663,0.264433,454.982927,365.486188,827.752444,8121.351926
169.585895,29.816862,7.953412,0.643405,15.286952,5.687584,3.748940,0.192810,377.027438,89.673584,472.185749,3713.401360
198.687270,27.287341,12.617162,0.689826,18.457236,7.281298,2.162716,0.215073,769.992760,234.069012,1018.081483,9666.901901
192.666479,21.017535,5.381298,0.750654,15.214261,9.166940,3.905663,0.180033,335.207667,52.554822,389.853507,3051.338680
152.900022,20.832266,9.382567,0.845389,10.865355,7.339577,2.220316,0.144326,206.412318,23.859696,225.190830,1258.730448
166.051503,26.957010,9.286249,0.845417,12.881971,6.159864,2.902895,0.164197,352.733072,52.590088,412.147164,2731.320985
145.135113,20.378778,6.925507,0.815346,18.996511,7.121875,2.942568,0.258995,468.819653,387.070960,824.784731,8060.325223
169.465967,31.111113,9.194763,0.601423,18.955717,5.447120,3.383569,0.239168,579.646212,343.791282,901.382873,8789.974656
183.378604,24.565800,11.516792,0.602336,19.418132,7.464793,2.133042,0.235525,643.662267,286.861034,946.052571,9450.631660
120.325057,26.076236,7.000350,0.831333,12.931085,4.614357,3.724990,0.193625,233.312739,58.420081,282.058437,1876.342783
127.759278,19.149229,7.741126,0.813782,10.140694,6.671771,2.473701,0.147358,130.627202,15.990918,145.524070,759.172756
127.272686,27.763037,10.484414,0.637448,17.270983,4.584249,2.648030,0.251451,398.253197,310.489253,709.352449,6302.563410
204.072222,27.327608,9.232541,0.737712,17.529463,7.467621,2.959923,0.201549,656.367609,156.899210,823.175227,7423.334222
221.354180,28.125761,7.625043,0.694150,17.251821,7.870158,3.688604,0.190456,606.598916,122.065942,740.495517,6571.968758
139.535228,25.902176,8.122556,0.692658,19.151000,5.387008,3.188920,0.266289,482.308086,486.472750,967.142353,9528.399864
165.883721,26.732177,9.805511,0.737141,15.075297,6.205395,2.726240,0.192251,418.658296,89.230634,505.637112,3921.416054
166.015407,24.637751,7.219647,0.643790,18.922397,6.738253,3.412598,0.241216,473.208984,265.712799,731.112250,7117.022038
196.411153,23.581670,8.101311,0.750986,17.340705,8.328976,2.910846,0.203230,549.255285,126.943468,679.568372,6062.308347
171.078804,21.850897,8.488391,0.664066,22.563280,7.829372,2.574209,0.283340,698.814876,728.346265,1423.802519,16526.850498
116.967209,23.711142,8.955593,0.734621,22.674213,4.933006,2.647635,0.344353,595.857668,915.886869,1538.180809,17942.283502
214.043817,25.390345,7.661611,0.655353,19.301181,8.430126,3.313970,0.216689,649.000369,199.589729,827.885196,8220.384035
184.662165,33.961206,9.974810,0.751979,19.362800,5.437444,3.404697,0.234036,871.619507,505.216554,1378.545874,13731.800838
221.258010,29.984109,8.487408,0.791260,13.198357,7.379176,3.532776,0.145738,454.841462,61.628428,497.359494,3376.979229
119.165917,18.446509,7.702093,0.775096,22.891244,6.460080,2.395000,0.344427,526.734044,715.669544,1222.754358,14399.477205
79.858692,15.097398,7.050924,0.790095,22.172639,5.289567,2.141194,0.407530,308.131030,174.930728,480.352492,5479.179779
228.318317,31.026825,11.154249,0.621708,15.222695,7.358739,2.781615,0.165472,556.978514,87.677412,653.781626,5119.910371
87.051889,16.539712,4.849562,0.583594,12.392026,5.263205,3.410558,0.218151,75.479641,25.737186,101.762509,648.736334
151.867307,30.430523,10.587546,0.568288,13.102069,4.990624,2.874181,0.174627,265.959699,52.416691,318.181903,2144.635298
143.592185,24.502332,9.447849,0.711807,14.617092,5.860348,2.593430,0.200355,316.261032,77.483889,409.675356,3080.625583
122.032535,16.339154,7.517160,0.599909,17.765397,7.468718,2.173581,0.264144,250.055617,180.077527,448.158948,4095.859985
176.806090,21.349124,10.531623,0.752836,11.453176,8.281655,2.027145,0.141475,247.440521,28.398297,274.880236,1619.599143
129.166748,17.291683,6.868622,0.642637,13.334704,7.469877,2.517490,0.192713,158.556845,29.313218,189.054584,1296.906569
116.225415,17.079664,7.746222,0.779257,15.301752,6.804901,2.204903,0.233128,234.220928,104.002178,334.721056,2634.888754
137.870730,22.017840,8.860521,0.714100,21.681267,6.261774,2.484937,0.303286,587.559946,819.026746,1429.810070,15947.812591
96.131311,19.074226,4.558487,0.846262,13.824745,5.039854,4.184332,0.231595,156.131440,85.265472,246.711326,1754.625054
182.552316,24.756689,6.919456,0.577388,21.605747,7.373858,3.577837,0.262651,591.091014,474.282361,1096.192247,12184.118758
150.584685,18.906923,6.927903,0.617166,21.199875,7.964526,2.729097,0.283757,439.647580,435.341893,844.619262,9211.543074
162.237527,30.750188,11.349403,0.694733,19.040772,5.275985,2.709410,0.245534,696.598262,484.257681,1177.878441,11537.803564
228.616132,29.630474,12.875543,0.837922,16.717361,7.715575,2.301299,0.181601,913.300112,151.059351,1075.110447,9246.106982
133.646731,26.170041,7.834861,0.683913,16.203362,5.106860,3.340205,0.230213,332.721201,166.582517,505.107162,4210.432997
143.052860,22.132795,11.032892,0.717978,23.295212,6.463389,2.006074,0.319906,780.917378,1116.441545,1803.029807,21607.657145
194.883965,25.065430,6.065889,0.712020,15.179439,7.775010,4.132194,0.178596,373.962863,64.294492,430.890437,3364.811111
182.108212,30.797910,11.355925,0.611248,23.933342,5.913005,2.712057,0.291301,1062.626183,1377.143903,2337.710293,28782.741080
129.424652,24.371550,11.941263,0.816536,22.548984,5.310481,2.040952,0.325553,828.174809,1391.017546,2153.086161,24976.207003
171.466993,27.193721,7.320540,0.605438,23.501639,6.305389,3.714715,0.294789,739.181186,983.076738,1704.021300,20602.089638
225.670616,26.094455,11.596433,0.655302,15.717409,8.648221,2.250214,0.171849,570.606126,83.241492,639.072544,5167.366067
164.700497,26.863019,7.251298,0.806894,21.907523,6.131124,3.704581,0.280382,820.460752,1087.209751,1910.950912,21536.786787
83.047056,17.073316,4.522726,0.630852,15.575252,4.864143,3.775006,0.280722,117.679696,137.953616,250.686369,2008.648297
225.013456,33.734030,8.215893,0.695002,22.958439,6.670222,4.105948,0.251386,1218.815633,948.745607,2265.272054,26754.746300
223.127287,28.561074,12.104108,0.676498,10.257176,7.812286,2.359618,0.112786,278.338581,34.309338,306.026626,1614.823781
117.888572,26.182573,7.800218,0.629911,22.791194,4.502559,3.356646,0.344774,525.237971,810.229034,1321.639816,15495.953551
144.461649,26.914545,8.553000,0.658379,21.845927,5.367419,3.146796,0.298537,635.195096,928.626797,1602.411363,18008.710158
74.124001,13.189727,5.874427,0.626090,10.849010,5.619828,2.245279,0.206973,52.890759,12.910087,66.596635,371.689662
122.482531,12.901611,4.748185,0.582932,21.155755,9.493584,2.717167,0.313975,238.363047,251.520279,495.198170,5389.465161
139.559437,30.311476,11.995638,0.633122,17.934435,4.604178,2.526875,0.249351,514.807235,387.919199,904.649515,8346.533843
218.974475,26.123211,7.705573,0.637991,18.177985,8.382372,3.390171,0.201768,588.512882,136.128985,724.422864,6774.480396
176.159630,19.159426,6.834818,0.736740,23.163213,9.194411,2.803209,0.286648,696.282408,739.927449,1404.486619,16736.109314
171.819201,24.592475,5.918667,0.748222,15.089383,6.986657,4.155070,0.189077,342.069781,69.612162,394.684853,3063.797419
211.957277,23.593565,9.397045,0.737877,14.999121,8.983690,2.510743,0.169217,469.489397,63.837810,521.432769,4023.483637
175.312496,19.025352,9.500629,0.746899,16.084386,9.214678,2.002536,0.199527,413.139160,79.074790,497.849554,4119.464152
109.689987,21.459619,6.056425,0.567273,12.577753,5.111460,3.543281,0.197253,118.397448,29.363379,147.305639,953.148454
96.535131,18.544783,8.535071,0.672252,20.420676,5.205514,2.172774,0.341374,329.401644,452.638346,778.228031,8175.514398
162.704812,29.126421,8.248936,0.756938,16.434597,5.586159,3.530931,0.211623,487.978415,165.374396,637.651358,5391.138220
66.933076,13.018752,5.699456,0.596114,16.613994,5.141282,2.284209,0.333547,101.296754,129.588687,232.953014,1991.042259
86.613356,16.619533,4.815292,0.721644,10.428919,5.211540,3.451407,0.184056,65.930514,12.471118,77.987006,418.407689
209.174951,32.092832,10.452623,0.612646,17.692558,6.517809,3.070314,0.200928,668.491520,170.435904,848.637469,7724.154269
219.338357,24.670617,11.496626,0.798466,12.715423,8.890672,2.145901,0.141019,431.219565,48.585845,490.932753,3211.374222
174.325652,32.677328,11.492521,0.680553,18.339800,5.334758,2.843356,0.228148,705.565766,338.446886,1042.019858,9831.248970
100.123350,18.666034,9.230626,0.834911,13.546131,5.363933,2.022185,0.222357,200.151166,77.477281,277.307126,1932.477338
113.138552,18.148454,6.711864,0.588795,15.626733,6.234060,2.703936,0.241305,180.048790,93.156817,272.684871,2192.135222
216.307949,26.404022,10.618222,0.786742,13.974685,8.192235,2.486671,0.156066,500.956398,64.124191,575.102170,4134.520433
203.741385,22.310823,9.274973,0.822395,12.783398,9.131953,2.405486,0.147099,360.323294,40.325481,407.041809,2676.846217
157.314406,21.953168,7.391164,0.590730,11.529436,7.165909,2.970191,0.150983,157.016164,22.192462,177.577925,1053.258920
211.977158,33.576926,9.711242,0.601945,12.811613,6.313179,3.457532,0.144532,360.811104,57.365997,423.770898,2793.013661
88.243430,18.347171,8.867741,0.618969,12.908586,4.809648,2.068979,0.225705,123.060991,49.185584,176.214968,1170.198606
82.850577,15.164673,6.955823,0.812103,16.637193,5.463394,2.180141,0.300217,189.963639,269.489464,467.867449,4004.432739
114.677856,24.411527,7.473902,0.706141,11.195629,4.697693,3.266236,0.171717,141.512129,25.930042,170.250869,980.564013
76.626774,14.564184,3.770069,0.564138,11.201798,5.261316,3.863108,0.210185,45.405765,13.138790,59.276104,341.590284
174.904938,25.352173,9.706675,0.780504,22.643428,6.899012,2.611829,0.281219,961.064536,1142.580262,2105.522131,24526.755232
160.326212,18.858502,8.898458,0.762460,11.409270,8.501535,2.119300,0.147999,196.969454,22.379380,214.191084,1257.179730
224.154514,31.318421,11.779600,0.595461,17.173616,7.157274,2.658700,0.188405,685.878564,136.857074,833.539606,7364.208633
95.642714,19.210695,5.560153,0.790328,16.869983,4.978618,3.455066,0.283330,224.458266,304.871605,525.079752,4556.989463
133.783591,19.568988,8.842488,0.575518,10.557344,6.836510,2.213063,0.149919,117.755674,16.044133,133.500031,725.060338
132.247093,26.875524,12.510991,0.579610,18.794952,4.920726,2.148153,0.268443,484.444451,470.162780,991.073693,9582.642369
167.609757,23.659854,8.638422,0.805776,17.541664,7.084142,2.738909,0.222549,541.013639,203.925529,748.472299,6754.366469
155.619305,29.032648,10.144489,0.841405,16.341506,5.360149,2.861913,0.215161,562.092651,207.694953,774.706169,6512.792024
191.546750,27.333261,11.039852,0.700587,15.426008,7.007827,2.475872,0.183071,505.158765,90.051049,604.908882,4800.446409
135.678014,21.414826,6.497460,0.610387,19.874075,6.335705,3.295877,0.280244,366.524424,393.868192,761.304094,7783.648088
171.495886,23.215670,7.623540,0.652858,18.066045,7.387074,3.045261,0.226590,446.786565,173.136637,622.553123,5785.988946
203.049898,29.073625,10.558376,0.576017,21.232231,6.983990,2.753608,0.244736,833.335448,483.850758,1354.919640,14799.507688
148.079197,30.208896,8.764483,0.657832,13.811929,4.901841,3.446740,0.186428,296.795438,67.044407,363.088114,2579.909536
173.282431,26.750889,6.965036,0.847942,23.934214,6.477633,3.840740,0.298638,1053.799231,1708.219158,2818.560577,34704.408484
166.891632,29.623027,7.619158,0.712546,21.664255,5.633848,3.887966,0.275442,773.530041,946.706409,1733.030958,19314.709580
211.662028,30.301646,11.720929,0.749977,13.434788,6.985166,2.585260,0.151675,492.104735,68.336119,553.883109,3828.133173
80.604438,17.708092,6.818563,0.804904,10.540162,4.551842,2.597042,0.192829,84.637932,18.558350,103.827246,562.984884
66.122071,12.138010,3.932702,0.812702,17.400555,5.447522,3.086430,0.351474,116.977750,155.923819,275.614231,2467.191350
197.377808,22.345325,7.083348,0.702156,11.583700,8.833069,3.154628,0.135426,221.784393,26.667863,240.928153,1435.730552
144.972422,25.392993,7.039737,0.780174,11.037059,5.709151,3.607094,0.150562,186.672581,27.593913,217.135967,1232.886935
124.000077,17.834653,6.111084,0.813750,14.773363,6.952761,2.918411,0.217907,223.405524,72.942862,300.426523,2283.262055
100.399962,20.456230,9.757009,0.844211,20.645707,4.908038,2.096568,0.338428,481.705369,790.013767,1255.319110,13332.820028
183.121762,21.378971,5.482688,0.701066,22.197583,8.565509,3.899359,0.269426,619.076664,558.619411,1183.797032,13518.267922
181.754660,28.455809,10.622621,0.794454,18.135036,6.387260,2.678794,0.220942,740.897671,286.687369,1058.393829,9874.243461
123.882344,26.167382,9.406409,0.613863,23.508435,4.734228,2.781867,0.346915,618.800859,892.511701,1431.566395,17313.039322
182.933706,24.750567,10.733191,0.736580,12.356074,7.391092,2.305984,0.150050,313.488218,40.561986,348.660198,2216.261300
171.676594,27.064966,8.222581,0.827273,13.100342,6.343130,3.291541,0.164222,349.997071,52.988927,406.241484,2737.820673
154.631063,29.921461,11.976616,0.646017,22.306666,5.167898,2.498323,0.294639,854.695157,1206.513298,2046.183218,23481.038020
176.405478,33.338434,12.985888,0.604900,10.857672,5.291355,2.567282,0.134272,258.960917,40.910695,299.375663,1672.211951
138.549893,18.873569,7.188707,0.731048,10.951521,7.340948,2.625447,0.152818,139.677629,17.725795,157.517175,887.442966
88.843298,10.068282,4.648225,0.638970,13.196405,8.824077,2.166049,0.229957,70.181309,22.469579,94.651735,642.572761
229.724828,24.290904,10.910911,0.655470,22.540004,9.457237,2.226295,0.244261,1068.029542,538.815914,1663.481065,19289.011204
120.969614,26.657658,7.940858,0.779142,13.534375,4.537894,3.357025,0.202117,252.366145,73.806743,319.622043,2225.425331
187.326373,24.937607,8.797869,0.698860,15.665070,7.511802,2.834505,0.187991,435.445261,80.909861,533.100887,4296.154203
196.595936,22.609475,8.729645,0.756098,17.497490,8.695290,2.589965,0.204971,567.730463,130.969629,700.735630,6307.657036
189.404813,31.579817,12.057956,0.625477,18.174126,5.997654,2.619002,0.216901,696.542448,243.245406,944.182603,8827.701218
146.117780,31.792988,11.857393,0.669068,13.346953,4.595912,2.681280,0.181357,328.654369,69.458055,394.719879,2710.249176
184.477066,26.312274,11.992742,0.571325,14.596352,7.011065,2.194017,0.176513,384.668112,64.620205,450.899355,3385.805814
206.533178,23.370996,7.627601,0.821642,19.571284,8.837158,3.064004,0.223680,767.261731,279.569694,1065.458319,10727.385638
107.327467,11.587356,3.641957,0.709422,15.286312,9.262464,3.181629,0.242354,114.180602,52.316361,165.493026,1301.429112
92.324165,14.202094,5.598359,0.565610,13.742524,6.500743,2.536832,0.234916,92.976148,39.102460,133.098938,940.977447
109.022176,19.991983,5.281525,0.762257,23.467623,5.453295,3.785267,0.369161,452.127417,538.728974,995.864574,12022.851722
180.163544,24.075710,9.483534,0.683473,22.908846,7.483208,2.538685,0.280332,856.245075,900.243241,1800.532707,21219.851366
161.062115,23.699995,7.134876,0.616545,22.048360,6.795871,3.321711,0.285353,575.380671,656.131383,1263.218799,14328.244042
182.448273,22.736621,6.284210,0.597441,12.537257,8.024423,3.618056,0.152453,199.692986,28.178378,227.827040,1469.419876
171.046217,26.233991,12.950508,0.590143,11.886746,6.520023,2.025711,0.149283,261.614697,37.660419,308.939166,1889.183194
198.208198,24.268222,8.226465,0.733866,20.123911,8.167397,2.950018,0.234777,732.872814,341.766308,1099.147027,11379.057546
222.784736,24.270893,11.162656,0.782341,16.590017,9.179091,2.174294,0.182561,690.336852,105.463980,797.409291,6805.596816
197.706144,30.655226,10.621372,0.574949,17.276300,6.449345,2.886183,0.201811,568.930147,145.631532,705.710418,6272.134771
113.993928,23.293053,6.679929,0.655534,23.551589,4.893902,3.487021,0.362312,491.337055,626.789374,1139.993563,13812.131992
143.772966,25.828658,12.650681,0.846292,20.594285,5.566413,2.041681,0.282106,840.728488,1117.206936,1955.040671,20712.886728
134.125119,21.363404,8.878457,0.742437,18.239444,6.278265,2.406207,0.258678,423.315584,341.204223,761.658249,7146.770791
153.613973,22.709246,10.244975,0.555235,12.328335,6.764380,2.216623,0.163378,200.954835,30.360380,229.145732,1453.296737
144.488927,28.555286,6.931832,0.686261,20.941211,5.059971,4.119443,0.286146,582.584504,834.055766,1416.305481,15257.972950
112.024624,14.854988,5.485577,0.826693,23.786188,7.541213,2.708008,0.369123,435.787897,436.483103,866.092760,10598.083908
178.941406,30.478216,8.933778,0.724953,15.377897,5.871125,3.411571,0.188819,474.756926,103.316524,571.672412,4522.538710
200.068503,30.802129,7.782620,0.726122,21.763407,6.495282,3.957810,0.252721,961.572632,773.356690,1697.871440,19009.460688
171.087705,23.384300,7.037432,0.762879,21.513462,7.316349,3.322845,0.270150,697.678165,696.892769,1426.989169,15793.161668
98.538000,21.707840,10.139347,0.821544,15.513734,4.539282,2.140951,0.256695,283.850161,257.278823,535.519766,4273.955120
119.981807,14.612562,4.495274,0.831278,23.593587,8.210868,3.250650,0.353785,419.125423,500.840397,924.923542,11226.332657
121.287415,23.940426,8.805269,0.749251,12.306419,5.066218,2.718875,0.183539,198.798009,39.020290,235.040187,1488.030782
208.280566,29.476035,10.311323,0.814908,18.711548,7.066099,2.858608,0.212956,915.550432,290.313798,1174.435699,11305.169003
202.404458,21.823730,10.616694,0.595337,22.644109,9.274512,2.055605,0.261426,841.054352,560.235221,1404.440524,16360.504576
138.164396,28.576643,10.847123,0.597421,11.442487,4.834871,2.634491,0.159892,193.667359,33.721411,224.419454,1321.049303
149.633578,16.396020,6.495574,0.620455,18.184868,9.126213,2.524183,0.244174,296.307614,140.269150,450.302208,4212.620374
162.494492,17.786646,7.427857,0.825331,16.279019,9.135758,2.394586,0.209755,372.948706,89.872940,465.571234,3898.993256
185.774454,29.630890,7.729485,0.623121,14.029770,6.269621,3.833488,0.169068,332.083445,58.857638,388.352715,2802.947829
154.241454,33.820044,11.731412,0.589017,22.932614,4.560652,2.882862,0.303289,880.876927,1387.321548,2262.105754,26687.296167
121.572821,25.182420,8.599797,0.779059,14.795143,4.827686,2.928257,0.220396,298.231341,123.556762,406.247253,3092.058610
106.280422,18.896440,6.129721,0.738543,14.984570,5.624362,3.082757,0.238738,188.673185,105.431776,294.736761,2272.043788
203.305639,26.693430,9.777382,0.829087,23.965083,7.616317,2.730120,0.276063,1340.619531,1506.285548,2833.143846,34928.961484
110.058445,23.590068,10.442819,0.833819,18.934426,4.665457,2.258975,0.296445,488.348445,788.527150,1268.684451,12357.877290
206.340972,30.898590,12.986440,0.671541,21.449984,6.678006,2.379296,0.245266,1114.410462,689.832046,1855.345431,20473.395027
165.942922,25.416543,10.178512,0.707079,18.657975,6.528934,2.497078,0.237897,594.933850,313.813712,931.023977,8936.418074
141.719216,22.822646,9.057715,0.776638,12.408195,6.209588,2.519691,0.171198,235.552714,36.439027,266.404011,1700.542478
197.036715,30.378008,9.468355,0.636642,18.512724,6.486163,3.208372,0.216621,662.261359,228.462941,883.786014,8416.965479
194.217972,20.773901,5.997572,0.684627,18.020562,9.349133,3.463718,0.212387,437.450655,115.824022,540.285981,5008.759120
219.953404,23.245309,9.247963,0.585913,15.434149,9.462271,2.513560,0.170931,415.019626,58.999562,462.848172,3675.016930
134.091887,19.458006,4.710692,0.704821,18.393683,6.891348,4.130605,0.260898,297.439005,249.776706,559.898899,5298.054551
176.932900,22.113054,6.567779,0.767442,10.150742,8.001287,3.366900,0.125342,165.930503,19.658091,185.264337,967.448209
191.740525,24.672800,9.358425,0.633734,11.525566,7.771332,2.636427,0.136713,234.852989,30.515426,266.255774,1578.699188
186.938407,25.987348,8.850662,0.803537,17.857728,7.193439,2.936204,0.214526,655.065949,209.178989,863.469142,7932.519138
150.177433,31.481473,8.818800,0.609395,21.217881,4.770343,3.569814,0.284383,645.811120,874.010544,1502.633285,16401.860426
175.172971,22.357632,9.478341,0.741364,12.257772,7.835041,2.358813,0.152118,267.051199,33.523100,305.699761,1927.723562
171.601391,32.510524,12.812997,0.618000,14.407189,5.278334,2.537308,0.180644,428.616832,86.441436,526.682964,3903.612002
90.893228,17.727983,4.222244,0.843242,10.632178,5.127105,4.198711,0.183172,84.109603,16.164056,101.353203,554.367571
170.477313,32.891722,10.508994,0.754077,15.814689,5.182985,3.129864,0.198944,558.172280,150.720253,695.524205,5658.626168
164.600317,17.924100,5.445191,0.595896,22.722769,9.183184,3.291730,0.290904,456.008730,464.448211,917.276156,10722.584194
115.648199,22.520071,7.022563,0.774149,19.077222,5.135339,3.206817,0.291373,393.495952,581.385831,948.800099,9311.678124
156.414188,20.248287,9.964729,0.734541,10.340112,7.724811,2.031996,0.135797,170.219857,19.697201,185.957832,989.185689
82.711378,15.291660,6.590077,0.673072,12.288352,5.408921,2.320407,0.221929,88.715195,31.176197,116.637906,737.346248
134.961028,23.662308,11.232755,0.733020,13.954240,5.703629,2.106545,0.197290,301.494107,68.608227,371.561007,2667.315674
133.324873,17.467697,8.416128,0.738459,15.980072,7.632653,2.075503,0.227314,286.994907,105.030572,388.495700,3193.765613
143.560130,26.957366,9.955081,0.598812,23.756731,5.325451,2.707900,0.325667,733.852158,1104.587865,1870.971121,22866.088089
108.595564,13.616579,3.866437,0.635450,10.499410,7.975246,3.521738,0.165486,58.210501,7.845857,66.493585,359.155699
167.745968,29.954137,7.450744,0.596390,21.983898,5.600094,4.020288,0.278793,674.818851,808.766786,1454.788196,16452.904595
116.256373,22.201451,10.507526,0.706127,18.340180,5.236431,2.112910,0.279382,401.008380,464.212082,862.377751,8136.530118
100.749028,17.129586,7.878112,0.737433,17.296405,5.881580,2.174326,0.283034,249.998744,284.259817,551.646014,4908.563664
202.163968,32.311998,12.048072,0.740584,22.806824,6.256622,2.681923,0.263461,1325.986896,1271.530720,2598.774562,30490.989795
199.691052,21.527935,5.553698,0.740393,18.880070,9.275904,3.876324,0.219446,525.223291,169.190538,699.740171,6796.393493
189.822875,26.717187,7.552526,0.659150,19.986690,7.104897,3.537517,0.238270,643.478864,342.444144,979.740147,10073.720087
217.945014,30.266675,9.380854,0.751002,21.759535,7.200824,3.226431,0.242092,1136.781375,692.656623,1833.422667,20523.447524
172.615720,20.814217,9.186975,0.698642,22.835877,8.293164,2.265623,0.285484,763.137008,800.201920,1544.161379,18140.468180
205.755403,33.620831,9.958643,0.699161,13.762061,6.119879,3.376045,0.157584,465.531259,75.331844,563.437293,3989.028892
164.830627,25.052305,11.059662,0.775518,14.223427,6.579460,2.265196,0.181965,399.732439,68.977752,465.722953,3407.767874
153.053324,29.345863,12.981775,0.776026,21.650199,5.215499,2.260543,0.287438,969.904194,1380.752748,2332.183584,25975.429468
161.838846,21.612889,6.626367,0.712734,14.333774,7.488071,3.261650,0.185064,269.555112,47.679437,320.972518,2366.826953
80.188579,10.976293,3.673223,0.647720,10.902622,7.305615,2.988192,0.199976,42.308879,8.298256,49.625555,278.339245
131.615170,21.479903,7.657414,0.644504,11.719876,6.127363,2.805112,0.167793,149.947615,23.716550,180.687878,1089.406932
138.174835,28.599707,8.322391,0.753647,19.182633,4.831337,3.436477,0.268039,559.491876,647.650083,1170.766193,11553.578051
183.368027,28.183261,12.704472,0.695797,17.341526,6.506274,2.218373,0.210344,656.255752,189.877955,870.544291,7766.337848
126.474000,26.442280,9.055889,0.816083,15.949559,4.783022,2.919899,0.232944,392.206251,223.707766,615.812707,5052.838644
119.449501,17.990166,4.810764,0.625078,14.320053,6.639711,3.739565,0.215207,144.038149,44.333212,187.102741,1378.360652
167.646446,24.835844,9.662695,0.658517,23.455559,6.750181,2.570281,0.297545,835.518083,1074.450933,1888.264752,22784.881890
196.036016,28.787972,11.339810,0.745380,13.521484,6.809650,2.538664,0.158621,443.648389,63.847679,496.207136,3451.639909
211.754615,30.849579,7.745724,0.650380,22.003405,6.864101,3.982788,0.248357,924.452357,639.695122,1580.067960,17885.610393
85.480222,13.384788,5.786670,0.815616,22.970306,6.386371,2.313038,0.408073,307.389411,160.814651,474.028402,5601.563447
151.562988,27.042224,11.582807,0.699673,22.127026,5.604679,2.334687,0.295209,826.027549,1153.492319,2010.652799,22887.493149
173.262286,22.839046,11.099913,0.678255,13.265503,7.586231,2.057588,0.165529,311.071961,43.416505,365.788265,2496.270146
121.027775,21.240236,10.546047,0.793533,17.501850,5.698043,2.014047,0.261303,413.912084,367.629997,763.939033,6878.294622
133.485849,25.785289,9.839949,0.782013,11.331100,5.176822,2.620470,0.161086,211.339856,32.893412,249.230679,1452.819601
86.179951,18.631117,4.987698,0.746376,22.016069,4.625592,3.735414,0.389529,299.884991,268.734370,562.578920,6371.788282
183.830797,25.948305,12.063224,0.607865,22.061215,7.084501,2.151026,0.267254,868.372158,731.964365,1597.267308,18127.801823
198.976135,23.929631,8.708301,0.680350,21.323391,8.315052,2.747910,0.248290,777.623459,462.096585,1242.525940,13630.124988
174.660029,23.678581,6.700204,0.669673,10.831343,7.376288,3.534009,0.134614,170.337139,22.747896,189.505465,1055.947047
179.381638,24.115944,10.366476,0.748662,15.671580,7.438300,2.326340,0.192188,474.056246,91.184803,560.941825,4522.397304
146.252215,25.545985,10.260822,0.817220,10.370906,5.725057,2.489663,0.140854,205.173036,27.292487,225.621488,1203.747140
215.069237,27.749299,11.352999,0.674341,23.567323,7.750439,2.444226,0.263952,1224.641677,1010.315726,2234.471725,27090.887422
130.397775,18.007945,5.745090,0.831470,18.366061,7.241125,3.134493,0.264171,352.693705,316.839426,665.013895,6283.257417
186.692246,30.869924,11.081227,0.763495,20.601644,6.047707,2.785786,0.247652,988.692332,715.648189,1669.579778,17694.861125
212.924630,28.261784,6.777735,0.845160,16.459453,7.534012,4.169798,0.185270,639.206255,121.058014,775.839423,6569.394739
145.143853,28.592509,8.446716,0.727778,18.198880,5.076289,3.385044,0.248113,513.261377,395.261057,927.040775,8679.238326
140.586706,29.744768,7.443398,0.776496,16.219229,4.726435,3.996128,0.224679,421.871649,209.694724,653.152582,5449.829912
189.598135,30.628610,8.089573,0.612626,18.135990,6.190230,3.786184,0.216336,560.371359,199.568877,758.386004,7075.704564
128.017609,26.309084,9.197548,0.554513,15.093998,4.865909,2.860445,0.219115,254.215657,96.871756,346.255598,2688.680482
107.814617,11.972980,5.028718,0.764025,11.697945,9.004827,2.380921,0.185044,87.695981,12.393344,98.276126,591.419582
131.296146,22.429964,7.918413,0.832854,14.547103,5.853605,2.832634,0.208523,298.424014,87.276976,384.516500,2877.594541
81.714234,10.842465,4.084138,0.809976,13.695230,7.536500,2.654775,0.248842,84.719118,48.894363,131.620237,927.321045
172.957172,28.319787,12.926571,0.838752,10.862961,6.107291,2.190820,0.135670,312.438736,39.776576,351.724527,1965.572195
218.948569,25.832682,7.190551,0.620048,13.891885,8.475642,3.592587,0.154203,334.029806,47.179943,362.101361,2587.792483
148.588475,19.533654,5.490206,0.840727,14.022916,7.606793,3.557909,0.188951,249.808345,45.549269,294.501627,2124.536213
157.761782,19.369630,7.600312,0.784743,12.342144,8.144801,2.548531,0.161396,217.784779,27.364794,256.655272,1629.592141
120.495629,12.830921,4.864143,0.688969,10.281822,9.391035,2.637858,0.153847,70.409909,7.809518,78.042021,412.797160
178.426129,24.018002,11.104176,0.687425,14.279462,7.428850,2.162970,0.175585,379.609181,58.800503,434.047855,3188.508497
95.554679,16.064059,5.319460,0.657463,12.468212,5.948352,3.019866,0.209499,93.725558,25.458871,119.784070,768.318587
105.475545,19.730114,8.509348,0.610662,19.239065,5.345917,2.318640,0.307689,303.291694,413.259523,689.804419,6827.285097
134.631169,25.317662,7.484754,0.607367,16.285573,5.317678,3.382564,0.230533,292.484885,140.511596,438.910359,3677.197800
171.058247,31.625773,11.356393,0.677059,19.239509,5.408824,2.784843,0.241616,738.272191,467.877712,1211.296632,11988.990041
213.224562,30.624425,11.862334,0.748857,18.441052,6.962565,2.581652,0.207430,906.904067,251.320261,1130.708101,10726.901816
191.398164,33.498297,8.007747,0.715458,22.558008,5.713669,4.183236,0.267815,1041.562416,1171.610296,2301.527790,26708.843378
195.450061,29.996599,11.635664,0.777829,23.082667,6.515741,2.577988,0.271189,1304.096613,1410.738162,2739.266866,32528.079972
122.659900,23.394530,8.481802,0.765895,21.315743,5.243102,2.758203,0.316121,557.587963,925.569455,1483.039785,16262.652198
187.626847,26.577556,6.821395,0.808277,14.701503,7.059598,3.896205,0.176286,422.847073,71.468956,490.431564,3709.182992
203.523243,26.433227,6.858732,0.558204,14.370936,7.699523,3.853953,0.165456,303.859245,49.047848,355.242717,2626.324230
102.645766,19.925767,5.215829,0.559088,19.826986,5.151408,3.820249,0.321432,232.781792,346.373904,552.398300,5634.392911
188.244344,22.555772,9.532337,0.849597,23.709921,8.345728,2.366237,0.283839,1131.521577,1318.898239,2384.252000,29081.738192
168.684802,32.434073,12.861309,0.559883,18.893168,5.200852,2.521833,0.238930,652.844846,376.214329,1036.326313,10072.549671
141.996421,24.796824,12.343090,0.787170,22.198854,5.726395,2.008964,0.305982,862.937427,1331.670297,2197.129826,25091.369833
141.518075,25.999820,7.113784,0.746792,21.067192,5.443041,3.654851,0.290874,598.365724,884.397760,1496.776476,16221.899421
91.965971,18.732106,7.882402,0.606649,12.951217,4.909537,2.376447,0.221820,119.735381,44.380763,167.614947,1116.764024
216.791987,29.684538,10.990255,0.611334,18.435918,7.303196,2.700987,0.205659,730.380765,188.778833,927.044996,8792.323906
169.893388,18.721793,7.621865,0.668089,22.703461,9.074632,2.456327,0.286093,618.189302,611.827939,1244.642061,14536.995254
126.037784,26.545212,12.709110,0.612234,22.407714,4.748042,2.088676,0.327832,674.464016,1030.731531,1725.594147,19891.810591
131.892908,27.980828,6.704273,0.658802,18.716416,4.713688,4.173582,0.267680,408.815285,456.766711,883.967682,8511.325030
135.981964,23.596827,7.952083,0.730691,19.210916,5.762722,2.967377,0.270590,468.145276,493.886003,915.092881,9043.808297
147.587579,24.711403,7.386042,0.557193,14.579828,5.972448,3.345689,0.197120,235.085392,56.288408,288.362694,2162.865886
116.574581,18.370815,9.013913,0.738156,21.592454,6.345640,2.038051,0.328476,477.262672,670.869504,1133.953172,12596.074888
146.985551,25.260025,6.218950,0.749024,17.890310,5.818900,4.061783,0.242373,426.808449,282.692287,715.776172,6587.690781
198.561070,23.627663,9.070302,0.740987,21.899000,8.403754,2.604948,0.255259,893.056964,624.489746,1471.332116,16575.746500
127.577095,28.064087,10.254648,0.800884,17.149307,4.545920,2.736719,0.249381,484.269594,402.899199,894.039572,7887.537260
131.363896,27.208904,12.383938,0.698336,13.399371,4.827975,2.197112,0.192022,295.110168,67.193860,364.321871,2511.353053
141.639329,24.002890,10.397015,0.603978,16.858482,5.900928,2.308633,0.232665,370.077256,169.364329,540.127719,4684.389821
220.545604,28.870298,12.183878,0.573484,16.692872,7.639187,2.369549,0.184623,609.773943,110.841535,699.837940,6009.891948
82.821248,10.892530,4.130003,0.724182,19.320806,7.603490,2.637415,0.348705,147.291134,161.568221,301.073516,2992.512065
128.113417,25.839507,8.335756,0.714684,19.719739,4.958044,3.099840,0.286159,492.277657,681.506372,1159.356346,11761.323840
163.765369,29.460865,11.035700,0.743562,21.999687,5.558743,2.669596,0.282364,945.713405,1235.301243,2186.628011,24747.396197
212.952816,26.082394,7.099845,0.681681,10.869920,8.164619,3.673657,0.122346,224.661263,28.778106,254.005481,1420.389756
89.636720,15.246389,6.066616,0.806362,15.496211,5.879210,2.513162,0.268835,166.396578,161.248201,327.357180,2609.669490
161.585375,30.920011,9.935294,0.769206,21.607038,5.225916,3.112139,0.279189,919.874583,1235.797685,2159.180160,24000.607134
107.360666,16.420790,7.849900,0.817684,10.383456,6.538094,2.091847,0.164597,109.365526,14.215461,124.267914,663.802765
180.941824,32.541719,11.328436,0.788523,22.505203,5.560303,2.872569,0.274800,1222.369610,1530.372980,2696.553327,31219.795970
153.302513,27.408994,12.444709,0.599517,14.053282,5.593146,2.202462,0.186426,328.689008,66.635734,413.843625,2991.934823
136.516474,29.518794,8.859973,0.746057,15.855628,4.624731,3.331702,0.222892,400.625396,184.738713,570.314774,4651.962077
182.917133,29.720764,9.552827,0.775469,19.326751,6.154523,3.111201,0.234712,804.418430,441.882593,1236.918646,12298.102185
220.874805,24.094189,8.066213,0.662652,18.107104,9.167140,2.987051,0.200115,592.814816,124.974485,725.515874,6758.246236
115.544079,19.273245,7.694813,0.811047,21.479944,5.995051,2.504706,0.328218,487.756280,761.248696,1253.248464,13848.681379
203.719763,23.031770,7.717573,0.807227,19.556147,8.845163,2.984328,0.225045,739.594153,274.928027,1008.186802,10142.906011
202.632104,30.720104,11.479898,0.667716,10.318130,6.596075,2.675991,0.119056,259.289322,35.374238,295.609741,1569.126130
68.477613,12.620141,4.097981,0.612275,10.228145,5.426058,3.079600,0.203014,35.571635,8.389681,44.247527,232.821977
103.426488,18.700452,6.181262,0.606720,10.867026,5.530694,3.025345,0.175509,84.462932,14.680446,98.473387,550.513127
61.328550,10.173116,4.552134,0.826274,15.166140,6.028492,2.234802,0.318088,82.862277,114.557456,199.885789,1559.534814
197.276770,31.319505,12.983852,0.840759,19.351767,6.298847,2.412189,0.226301,1099.365502,496.240080,1606.275225,15991.113158
199.925807,26.039897,12.241938,0.820151,14.611701,7.677673,2.127106,0.169734,562.527415,78.961107,639.627261,4808.015221
124.479995,21.587473,9.550847,0.787639,21.361459,5.766307,2.260268,0.314474,587.931058,921.293771,1513.504550,16632.316908
110.087475,14.949273,4.658780,0.643476,23.113229,7.364069,3.208839,0.361822,298.781832,300.251938,600.637771,7141.860562
179.789191,24.682543,9.045634,0.711989,20.257648,7.284063,2.728669,0.248148,697.632017,443.574071,1115.872474,11628.981712
160.243336,31.713734,12.694015,0.779636,13.602353,5.052806,2.498322,0.176493,437.490291,81.640793,506.900486,3547.111736
89.360722,19.094701,9.052377,0.818646,22.380062,4.679870,2.109358,0.388858,456.965519,401.460672,874.638450,10069.964871
162.407438,19.607906,7.211383,0.599887,17.073728,8.282753,2.719022,0.220054,317.662063,96.781735,417.025404,3662.933031
133.314347,25.595985,10.791300,0.679272,23.447586,5.208409,2.371909,0.333552,754.154852,1157.114764,1927.333892,23248.407548
98.185721,12.816630,5.385402,0.586917,12.923363,7.660806,2.379884,0.214218,83.688215,21.102326,104.102573,692.109990
163.851712,17.636891,8.751972,0.604256,13.604693,9.290283,2.015190,0.174569,221.632253,30.191829,255.402786,1787.526518
210.695305,25.815441,10.067817,0.838156,23.180124,8.161600,2.564155,0.262296,1304.588109,1135.105730,2407.163154,28705.121203
202.586803,29.942731,9.437522,0.654471,10.295598,6.765809,3.172732,0.118809,228.762347,31.670172,262.276696,1389.150738
151.222787,29.621289,10.313771,0.557964,20.665566,5.105206,2.872014,0.276021,598.253098,668.802640,1239.314663,13175.496627
162.919246,29.863098,12.131469,0.626260,11.846548,5.455537,2.461622,0.152444,267.336895,42.627870,311.076114,1895.817743
223.597569,25.403525,9.893991,0.590400,15.135886,8.801832,2.567571,0.166256,441.612592,63.352831,509.244849,3965.268517
156.085962,33.489627,8.139695,0.620081,14.856096,4.660726,4.114359,0.195311,349.402261,96.151436,464.988838,3553.737299
224.307565,24.534044,6.104244,0.614592,19.727078,9.142707,4.019178,0.216344,593.188306,178.673484,790.215674,8019.485330
209.237164,22.433511,7.408025,0.778128,13.495201,9.326992,3.028271,0.153237,351.202699,42.237204,376.678937,2615.103071
229.637897,26.207610,6.629176,0.693307,19.509931,8.762260,3.953373,0.211465,714.806977,202.767711,933.134429,9365.652825
165.578497,25.725251,6.976997,0.801552,18.802900,6.436419,3.687152,0.240008,588.578999,363.116448,950.482239,9194.051826
223.905846,25.926194,12.642028,0.826665,11.092600,8.636279,2.050794,0.121760,377.923311,40.628028,409.845948,2338.794653
200.540208,25.027414,12.361572,0.737323,11.623524,8.012822,2.024614,0.134816,327.173710,38.730442,371.696705,2222.616943
226.317570,32.566546,8.769583,0.703707,12.437992,6.949388,3.713580,0.135798,392.315484,56.387265,449.150048,2873.954167
221.146257,23.367138,10.682978,0.640660,11.038812,9.463986,2.187324,0.121923,257.530199,29.304903,285.373658,1620.594399
130.752052,25.211614,10.792315,0.638961,12.615746,5.186183,2.336071,0.181214,218.857403,42.028730,255.491095,1658.161465
85.388024,17.075045,5.188777,0.713592,13.660839,5.000750,3.290765,0.242819,111.770693,69.345476,183.850852,1292.055391
139.771939,27.626398,9.840636,0.648147,15.804605,5.059362,2.807379,0.219572,358.617633,139.122696,499.727422,4063.075994
202.526234,26.637886,12.605959,0.803108,12.686458,7.602940,2.113119,0.146421,438.731390,53.814777,497.361779,3246.017763
213.596353,32.009023,7.742260,0.721970,15.731130,6.673005,4.134325,0.176794,562.713011,104.385343,647.638887,5241.202425
146.684075,16.871681,4.841152,0.781331,23.837754,8.694100,3.485055,0.323279,535.688902,735.493193,1257.991767,15426.991236
108.785979,23.052906,6.982938,0.561992,15.062200,4.718970,3.301319,0.237195,181.605718,101.337820,275.981888,2138.489333
80.614206,15.864951,4.583693,0.709387,22.411265,5.081277,3.461172,0.409981,243.101434,139.547516,380.452165,4386.362585
114.669856,17.864415,6.241955,0.666130,13.194493,6.418898,2.861990,0.202382,140.629953,32.935319,174.680766,1185.702979
144.692591,15.591906,7.626556,0.561505,16.271218,9.279981,2.044423,0.222178,231.712200,65.600730,285.066426,2386.185774
202.126122,22.893796,10.409768,0.681996,17.290081,8.828860,2.199261,0.199751,568.335942,115.431184,686.777446,6108.733184
196.632627,25.146161,11.978983,0.752984,12.913243,7.819588,2.099190,0.151255,393.823801,49.495596,450.694308,2994.025537
100.769109,16.367789,7.559370,0.839910,11.328404,6.156550,2.165232,0.185357,122.772950,20.653001,145.053179,845.345193
216.429264,29.195422,11.143057,0.791982,16.686558,7.413123,2.620055,0.186300,761.427267,139.582622,880.759446,7560.703130
128.754682,26.093096,10.624146,0.639471,11.502386,4.934435,2.456018,0.166498,183.480740,31.711948,222.837776,1318.605393
158.175303,23.116180,10.283590,0.651629,19.089385,6.842623,2.247871,0.249302,532.298573,330.820285,858.727133,8433.060948
178.757220,22.270111,5.896214,0.691952,22.572867,8.026777,3.777019,0.277306,651.515554,672.586950,1311.118353,15225.330247
205.369704,28.596373,10.671838,0.701706,18.178993,7.181670,2.679611,0.208356,737.708787,202.762577,947.103762,8857.384473
107.978501,16.400043,6.533225,0.768856,23.388623,6.584038,2.510252,0.369692,434.093379,440.168963,892.266500,10735.872412
151.709728,28.335429,11.337483,0.597879,10.438378,5.354065,2.499270,0.139197,180.031529,27.796935,204.710852,1099.289238
133.591246,19.807848,8.740466,0.553567,13.980659,6.744359,2.266223,0.198675,193.547381,41.696974,235.993832,1697.330387
98.605223,18.656241,6.015504,0.562847,10.179592,5.285375,3.101360,0.168377,66.675977,11.299156,79.151082,414.500753
216.775716,28.671734,11.811632,0.579149,19.696263,7.560607,2.427415,0.219726,809.398156,266.739410,1085.029847,10994.199904
148.481727,18.721143,6.711262,0.578527,22.482636,7.931232,2.789511,0.303050,451.495605,519.929057,982.953366,11368.894819
107.567121,20.776370,10.211189,0.618987,11.750093,5.177378,2.034667,0.186082,140.027213,27.236505,168.834017,1020.561923
167.820669,22.636461,7.464780,0.682717,12.798392,7.413733,3.032435,0.162269,233.402890,33.456297,268.715091,1769.235190
118.461436,17.943450,8.936305,0.737234,12.095764,6.601932,2.007927,0.182536,160.547349,26.072760,191.988144,1194.664136
187.061547,26.153641,8.275466,0.692670,15.261927,7.152409,3.160383,0.183282,411.070665,74.707422,486.587189,3820.393919
165.637524,28.208369,10.399354,0.580358,17.850736,5.871928,2.712512,0.227814,495.715799,213.713823,706.363070,6486.676032
116.849446,13.282882,4.820180,0.572087,16.764843,8.796995,2.755682,0.254736,149.146415,83.874721,225.146879,1941.795704
137.909656,20.081950,6.043510,0.782193,20.291901,6.867344,3.322895,0.283811,456.395195,555.706425,981.099446,10241.742983
179.681590,27.659772,12.911211,0.808796,12.966472,6.496134,2.142307,0.158882,428.191332,59.481641,489.308183,3263.941831
186.591535,27.431132,7.802696,0.686209,12.641631,6.802181,3.515597,0.152006,286.827079,42.428621,332.742666,2163.962447
217.033590,23.881706,11.847708,0.806636,15.071551,9.087860,2.015724,0.168034,592.715086,75.887711,672.727119,5215.969008
123.096815,26.402383,12.547346,0.634913,14.705559,4.662337,2.104220,0.217702,305.279112,112.202084,420.702111,3182.689959
139.862263,21.215574,5.203867,0.589463,23.191550,6.592434,4.076886,0.322094,442.098526,624.848387,1092.410042,13033.275105
167.019950,32.794551,10.475897,0.579656,10.518466,5.092918,3.130477,0.133682,201.073502,33.225547,230.460026,1247.056484
161.404011,31.361253,9.821459,0.563378,12.346753,5.146606,3.193136,0.159624,244.124185,43.905853,289.931757,1841.563365
195.363404,31.167726,8.676441,0.720524,14.838235,6.268132,3.592225,0.174367,477.271284,85.841578,558.785890,4265.459092
222.217118,32.126278,12.982080,0.645905,17.917135,6.916989,2.474663,0.197416,836.663795,191.650211,1057.019811,9742.935064
162.080462,32.605864,12.423125,0.793446,10.810677,4.970899,2.624610,0.139473,294.137815,43.666803,344.526034,1916.077464
183.165184,29.739191,11.915772,0.653531,23.272153,6.159051,2.495784,0.282435,1075.731907,1263.572541,2403.109051,28770.549127
109.092277,20.292424,8.761715,0.848422,17.162219,5.376010,2.316033,0.269886,348.368772,381.237977,726.824256,6417.131811
104.406942,14.476813,6.800648,0.669914,22.923050,7.212011,2.128740,0.368478,343.388247,308.655477,632.830448,7462.732444
135.968775,26.378610,10.276938,0.775464,11.316461,5.154509,2.566777,0.159402,219.370866,33.981746,251.468733,1463.971836
176.794351,27.678140,7.197334,0.803409,17.091187,6.387508,3.845610,0.211126,554.100505,179.901835,729.990936,6418.415264
144.049846,22.556476,7.955581,0.793271,18.589968,6.386186,2.835302,0.254405,488.998922,383.994394,865.769755,8279.786752
126.131840,20.951678,9.986026,0.554018,10.336971,6.020131,2.098100,0.151177,115.830635,16.854402,134.246556,713.895379
194.154459,24.695463,10.729351,0.722731,11.503471,7.861948,2.301674,0.135600,283.322247,34.441989,325.379840,1925.562649
110.172637,23.661318,7.357424,0.756916,23.832716,4.656234,3.215979,0.372941,588.140220,704.565830,1322.117275,16209.948291
157.744261,24.193017,12.007497,0.819260,12.644629,6.520239,2.014826,0.165361,332.680533,46.711344,382.045501,2485.188190
127.415767,18.514570,8.200966,0.671280,11.986626,6.881919,2.257609,0.174417,150.679862,22.771518,172.688682,1064.875770
120.868353,19.724098,9.025332,0.744904,19.489149,6.127953,2.185415,0.291166,424.802349,537.326646,954.459471,9569.483088
216.540027,25.049522,11.078798,0.638940,11.498377,8.644477,2.261032,0.128343,287.132615,34.714177,317.136946,1875.950981
86.978115,15.000287,5.887654,0.801415,18.760520,5.798430,2.547753,0.330403,225.350582,336.020401,563.916953,5442.496140
192.727360,31.604104,7.658583,0.719772,18.952282,6.098175,4.126626,0.224230,719.603491,321.983086,1018.289284,9928.206223
159.687144,26.273216,10.015251,0.724603,15.060742,6.077944,2.623321,0.195756,397.844564,89.939259,471.807340,3655.520022
220.593008,25.393825,7.466479,0.657265,15.546454,8.686876,3.401044,0.171925,439.993225,67.145572,503.181415,4024.334191
157.410992,25.439721,10.816740,0.556101,20.565798,6.187607,2.351884,0.269235,582.542648,524.201721,1102.993088,11669.613067
181.081071,24.443248,6.118306,0.774855,12.391111,7.408225,3.995100,0.151244,258.635475,35.468838,287.782390,1834.478208
222.836097,29.193500,12.516980,0.615975,12.022887,7.633072,2.332312,0.132288,357.253711,47.477823,398.284423,2463.429849
130.311394,25.566349,7.429360,0.649412,15.589538,5.096989,3.441259,0.224308,278.557169,120.946558,403.985230,3239.939063
182.063940,33.250606,8.067664,0.657338,21.269714,5.475507,4.121466,0.258913,819.441807,769.507281,1592.328586,17423.381536
159.845632,30.563372,9.744119,0.560503,10.771002,5.229974,3.136597,0.139930,183.408264,30.337715,220.132325,1219.770272
205.395395,31.876101,10.200956,0.803035,21.510541,6.443555,3.124815,0.246524,1209.133549,873.067518,2120.608674,23466.588922
79.757138,15.283395,3.799027,0.724499,12.838975,5.218549,4.022976,0.236129,78.966499,42.377552,124.192902,820.285882
186.379715,27.502543,10.460936,0.714244,20.142023,6.776818,2.629071,0.242330,810.501926,475.732307,1294.643322,13415.020239
71.031522,14.374734,4.233316,0.723665,14.699373,4.941415,3.395620,0.286468,92.078462,116.772198,208.745777,1578.536410
115.788424,12.209236,4.651954,0.702803,15.516116,9.483675,2.624539,0.236839,142.667210,56.460301,201.850342,1611.204259
89.368268,17.276290,6.200208,0.571424,16.921850,5.172885,2.786405,0.294008,156.378627,192.310841,347.511911,3025.210800
145.957785,27.003415,10.842959,0.770416,12.787908,5.405160,2.490410,0.173856,302.379094,52.080030,359.532543,2365.243314
154.409260,31.326942,11.030211,0.559308,16.995395,4.928961,2.840104,0.224646,449.955822,197.416969,629.507904,5503.900181
150.388329,25.577473,7.925663,0.837523,20.391174,5.879718,3.227171,0.273111,690.800461,831.518289,1565.774289,16425.155367
99.214949,15.827225,5.329142,0.809592,19.038058,6.268626,2.969939,0.313934,259.522028,390.511778,628.354616,6154.114377
93.137074,19.638100,8.461833,0.777015,23.621801,4.742672,2.320785,0.402027,489.550933,336.088051,830.831739,10096.345347
200.796116,27.195796,8.614745,0.837031,19.775487,7.383351,3.156889,0.229220,898.025190,413.083174,1322.488908,13454.183271
210.835642,25.688939,7.642069,0.651796,16.138971,8.207254,3.361516,0.182561,458.040310,79.670022,535.697922,4447.683759
178.037520,32.609255,8.383216,0.667004,18.852740,5.459724,3.889827,0.232072,650.867453,350.946423,999.228449,9691.195916
169.832622,24.770054,9.603356,0.711072,23.842767,6.856369,2.579312,0.300504,927.926745,1259.729918,2152.377997,26400.569781
215.315776,33.796841,12.820149,0.582571,11.632588,6.370885,2.636228,0.130209,340.056462,50.746190,382.173339,2287.045764
115.121217,20.479105,6.501737,0.613361,11.962432,5.621399,3.149790,0.183124,120.352179,23.014345,146.709257,902.848979
185.642038,22.539977,9.764093,0.772002,20.168457,8.236124,2.308456,0.243130,756.961495,414.041214,1158.775010,12022.918373
169.825649,29.083064,12.854601,0.575972,22.317563,5.839331,2.262463,0.281286,869.892377,968.376373,1850.940752,21250.903102
105.429612,14.264309,5.365013,0.839302,15.558771,7.391148,2.658765,0.248884,183.394452,114.389639,300.265645,2403.361098
171.970781,20.447354,6.866841,0.786107,14.639749,8.410417,2.977694,0.183362,319.925206,51.210721,374.896153,2823.466941
177.775917,29.736773,7.857328,0.750187,21.760746,5.978319,3.784591,0.268065,880.356721,964.819049,1862.970075,20855.363473
210.518871,25.255110,6.916912,0.606976,19.994700,8.335694,3.651212,0.226346,609.910331,231.367265,850.658115,8749.999993
112.369222,18.311961,8.563266,0.570651,15.440620,6.136384,2.138432,0.239246,195.749073,94.879873,299.901988,2382.221715
216.972044,29.835398,9.287019,0.655679,10.884947,7.272303,3.212592,0.121375,267.398053,36.266788,297.536761,1666.115381
81.313594,11.851233,3.663728,0.681818,16.088793,6.861193,3.234747,0.293053,96.893972,108.893682,210.145568,1739.329259
145.396744,18.699956,5.043555,0.745994,19.953651,7.775245,3.707694,0.271799,393.275636,380.577794,812.683474,8342.224965
162.964858,28.838934,7.793601,0.618190,15.552555,5.650863,3.700335,0.200105,352.782636,93.938199,426.569181,3412.945343
164.609389,19.932843,5.039361,0.809411,15.707979,8.258199,3.955430,0.201093,318.342353,72.190736,395.830327,3198.655614
179.551491,24.083596,9.355077,0.569207,16.488399,7.455344,2.574388,0.202110,394.901826,91.157718,478.937911,4062.522822
113.147423,13.201507,3.753939,0.640943,21.525705,8.570796,3.516708,0.332383,226.138906,264.892733,489.057601,5415.711302
195.824919,23.682076,7.719242,0.694650,18.249186,8.268908,3.067928,0.214197,549.419783,159.234639,700.954334,6580.688408
120.130384,14.786840,5.593586,0.595082,23.136675,8.124142,2.643535,0.346719,327.948138,347.021175,651.253034,7751.554685
103.833142,14.760133,6.945619,0.574932,15.958074,7.034702,2.125100,0.257227,157.734480,99.620190,255.980281,2101.479212
125.449522,26.104820,12.036414,0.656505,20.264285,4.805608,2.168820,0.297167,565.188690,808.935468,1361.756110,14196.089640
149.308764,20.539821,5.163749,0.704935,11.307183,7.269234,3.977695,0.151990,140.311506,19.426624,154.123297,896.521721
170.952147,28.159673,12.612321,0.844602,15.679069,6.070814,2.232711,0.196964,611.094796,140.751224,759.417935,6125.467281
146.649391,25.295045,6.356949,0.825478,11.620071,5.797554,3.979117,0.157606,212.878578,32.294433,246.662483,1474.517680
141.968750,16.551200,4.007436,0.583756,16.356715,8.577550,4.130122,0.225478,178.216382,61.754388,239.038691,2011.418281
152.655747,24.324224,9.684205,0.834578,21.967509,6.275873,2.511742,0.292030,843.050642,1200.311354,2045.600210,23117.437027
206.000019,27.682279,6.763733,0.772295,19.959854,7.441585,4.092752,0.228416,793.568235,362.836968,1172.637542,12040.908640
190.279961,21.446888,10.414542,0.627243,22.479254,8.872148,2.059321,0.267663,801.673222,610.325929,1401.347865,16205.631181
100.761768,16.994847,4.117167,0.809689,23.073255,5.928960,4.127801,0.377541,360.121402,374.056148,739.018850,8772.078034
146.132919,23.902726,8.966063,0.848515,15.627344,6.113651,2.665911,0.212332,417.630883,132.182208,533.686327,4290.514312
188.743058,32.827875,9.915779,0.624946,14.814372,5.749475,3.310670,0.177113,440.978550,86.051725,527.415607,4019.521213
228.009797,25.449061,9.503210,0.809421,18.710010,8.959458,2.677944,0.203517,870.958958,199.203815,1042.935174,10038.514203
106.977054,17.543188,5.102490,0.719765,13.365585,6.097926,3.438162,0.212249,132.528226,39.632848,168.869719,1161.121973
143.018277,23.476153,7.468930,0.568446,13.014218,6.092066,3.143175,0.178742,183.558884,33.805914,211.948031,1419.010373
207.745777,28.010088,12.356498,0.737024,14.628973,7.416820,2.266831,0.166706,549.408508,79.967682,629.738881,4739.280800
159.977410,29.759322,7.407417,0.581068,14.250573,5.375707,4.017503,0.185057,278.913050,62.142864,349.540425,2562.523384
129.067174,27.169374,8.730051,0.685603,11.921121,4.750466,3.112166,0.172351,194.849014,36.509456,232.681077,1426.974708
96.661449,20.350903,4.914073,0.782387,10.155714,4.749738,4.141351,0.169663,86.327369,15.103683,104.029098,543.504811
96.997680,16.576955,7.787035,0.673034,13.533096,5.851357,2.128789,0.225694,138.219158,51.725287,189.753705,1321.069072
163.618860,18.575103,4.940882,0.747923,15.700636,8.808504,3.759471,0.201606,275.148230,59.994299,343.296763,2772.841593
197.998136,21.116806,9.747138,0.580668,12.456420,9.376330,2.166462,0.145401,247.636785,30.058188,273.742384,1754.176969
179.983509,28.442077,12.628305,0.789163,12.587866,6.328072,2.252248,0.154113,397.660575,55.289316,445.246494,2883.306031
152.787455,25.471218,6.262736,0.803713,11.980403,5.998435,4.067107,0.159196,226.480647,34.816300,263.744212,1625.520624
199.336629,22.877658,5.655708,0.654358,21.223861,8.713157,4.045056,0.246908,605.070449,355.795079,981.457908,10716.036132
156.373355,26.470110,11.472788,0.728058,19.183934,5.907545,2.307208,0.251976,661.804111,491.540448,1194.366280,11787.272149
184.052432,21.821313,10.442147,0.571146,21.596706,8.434526,2.089734,0.261469,681.611858,466.571864,1131.877126,12575.489997
145.115784,26.558287,7.500162,0.675745,17.484150,5.464049,3.541029,0.238392,403.774212,237.968106,647.968468,5828.227604
136.079603,17.113174,5.864602,0.767007,11.280925,7.951746,2.918045,0.158837,131.718446,16.429174,143.196692,831.028249
112.750241,12.314026,3.913620,0.643432,18.307965,9.156245,3.146454,0.283195,163.228485,146.285979,303.872344,2861.998252
216.661109,31.072158,8.971102,0.596459,20.793768,6.972837,3.463583,0.232031,837.135091,392.026839,1243.693168,13304.070710
89.038001,14.920536,4.271199,0.841207,12.291859,5.967480,3.493290,0.213960,96.373512,30.225734,127.044913,803.365115
175.239463,22.332799,10.637090,0.567880,10.127768,7.846731,2.099521,0.125661,160.371063,20.069739,177.178314,923.129052
213.939535,25.245445,6.164799,0.585764,21.442497,8.474382,4.095096,0.240787,652.348282,338.045991,994.093147,10965.805851
138.335512,14.922711,4.091906,0.710270,19.542832,9.270133,3.646885,0.272913,275.906445,238.109689,529.385685,5322.280909
105.422431,20.041568,6.972038,0.560979,19.083807,5.260189,2.874564,0.305283,254.867574,346.667621,597.118243,5862.238257
130.257485,25.458242,8.585898,0.603955,22.011716,5.116515,2.965123,0.316779,531.667939,812.465822,1344.502933,15224.876011
182.495976,25.732050,6.219508,0.756497,19.378500,7.092166,4.137312,0.235612,611.579848,328.907140,947.582059,9446.590349
153.514553,16.368044,6.019788,0.718975,17.018790,9.378918,2.719040,0.225610,292.547657,96.675139,396.477627,3471.246716
184.269661,31.979042,10.108025,0.748179,11.368971,5.762201,3.163728,0.137562,308.462290,45.217278,346.282136,2025.300040
180.619708,30.488859,7.392215,0.786019,23.857755,5.924122,4.124455,0.291575,1111.245342,1735.100748,2784.590485,34176.611920
160.358806,19.555467,9.622333,0.617105,14.048087,8.200203,2.032300,0.182211,259.144136,40.538061,292.486704,2113.788040
173.257328,30.890763,12.514632,0.690246,14.114684,5.608710,2.468372,0.176128,438.700785,80.064415,529.300380,3843.363520
175.803360,19.233223,7.696473,0.803476,21.085931,9.140608,2.498966,0.261206,670.496424,507.909447,1146.301888,12434.545128
200.474254,25.555396,11.065573,0.648802,15.134233,7.844694,2.309451,0.175564,459.573844,71.867379,543.814678,4233.986420
132.438435,25.383346,12.673319,0.586813,20.235155,5.217533,2.002896,0.288804,551.899576,673.748216,1211.403500,12610.533486
115.964054,19.293496,6.770652,0.753277,11.574192,6.010526,2.849577,0.176536,134.947345,22.087729,156.644512,932.704294
173.885428,22.431936,10.161912,0.809455,10.061016,7.751691,2.207452,0.125318,206.480135,22.987357,230.693963,1194.032527
215.149343,27.162164,11.403050,0.693907,13.400273,7.920921,2.382009,0.150054,430.624978,56.647807,498.394474,3435.777027
173.350404,29.425130,11.117714,0.820657,18.812352,5.891237,2.646689,0.234684,819.281203,456.756200,1203.766878,11649.937441
216.629500,29.704474,9.378298,0.841818,12.393505,7.292824,3.167363,0.138305,438.166710,55.579673,495.681837,3160.350650
158.070280,32.997430,9.316449,0.568519,13.449492,4.790382,3.541846,0.175705,284.921069,60.058367,347.038028,2401.159776
143.695872,17.335629,6.009676,0.729207,18.586103,8.289049,2.884619,0.254665,341.048227,225.099746,545.889308,5219.525759
96.551442,13.543428,5.900469,0.638441,15.250545,7.129026,2.295314,0.254923,129.257066,79.500156,204.767560,1606.514430
190.298608,22.898640,8.467513,0.674845,19.632863,8.310476,2.704293,0.233760,612.770418,264.150834,852.447627,8609.728175
141.541187,17.159847,7.988147,0.599487,10.501420,8.248395,2.148164,0.144981,112.162952,13.549611,127.639677,689.559644
123.494141,23.445152,7.705246,0.615716,20.012101,5.267364,3.042752,0.295783,392.066534,532.745172,899.856687,9264.119127
181.573323,29.041979,9.524068,0.847286,13.158688,6.252099,3.049325,0.160395,420.483575,61.784219,474.622679,3212.914513
216.272224,26.861743,8.481649,0.669685,13.474349,8.051310,3.167043,0.150491,366.961979,50.258763,418.260906,2899.300035
170.546292,26.283164,6.391344,0.665419,13.804347,6.488804,4.112307,0.173619,274.181270,48.706510,319.596242,2269.633074
155.650810,27.881922,7.251676,0.571574,11.661796,5.582499,3.844893,0.153530,175.784723,29.956090,212.137118,1272.682904
106.499361,13.565802,5.969102,0.555920,11.570889,7.850576,2.272671,0.184161,76.274349,11.865511,90.634450,539.508293
171.402931,29.154556,7.312508,0.768980,19.155558,5.879113,3.986943,0.240320,663.325090,433.116156,1094.697287,10787.652470
158.039767,27.654250,7.030982,0.785422,22.484673,5.714846,3.933199,0.293770,814.268937,1280.107963,2120.571443,24528.872748
132.516578,22.437130,9.819346,0.779070,15.578252,5.906129,2.284992,0.222273,351.318313,134.757275,488.354101,3913.737236
155.342352,26.260529,9.375170,0.555725,13.945839,5.915431,2.801072,0.183782,261.442392,51.844695,314.141777,2253.764049
101.910870,18.126533,7.080155,0.662325,14.697095,5.622193,2.560189,0.239125,165.546299,86.941373,251.561902,1902.017347
130.720205,16.712812,4.116645,0.576879,13.735430,7.821556,4.059813,0.197322,120.442765,25.162854,148.621790,1050.177871
209.595641,25.365731,8.694807,0.823794,17.741897,8.262945,2.917343,0.201286,717.876940,163.316648,891.727164,8138.983286
129.043902,27.083855,10.843744,0.595057,10.285486,4.764606,2.497648,0.148717,145.150736,23.824201,167.198732,884.699786
170.311294,26.276662,10.528550,0.786623,22.672091,6.481466,2.495753,0.285347,1003.942951,1290.106035,2342.483026,27321.600989
214.972700,22.930343,7.797021,0.717060,22.493751,9.375032,2.940911,0.251985,896.544949,562.365482,1453.026498,16814.096314
151.627762,32.455141,10.262469,0.674323,16.316598,4.671918,3.162508,0.217643,472.250964,190.523566,664.433802,5577.241415
149.496363,15.774817,4.627189,0.622198,18.327440,9.476900,3.409157,0.246201,251.432810,126.538438,363.056968,3423.061380
170.922689,26.561014,11.191367,0.659303,14.704122,6.435096,2.373348,0.184732,394.023367,73.761129,469.426669,3550.953325
89.775248,19.017170,9.465707,0.802412,22.633125,4.720747,2.009060,0.392347,468.718310,380.716077,852.612885,9927.377092
142.400575,16.206072,7.797389,0.622398,20.074919,8.786866,2.078397,0.276313,375.524049,309.416157,691.363246,7139.999776
181.252570,24.397070,11.625502,0.800864,19.369671,7.429276,2.098582,0.236311,807.690604,401.785464,1216.192544,12118.885320
174.397018,25.208470,7.236310,0.720423,21.980710,6.918191,3.483609,0.273386,738.435228,783.192287,1481.929517,16757.428612
122.328895,24.435898,6.419907,0.787561,13.499717,5.006114,3.806270,0.200477,224.384324,61.624480,301.216685,2091.904202
148.972807,20.090989,5.231394,0.809000,12.165575,7.414907,3.840465,0.163713,184.054956,25.649077,211.316017,1322.522773
162.465087,27.113133,9.115114,0.750047,23.962616,5.992118,2.974525,0.308786,975.665574,1548.787603,2569.686527,31677.615826
168.760162,28.211637,11.723101,0.621798,20.770585,5.981934,2.406500,0.262614,750.712216,643.927484,1394.091662,14896.291682
135.745822,16.562102,6.685031,0.818909,11.593470,8.196171,2.477491,0.163438,153.567049,18.637375,170.149240,1014.802579
157.218977,24.604089,12.043917,0.657386,16.097572,6.389953,2.042864,0.210868,434.110899,122.738595,546.225886,4523.460110
149.672855,28.190864,10.274325,0.660531,16.470583,5.309268,2.743817,0.221127,430.956267,170.784716,610.144947,5169.875571
228.697397,29.871838,9.061946,0.784210,11.327499,7.655953,3.296404,0.123029,355.693794,44.513294,388.711080,2265.160907
182.169950,23.487531,7.591622,0.753378,12.536925,7.756028,3.093875,0.152565,272.652323,35.700808,303.351620,1956.480160
167.248708,18.898877,6.487864,0.711005,15.822050,8.849664,2.912958,0.200949,304.960180,63.177595,376.276878,3062.727814
123.150710,17.659343,4.989634,0.744552,23.016433,6.973686,3.539206,0.340662,426.882591,590.092637,1016.491599,12035.937602
152.242488,22.458821,6.271204,0.813441,14.969672,6.778739,3.581261,0.199273,319.307444,75.294191,387.785388,2986.357833
222.119167,32.730418,10.004167,0.750584,16.358495,6.786322,3.271678,0.180283,727.205380,134.148062,871.719765,7335.983696
160.271363,32.244439,9.772025,0.733205,12.044336,4.970512,3.299668,0.156264,296.297684,49.868813,340.880775,2112.143783
216.716007,24.522290,8.697374,0.837732,20.248334,8.837511,2.819505,0.225916,945.313357,364.577280,1326.582535,13818.524887
89.958261,19.923395,5.230787,0.764041,23.197294,4.515207,3.808872,0.401717,373.932906,279.262714,644.662753,7693.217660
201.900666,32.365045,11.434458,0.694623,19.823657,6.238232,2.830483,0.229149,937.197589,436.465597,1414.963167,14430.022705
149.116868,27.125768,10.429307,0.831449,14.738532,5.497240,2.600918,0.198241,427.955332,105.639339,533.381110,4044.175212
125.147054,27.151491,7.886832,0.672556,13.605631,4.609215,3.442636,0.199762,228.839194,63.620200,295.320068,2067.044089
154.490775,24.917717,8.949925,0.838951,11.029936,6.200037,2.784126,0.145756,230.750713,30.294287,260.183008,1476.352440
63.723887,12.190011,3.775863,0.644954,14.995993,5.227550,3.228404,0.308552,67.562802,90.331785,161.289972,1244.287357
165.650639,32.307194,7.938620,0.698099,16.050487,5.127361,4.069623,0.204831,460.619797,144.211010,616.826604,5093.184498
131.414114,28.769458,11.261472,0.814546,13.262994,4.567834,2.554680,0.190031,329.797124,75.435947,406.251606,2771.882236
165.205832,22.745550,5.756562,0.666110,16.620525,7.263216,3.951239,0.212391,331.534049,99.253035,441.380398,3773.947733
189.578052,24.823799,8.074763,0.596246,21.447573,7.636948,3.074245,0.255851,664.005490,459.979399,1112.373611,12273.458047
124.013228,19.165867,6.170916,0.758644,22.665454,6.470525,3.105838,0.334298,486.351984,716.474411,1191.825451,13896.812111
115.444794,24.997110,8.791748,0.717358,12.036187,4.618326,2.843247,0.183995,179.688009,37.344369,216.469000,1340.364005
202.554659,25.975699,12.293626,0.600754,10.545410,7.797852,2.112940,0.121702,236.751504,29.892953,262.431941,1423.699335
180.775493,31.541532,10.172499,0.612835,10.947034,5.731348,3.100667,0.133730,234.237399,36.281058,273.298455,1539.117397
148.090454,18.359807,8.260612,0.577849,15.533270,8.066013,2.222572,0.209654,248.560401,59.846207,306.971585,2453.009249
211.327082,31.885965,9.273525,0.585040,21.099855,6.627589,3.438387,0.238400,853.477936,465.517668,1302.619985,14139.540929
149.548318,25.056651,8.452577,0.767077,22.701766,5.968408,2.964380,0.304911,775.697411,1208.253532,1976.470899,23082.783593
192.072111,20.548764,7.711724,0.824834,14.892242,9.347137,2.664614,0.176495,402.456067,55.510949,445.424513,3412.497236
199.639317,24.614542,12.128809,0.740832,23.863523,8.110625,2.029428,0.277406,1241.515674,1246.847973,2473.810260,30369.598373
175.751426,26.632369,8.981178,0.567098,13.387373,6.599166,2.965354,0.165863,269.586311,44.220461,319.935361,2203.411940
219.424338,25.587872,10.564286,0.662304,16.054392,8.575326,2.422111,0.178014,551.856227,85.842237,630.549407,5207.761566
151.095907,20.051468,6.285614,0.729525,17.213684,7.535404,3.190057,0.230012,342.695821,143.908393,481.438729,4263.369385
130.561469,28.256238,12.327242,0.834288,12.339907,4.620625,2.292178,0.177381,302.619225,56.241279,364.760660,2315.570334
201.246477,26.736781,7.222559,0.799823,15.694954,7.526952,3.701843,0.181719,513.996843,90.486864,593.848628,4794.837799
193.559395,22.764115,9.009961,0.717773,19.879463,8.502830,2.526550,0.234694,690.531892,304.844251,1017.953487,10410.478218
218.401307,26.636225,11.295158,0.579549,11.102273,8.199409,2.358199,0.123392,261.762222,33.419151,297.102268,1696.898957
153.839499,32.124893,11.893577,0.774435,23.209580,4.788794,2.701029,0.307353,1119.789999,1984.718554,3124.843728,37310.725454
122.838768,25.830047,10.342019,0.636018,22.300251,4.755654,2.497583,0.330480,595.746680,930.633148,1559.608164,17892.184457
141.562433,16.682205,7.776086,0.727001,18.552320,8.485834,2.145322,0.256111,370.184373,238.877488,616.534734,5884.287321
197.165302,24.389203,6.316034,0.582017,16.910316,8.084122,3.861474,0.197806,382.609577,84.646130,468.360331,4074.458938
171.309424,28.885602,11.388849,0.593245,23.946894,5.930616,2.536306,0.300512,955.374097,1293.197378,2265.768426,27912.762329
121.190904,24.265368,10.083191,0.618222,22.286095,4.994398,2.406517,0.332508,550.050336,817.328050,1352.223651,15503.173940
78.633329,12.182821,5.681184,0.580631,21.335256,6.454443,2.144416,0.395183,176.457988,102.641021,283.950372,3116.580976
216.039061,32.225061,11.950201,0.561184,12.193822,6.704070,2.696612,0.136263,341.278036,50.848960,391.577140,2456.378560
116.461841,24.278631,10.653519,0.849353,10.999129,4.796887,2.278931,0.167406,193.724167,30.828275,231.618542,1310.598725
222.453955,31.311134,12.671815,0.768179,11.016657,7.104628,2.470927,0.121320,382.300996,48.041505,427.152392,2420.866198
98.690941,20.657866,7.113096,0.824714,14.576863,4.777402,2.904202,0.241007,211.255394,138.850989,351.869574,2638.662819
180.635550,28.503807,9.309869,0.662943,22.581141,6.337243,3.061677,0.275961,884.944817,968.718910,1819.797939,21140.106169
136.680113,28.128516,11.041949,0.780422,13.723789,4.859130,2.547423,0.192808,340.842215,79.813117,430.268915,3037.750632
229.212505,25.524478,10.040611,0.590608,23.626508,8.980105,2.542124,0.256321,1053.190757,679.841590,1752.743681,21303.750111
118.213155,19.036471,5.845251,0.599449,19.620051,6.209825,3.256742,0.296395,279.208611,346.269206,610.732483,6164.378058
104.635747,18.100247,6.376885,0.699272,19.872760,5.780902,2.838415,0.319096,297.529766,435.956500,738.557815,7550.588233
96.542691,20.559179,8.603273,0.813514,21.599911,4.695844,2.389693,0.361074,461.703992,628.730450,1067.145760,11858.064532
102.380232,15.096359,7.228192,0.703451,14.559768,6.781783,2.088539,0.236347,158.258736,70.778821,230.795343,1728.699879
214.649637,27.488400,10.094953,0.827907,10.756627,7.808735,2.722984,0.120591,321.260536,37.205773,343.983939,1903.497839
164.886287,21.797911,10.057761,0.598528,19.310591,7.564316,2.167273,0.247006,507.837697,279.473974,778.411068,7732.904966
162.996976,23.510769,10.354795,0.767393,14.462767,6.932864,2.270520,0.186065,378.805094,67.275540,434.155527,3230.240241
143.854969,23.319319,6.968855,0.843369,23.164140,6.168918,3.346220,0.317218,764.898122,1304.196919,2082.206473,24812.931766
147.280622,23.802696,9.575758,0.814333,18.692912,6.187560,2.485725,0.252993,578.232375,449.641724,1004.002018,9654.941770
103.956327,21.598321,7.792619,0.674560,19.585005,4.813167,2.771638,0.315502,337.127234,529.774840,863.336137,8698.446915
188.439478,31.032503,11.547879,0.766730,18.906575,6.072326,2.687290,0.226220,869.766155,389.241694,1312.746177,12768.260535
139.406127,27.894926,7.244252,0.774315,10.662433,4.997544,3.850629,0.148327,180.468022,28.527757,204.410574,1121.237890
69.088819,10.456811,3.927997,0.550853,14.907369,6.607064,2.662123,0.294578,59.233132,60.529425,117.892763,904.120352
165.095193,25.217498,8.493915,0.563210,14.677985,6.546851,2.968890,0.187630,285.565929,57.113657,345.818328,2611.274703
137.445653,29.359418,7.121873,0.598637,14.425265,4.681484,4.122429,0.202098,251.082190,75.403662,326.479847,2422.804029
186.502219,23.569041,5.787778,0.700359,10.532475,7.913017,4.072209,0.126675,168.431349,21.730102,192.501858,1043.046043
125.101360,19.486325,7.929709,0.661097,14.207111,6.419956,2.457382,0.208631,203.130466,53.505144,252.167174,1843.030132
170.612944,23.754539,11.575943,0.584130,11.380215,7.182330,2.052061,0.143103,214.427314,28.826821,252.248172,1476.782743
147.416410,30.997515,10.962185,0.605860,13.231837,4.755749,2.827677,0.178999,285.092444,58.981734,332.833743,2265.612385
135.504197,29.445093,12.597226,0.626362,22.180108,4.601928,2.337427,0.312961,749.244032,1193.970904,1927.607378,21994.816130
172.287430,19.009379,7.669012,0.557345,23.323444,9.063286,2.478726,0.291857,578.159182,573.305011,1170.059623,14039.084394
100.035901,20.919130,5.078318,0.555598,13.246238,4.782030,4.119303,0.217530,108.401702,40.612400,151.117075,1029.779402
148.145997,32.685354,9.709285,0.829564,18.298795,4.532489,3.366402,0.246934,695.430905,591.257975,1260.139084,11862.578084
168.423710,22.306506,10.074509,0.631683,15.352583,7.550430,2.214153,0.194305,354.242854,69.227660,421.138191,3326.168096
83.632888,13.546133,5.376661,0.824283,19.375502,6.173931,2.519432,0.347991,215.917011,285.191604,500.935943,4993.134386
139.932837,25.035250,7.293213,0.660479,18.269721,5.589432,3.432678,0.253674,396.782947,309.935307,713.684330,6707.739579
182.191302,31.840344,10.796554,0.596441,18.662517,5.722027,2.949121,0.227096,648.742492,288.157338,935.952567,8985.912109
216.806365,31.259372,11.168180,0.748398,22.709849,6.935724,2.798967,0.253327,1339.838350,1029.878522,2313.522780,27028.761109
208.917357,33.136010,10.264909,0.560794,15.452826,6.304843,3.228086,0.175600,486.830854,92.253295,580.247454,4612.743142
134.244895,21.874539,9.440322,0.583704,21.514254,6.137039,2.317139,0.304987,494.667251,636.647723,1109.187733,12276.355697
217.800044,33.101510,9.185045,0.629848,18.800265,6.579762,3.603848,0.209237,764.721838,233.276971,1003.192991,9702.565135
196.012572,28.146738,7.268227,0.570840,12.596056,6.963953,3.872573,0.147773,248.900132,38.594243,299.238486,1939.055019
196.586416,30.549905,11.912097,0.661457,11.179851,6.434927,2.564612,0.130967,295.598162,41.451735,344.436302,1980.993511
139.849899,28.272351,8.946111,0.570375,22.034334,4.946525,3.160295,0.306036,584.273595,881.818931,1461.163583,16562.918584
105.654391,22.666310,8.338833,0.569466,23.391254,4.661297,2.718163,0.373778,440.877592,456.275470,903.486196,10872.092457
179.183163,20.628408,5.186242,0.799350,11.375149,8.686233,3.977525,0.139576,190.509830,22.609507,217.116709,1270.540306
134.846673,25.850968,10.772669,0.814204,12.422074,5.216310,2.399681,0.175702,274.997828,47.715180,315.386361,2015.464338
169.672068,25.904889,7.091545,0.716544,17.343362,6.549809,3.652926,0.218691,463.926311,168.904106,624.744141,5574.084984
158.488637,23.267352,7.984618,0.628227,13.226010,6.811632,2.914022,0.172557,230.038432,37.370592,275.765231,1876.318093
117.943335,15.338992,7.076481,0.577624,20.998057,7.689119,2.167602,0.317575,303.806820,349.477123,652.857709,7052.380943
86.405836,11.167082,5.427548,0.627000,17.874602,7.737548,2.057482,0.315841,136.123276,150.113458,281.035601,2584.257711
110.707125,16.109800,5.365559,0.758612,23.905520,6.872036,3.002446,0.373176,414.323723,398.750776,802.116004,9864.463682
152.348539,20.243809,5.971956,0.606473,18.338925,7.525685,3.389812,0.244038,323.153578,175.333551,486.066350,4585.720115
229.708023,27.989146,7.587881,0.707057,11.119840,8.207039,3.688665,0.120507,278.151958,35.466967,305.013118,1744.838133
108.419441,21.261655,10.070953,0.807737,16.412944,5.099295,2.111186,0.258903,332.014216,297.299995,654.165095,5523.469588
160.468369,30.792316,8.500416,0.757277,10.808386,5.211312,3.622448,0.140142,230.453395,35.513853,280.614324,1560.302431
208.258574,33.029926,10.582252,0.564166,11.957548,6.305148,3.121257,0.136096,305.216437,47.469153,351.310238,2161.080922
131.435112,22.317570,5.410831,0.750231,19.665494,5.889311,4.124610,0.281743,406.789441,525.502777,904.239926,9148.010183
225.382444,28.932357,8.985957,0.741998,22.379807,7.789979,3.219730,0.244850,1165.553099,722.802565,1898.545032,21858.248118
107.526137,22.164773,10.284766,0.599653,22.051360,4.851218,2.155107,0.349287,460.073832,604.840796,1072.676121,12168.641710
165.784562,21.915782,6.114976,0.828121,15.522504,7.564620,3.583952,0.198013,366.000221,80.711241,453.379437,3620.442826
148.628982,16.150691,3.874010,0.552076,19.679386,9.202639,4.168986,0.265133,243.134760,177.524987,426.866385,4321.570508
167.837846,24.656280,10.669996,0.607604,18.737511,6.807103,2.310805,0.237558,539.091730,261.916148,795.888866,7671.891044
185.062603,23.813126,11.561298,0.695476,11.005790,7.771454,2.059728,0.132882,246.927922,29.838221,272.562814,1543.213210
145.673523,25.525693,8.237927,0.575743,19.405373,5.706937,3.098558,0.264080,436.830631,386.793995,837.209329,8357.842267
151.997097,32.736153,12.263384,0.591750,12.526601,4.643096,2.669423,0.166886,281.947301,53.484312,332.619110,2143.475591
181.472488,20.874919,8.833276,0.585499,22.320621,8.693327,2.363214,0.272148,650.860713,527.906213,1212.529686,13923.126479
145.966458,16.425766,8.013995,0.720236,12.361605,8.886432,2.049635,0.168055,177.484176,22.099791,200.708097,1276.373731
122.168732,23.583100,7.213036,0.561538,18.467319,5.180351,3.269511,0.274427,301.930827,320.574354,637.343013,6055.014520
187.835496,32.219106,10.755993,0.619415,19.148082,5.829941,2.995456,0.229477,724.248691,339.964366,1065.155932,10492.441970
201.287645,33.751989,8.571753,0.630441,17.483299,5.963727,3.937583,0.202404,614.105371,173.710638,775.094405,6971.337381
127.601803,25.817142,12.583181,0.689431,19.904258,4.942522,2.051718,0.289415,587.639277,790.187757,1387.165572,14204.056672
215.755689,33.287282,9.797847,0.820856,17.461850,6.481625,3.397408,0.195260,884.012630,209.116247,1085.874815,9754.569701
212.492132,29.176846,7.527920,0.760310,21.134558,7.282903,3.875818,0.238136,959.193083,548.046970,1506.638745,16380.999703
151.571927,30.116622,11.266524,0.809243,23.585966,5.032833,2.673107,0.314665,1120.914172,2028.196063,3170.651970,38471.608531
187.880502,32.378181,11.204767,0.726150,12.856223,5.802689,2.889679,0.154055,403.466793,62.753522,460.737933,3047.231585
79.535188,16.207432,5.416556,0.596418,21.368623,4.907328,2.992202,0.393551,205.048299,148.110779,363.266483,3993.373840
212.010762,28.506211,12.162551,0.682850,14.938442,7.437353,2.343769,0.168512,544.410615,82.441782,623.923018,4794.843366
174.038802,23.824439,6.219786,0.819424,20.017078,7.305053,3.830427,0.249219,646.772857,467.142288,1161.556205,11961.317186
214.278607,27.297448,9.491630,0.823270,19.397620,7.849767,2.875949,0.217652,936.884634,315.406328,1240.196675,12375.909413
187.951473,28.752194,10.603628,0.679948,14.328471,6.536944,2.711543,0.171665,424.810646,70.456927,499.013624,3678.327240
137.992587,27.813290,10.418828,0.729565,12.625282,4.961390,2.669522,0.176529,266.642640,49.917226,315.876455,2051.617813
195.332852,24.152120,6.729055,0.832882,16.779029,8.087607,3.589229,0.197189,541.850436,116.950793,663.066524,5723.504436
113.154190,21.850118,8.954220,0.594308,13.064786,5.178653,2.440203,0.201730,165.021058,41.872515,206.382803,1387.119638
162.252050,26.588062,7.346244,0.847578,12.601511,6.102440,3.619273,0.162492,302.509229,45.906608,353.355344,2290.721987
229.362783,26.148801,7.637368,0.591339,21.985228,8.771446,3.423797,0.238437,818.091258,390.529548,1211.450313,13701.707592
159.492717,22.942562,11.198610,0.666548,15.114277,6.951827,2.048697,0.196571,367.266578,76.351923,447.577673,3480.117402
143.092665,17.049748,8.213300,0.660997,18.667906,8.392656,2.075871,0.256325,363.019911,226.768807,556.338119,5342.844459
148.887954,23.072396,7.181303,0.770242,23.979794,6.453077,3.212842,0.322789,765.801320,1212.508364,1934.899633,23869.427527
135.230096,29.383090,8.770896,0.768613,14.035208,4.602310,3.350067,0.198237,323.756787,88.932567,422.091404,3047.638503
127.620651,19.181782,6.475138,0.613722,13.364986,6.653222,2.962374,0.194317,155.807996,32.039992,184.468082,1268.317090
176.865964,24.330392,10.864994,0.777720,15.060159,7.269343,2.239338,0.185999,462.974893,81.054043,563.860901,4368.573531
86.333700,10.626220,5.229702,0.710236,23.336369,8.124592,2.031898,0.412522,237.152331,96.473490,332.874260,3996.240434
105.090742,19.628950,6.810975,0.705492,21.252898,5.353865,2.881959,0.340518,368.297759,538.047791,875.013392,9566.894243
229.527015,32.508443,8.767353,0.815135,13.193787,7.060535,3.707897,0.143040,517.256129,71.190479,581.653132,3947.950171
175.286657,22.919750,6.844772,0.800610,21.133483,7.647843,3.348504,0.262180,708.423582,623.081322,1358.246687,14766.849492
199.272436,27.565929,7.046705,0.818448,22.944116,7.228940,3.911889,0.266963,1080.664806,1129.655196,2192.094986,25874.311602
223.788501,25.468557,11.211105,0.808326,20.376367,8.786854,2.271726,0.223723,1082.621101,385.656867,1462.521434,15330.880225
200.135042,23.971387,6.703271,0.677229,13.199416,8.348914,3.576073,0.153249,282.644138,38.419290,315.193882,2140.279993
218.408964,24.585502,10.981718,0.594760,13.886260,8.883649,2.238766,0.154331,385.151354,50.485258,454.368567,3245.874173
206.208846,25.787439,10.309854,0.793415,17.783151,7.996484,2.501242,0.203404,742.266435,175.109734,911.015836,8334.369536
224.614497,31.509741,8.015818,0.764890,19.922427,7.128415,3.930945,0.218337,975.179391,364.126717,1377.651706,14119.515222
101.352011,19.414905,8.483856,0.731647,10.066320,5.220320,2.288453,0.164232,100.276298,15.148019,113.444060,587.476654
209.696428,25.928240,11.712329,0.849289,20.153721,8.087569,2.213756,0.228593,1086.178364,454.989158,1503.376145,15586.944874
137.017010,19.874574,8.766710,0.589059,19.999845,6.894085,2.267050,0.280636,405.809484,396.510911,837.827485,8620.239805
135.396625,22.692712,6.303235,0.660051,12.254850,5.966525,3.600169,0.172985,161.829996,28.050622,192.036924,1210.684112
94.614427,17.594960,4.763414,0.832589,16.239379,5.377360,3.693771,0.274217,195.936182,234.583811,435.290386,3636.525244
175.562062,24.793326,11.897231,0.800086,18.725060,7.081021,2.083958,0.232119,751.216409,345.887162,1065.229620,10261.351433
227.891841,32.393939,8.869301,0.748431,20.687853,7.035015,3.652367,0.225089,1093.842936,472.329947,1597.593795,17002.778693
170.788005,20.963867,7.176789,0.838449,22.866577,8.146780,2.921065,0.287393,813.499719,1000.677832,1828.859101,21513.918036
102.077514,17.067078,4.228006,0.834090,20.519503,5.980960,4.036673,0.333584,305.869340,500.020678,797.439345,8417.877652
144.730268,31.466103,10.334160,0.600042,19.179886,4.599561,3.044863,0.261860,547.841933,527.613087,1065.917084,10517.379452
90.492012,18.690695,5.783365,0.784652,18.410727,4.841554,3.231803,0.317885,249.521572,423.887916,664.722279,6295.776050
129.795929,23.639286,9.795041,0.715538,19.543410,5.490687,2.413393,0.281756,501.099012,607.081789,1067.907320,10736.729268
164.398610,33.748130,10.538559,0.834723,21.986172,4.871340,3.202348,0.281646,1137.747634,1728.289699,3028.728814,34256.904758
137.526687,18.664910,7.305309,0.832573,22.700940,7.368195,2.554979,0.317946,620.388354,914.512500,1493.168349,17437.761354
123.974695,19.858150,6.793181,0.581861,15.919304,6.243013,2.923248,0.234834,210.681563,97.550771,317.063590,2596.620948
198.488418,27.169065,9.154900,0.764352,18.995146,7.305677,2.967707,0.221452,766.478901,284.288439,1057.251997,10331.401687
72.077586,14.819401,5.464855,0.824602,14.997710,4.863731,2.711765,0.290154,124.967560,174.194092,314.577834,2427.119654
220.573042,27.213733,9.632971,0.797129,21.765391,8.105211,2.825061,0.240710,1158.095260,648.626970,1810.333407,20270.438201
121.133446,26.465313,7.155613,0.763183,15.781102,4.577065,3.698539,0.235510,315.785209,195.401035,504.697388,4097.382301
189.857886,24.427495,7.865716,0.661704,23.724858,7.772303,3.105565,0.282809,860.144415,931.545514,1826.687884,22294.927736
132.298391,21.934071,7.508798,0.743324,13.204204,6.031639,2.921116,0.188555,215.124427,42.436958,263.440075,1789.501940
211.029568,28.029302,7.551817,0.706165,13.131297,7.528891,3.711597,0.148470,352.463258,49.755099,402.387985,2718.258472
110.990755,17.744789,7.804065,0.552483,10.055201,6.254837,2.273788,0.156766,79.413215,11.400595,89.756248,464.294495
228.271575,30.210227,12.019218,0.597197,19.376860,7.556103,2.513494,0.210650,869.458259,242.515417,1082.221935,10787.922845
201.784441,21.386697,7.325502,0.567221,21.047552,9.435045,2.919485,0.243367,573.390792,276.741728,851.094300,9215.467495
209.567559,31.030753,11.682078,0.651700,20.563926,6.753544,2.656270,0.233318,967.857918,464.195124,1425.218298,15077.367688
144.446740,21.814386,6.834404,0.586124,11.727086,6.621627,3.191849,0.160265,143.803928,22.013761,165.496766,998.430229
169.606184,19.307195,5.420674,0.551021,23.778243,8.784610,3.561770,0.299890,497.903793,559.990805,1067.077130,13053.100298
165.061414,22.071983,8.893274,0.753854,23.422739,7.478323,2.481874,0.299446,837.485548,1101.880985,1952.470996,23526.665251
130.234769,24.310878,7.480393,0.644686,15.810551,5.357057,3.249947,0.227555,276.428724,124.180719,404.118755,3286.957682
137.619990,24.380308,10.087011,0.654155,17.818456,5.644719,2.417000,0.249478,423.011778,287.688095,737.390586,6759.362882
196.344790,32.739629,7.835926,0.648296,11.107538,5.997160,4.178144,0.130200,249.570540,39.148003,290.454050,1659.714425
165.046924,30.366094,11.121818,0.552151,14.481629,5.435237,2.730317,0.185147,345.485188,73.510238,409.709927,3052.333736
110.239994,18.746335,8.212039,0.695225,10.321041,5.880616,2.282787,0.161457,104.307475,14.960765,120.107889,637.724586
203.683335,22.732965,8.762329,0.702068,20.570049,8.959823,2.594398,0.236734,743.959026,335.499472,1060.071542,11217.823500
117.166355,24.831906,8.944054,0.586233,15.198099,4.718379,2.776359,0.230617,238.207367,115.287484,357.668433,2796.455909
82.090581,11.634354,4.501458,0.603791,15.655471,7.055878,2.584575,0.283807,91.159730,84.801177,176.840665,1424.250550
161.465684,33.206100,12.356921,0.796018,12.060631,4.862531,2.687247,0.155895,364.112254,58.636494,411.667454,2554.198611
133.630536,29.067052,10.053403,0.834430,12.243655,4.597320,2.891265,0.173965,283.561593,52.336670,330.223880,2079.972923
140.975016,18.380798,4.445102,0.596926,15.368723,7.669690,4.135068,0.212603,178.689575,50.482159,234.453946,1853.674337
114.348858,17.783477,7.940389,0.645249,16.326957,6.430062,2.239623,0.250780,228.675448,141.911807,366.177799,3075.639040
133.766400,28.329209,11.280458,0.684996,19.638100,4.721854,2.511353,0.278888,588.635638,736.335430,1355.519403,13694.409690
150.101910,19.928609,5.002452,0.616875,21.400208,7.531981,3.983769,0.286899,398.247278,444.161133,858.525058,9451.681243
223.096880,30.600033,7.308557,0.634850,15.492590,7.290740,4.186877,0.170365,475.800435,82.183137,569.285479,4537.245086
134.676807,21.360727,9.130623,0.773271,14.654222,6.304879,2.339460,0.207405,296.742575,79.134929,371.406330,2799.949380
180.041674,24.458135,8.521116,0.828609,11.641069,7.361218,2.870297,0.142498,278.565941,34.230065,312.636366,1872.278489
170.025199,33.323004,8.668612,0.717495,12.677786,5.102337,3.844099,0.159695,327.647142,57.770702,387.535269,2527.509318
194.708917,20.847767,10.303645,0.839198,10.430076,9.339558,2.023339,0.122772,244.636560,24.395678,276.726816,1484.830348
170.231001,20.444041,6.247327,0.778190,22.302447,8.326681,3.272446,0.280761,666.193809,728.219772,1359.807126,15601.556723
188.940839,32.518812,8.448482,0.667580,15.365526,5.810201,3.849072,0.183607,467.451607,98.833582,565.515373,4470.231015
128.912653,22.377741,7.883785,0.575905,18.209685,5.760754,2.838451,0.263426,318.555637,268.366604,589.343947,5520.893513
164.305110,33.202558,7.973878,0.670169,20.094388,4.948568,4.163916,0.257486,683.304984,653.795773,1350.717940,13962.962027
120.832804,19.436516,9.257606,0.616470,14.159414,6.216793,2.099519,0.211571,200.916793,55.435527,255.515137,1861.229902
141.888087,19.960113,6.930292,0.666727,14.470655,7.108581,2.880126,0.199535,224.218900,49.217372,274.777641,2045.538589
222.645344,26.832913,10.555245,0.731316,19.579285,8.297472,2.542140,0.215523,907.922289,272.808333,1181.757099,11903.183955
158.919374,31.041663,12.699593,0.842952,13.491802,5.119551,2.444304,0.175786,457.681904,82.296214,546.487377,3793.046757
183.852247,20.056874,6.593307,0.640545,23.059277,9.166546,3.042005,0.279328,636.922261,590.929965,1239.174275,14699.960921
151.415358,25.246991,7.689416,0.798725,14.694330,5.997363,3.283343,0.196141,349.759395,81.749183,425.631904,3217.526058
202.221378,33.271385,12.645488,0.768400,14.541731,6.077937,2.631087,0.167960,612.945535,100.303841,692.688347,5181.936702
185.154986,27.780166,8.126303,0.602306,11.922595,6.665006,3.418549,0.143915,232.734853,34.927055,270.650824,1660.038799
105.190597,21.856882,8.247245,0.790491,11.446371,4.812699,2.650204,0.183309,149.375000,28.921639,179.948421,1059.629347
201.520298,28.186823,12.455885,0.795423,11.344468,7.149451,2.262932,0.131259,359.429795,43.980363,390.254525,2277.561836
138.519268,26.222558,8.053674,0.793681,16.165397,5.282447,3.255975,0.225598,401.219711,186.834671,581.825096,4838.568979
220.037679,23.725304,5.984733,0.809811,10.526437,9.274388,3.964304,0.116556,230.174148,25.887064,247.430899,1339.903270
202.346291,25.813244,11.156897,0.843716,18.708562,7.838856,2.313658,0.216021,887.011638,279.213971,1200.724776,11556.384889
83.084740,14.894041,4.698318,0.605776,14.170331,5.578388,3.170079,0.255342,89.271527,62.641372,155.336845,1132.381020
144.254505,29.179298,12.787303,0.778955,23.560003,4.943728,2.281896,0.322192,1072.928211,1882.186531,2931.206025,35527.102559
108.470839,16.127680,4.972872,0.668782,15.559687,6.725756,3.243132,0.245385,156.326057,89.048809,238.291482,1907.425024
147.855263,25.951725,8.720241,0.613026,12.663842,5.697319,2.976033,0.171061,216.552148,38.019519,257.389632,1676.851591
123.942689,26.770125,8.233242,0.718909,22.641560,4.629888,3.251468,0.334041,633.950002,1091.805427,1723.087416,20070.203014
150.039055,25.714529,11.943293,0.606246,13.406699,5.834797,2.153052,0.179773,282.656377,51.468004,334.145630,2304.601051
193.877084,25.424647,9.718886,0.728796,23.282683,7.625556,2.616004,0.274646,1038.714278,1050.843227,2011.119195,24088.454639
183.421013,19.710387,7.446762,0.607773,20.825567,9.305805,2.646840,0.252567,527.691840,302.990887,841.028347,9010.431187
150.192019,23.924969,6.843136,0.817013,19.816532,6.277626,3.496200,0.265588,577.368149,592.851765,1147.008649,11693.175276
103.189552,21.464693,7.575417,0.660316,17.543786,4.807409,2.833467,0.283667,263.143060,328.553547,578.463667,5220.805350
148.737901,19.688757,5.270487,0.829471,17.178070,7.554459,3.735662,0.231349,357.122622,165.118845,522.419813,4616.704905
200.714974,30.258449,8.542996,0.560205,23.458755,6.633353,3.541901,0.271969,900.141462,895.391883,1823.702707,22008.837376
184.903073,20.777653,5.818735,0.719969,20.015074,8.899132,3.570820,0.241762,530.002895,277.288732,811.800096,8358.809087
229.421843,31.527940,9.707421,0.806517,14.618931,7.276779,3.247818,0.158526,630.257607,90.428728,732.270785,5507.131103
109.916091,24.241587,9.872452,0.615168,14.285689,4.534195,2.455478,0.223807,216.384707,90.839851,313.663008,2305.168066
188.390694,23.149262,6.021443,0.606666,19.453425,8.138086,3.844471,0.232793,471.330220,205.396892,674.516690,6750.359303
151.332714,24.722402,7.606453,0.713555,20.086188,6.121279,3.250188,0.268185,550.665225,552.430386,1081.518708,11175.569343
212.047550,25.044477,6.476849,0.605763,22.324416,8.466839,3.866769,0.251807,729.940141,470.156107,1189.321145,13658.951322
167.707268,18.268476,6.397255,0.765184,12.294647,9.180145,2.855674,0.155935,199.316588,23.493583,224.049419,1417.091857
222.064647,27.747582,8.424051,0.648423,22.887128,8.003027,3.293853,0.252264,1003.184117,675.496008,1681.848255,19802.326563
186.608782,24.110964,7.380380,0.596267,14.378258,7.739582,3.266900,0.172880,291.770597,46.940010,343.114541,2537.952499
182.460633,27.684675,12.762261,0.633478,22.308405,6.590673,2.169261,0.271261,965.974195,913.702476,1878.639450,21560.064909
178.381073,22.127396,9.846048,0.589612,11.731432,8.061548,2.247338,0.144271,209.997058,27.016437,238.479881,1439.265331
180.707054,21.174168,9.296491,0.846278,15.629154,8.534317,2.277652,0.190964,474.375673,82.350867,562.881384,4525.748889
135.833706,21.984890,6.782816,0.758550,10.136798,6.178503,3.241263,0.142857,131.475072,17.768166,147.405124,768.690406
158.546135,21.735590,7.123372,0.840043,20.698269,7.294310,3.051306,0.269998,646.272402,662.452856,1326.837412,14128.297801
216.581042,23.938664,10.567880,0.574512,20.615012,9.047332,2.265229,0.230079,757.897865,279.365788,1041.587225,11046.312951
137.275678,28.716473,10.301230,0.804506,14.108075,4.780381,2.787674,0.197776,364.997739,95.444904,475.418924,3450.502270
104.008247,12.563744,6.243874,0.599250,12.498523,8.278444,2.012171,0.201293,90.208451,17.042972,106.164369,682.614639
173.034349,20.781301,9.239554,0.803458,21.140870,8.326445,2.249167,0.263973,754.367640,622.424406,1378.650957,14993.923312
152.827584,26.014102,7.173764,0.783071,20.580371,5.874798,3.626283,0.273436,645.504944,767.855146,1416.702817,14999.267782
103.054960,18.711343,7.486299,0.809317,20.064240,5.507620,2.499412,0.324632,376.918188,604.887287,935.545966,9656.638081
152.153050,23.868134,10.917494,0.552736,13.236936,6.374736,2.186228,0.176259,240.662981,41.200411,278.497808,1896.476048
187.777122,31.964742,9.661947,0.551938,13.155174,5.874508,3.308313,0.157681,309.048997,53.289793,363.899373,2462.725469
108.483153,15.792285,4.286913,0.619627,19.834114,6.869376,3.683836,0.312777,213.566793,278.204982,514.945397,5254.266465
152.295470,23.296597,7.208134,0.638340,22.720499,6.537241,3.231987,0.302397,594.469212,802.139365,1402.549106,16393.589386
159.825243,22.154590,9.332820,0.680504,17.956949,7.214092,2.373837,0.233299,462.302870,203.698944,684.983346,6327.769842
118.478179,13.732169,5.322323,0.701667,13.607279,8.627783,2.580108,0.205332,129.002456,27.186065,153.482636,1074.406533
167.160265,23.528393,10.821010,0.666886,23.422948,7.104619,2.174325,0.297563,865.715888,1069.932812,1891.043361,22786.684778
146.978186,20.925828,5.840172,0.688540,14.890909,7.023769,3.583084,0.201743,240.230592,57.398002,293.706548,2249.950442
156.498988,26.358205,8.268353,0.616912,22.562090,5.937392,3.187842,0.296229,665.276004,895.103296,1590.787445,18464.161692
208.516564,32.904473,11.932901,0.684301,15.734386,6.337028,2.757458,0.178971,633.824093,117.229254,730.973846,5916.838808
136.586720,26.103556,6.809257,0.563333,20.089582,5.232495,3.833540,0.282339,403.240639,493.758659,918.310041,9490.702257
184.913261,26.349353,9.536481,0.612831,18.820538,7.017753,2.763006,0.227327,580.956521,232.264282,796.902253,7715.697500
170.963851,21.734570,8.281960,0.576505,16.099207,7.865987,2.624327,0.202235,325.993413,72.727884,398.617190,3301.403553
144.394829,27.032384,10.363147,0.578710,16.784173,5.341550,2.608511,0.229418,382.462705,174.095303,543.459991,4692.514463
147.041714,26.620117,6.339799,0.642300,21.107693,5.523706,4.198890,0.285907,520.688062,692.477994,1212.748754,13168.906759
82.230525,15.428563,5.530804,0.814675,12.276959,5.329759,2.789570,0.222371,97.792270,37.569160,138.673905,875.837749
196.069218,26.662766,11.849886,0.836919,10.864567,7.353671,2.250044,0.127442,322.897095,37.470532,356.711316,1993.734961
130.474752,18.668925,7.597671,0.847900,23.265556,6.988873,2.457190,0.334544,643.809772,950.900786,1614.567825,19324.481269
98.084146,13.254683,4.822869,0.833523,23.662020,7.399962,2.748298,0.392424,343.686353,233.705093,590.260565,7185.114468
216.679229,24.603163,5.859050,0.755543,11.006469,8.806966,4.199173,0.122813,232.796584,28.263602,258.295282,1462.522571
147.338017,23.044321,8.421522,0.849280,12.032504,6.393680,2.736361,0.162818,245.855816,34.432942,288.117730,1783.462972
211.893014,33.211622,10.829585,0.820551,17.937664,6.380086,3.066749,0.202400,948.847518,255.913964,1168.895467,10786.478304
94.809214,16.851876,8.116245,0.645998,23.766753,5.626033,2.076314,0.400911,388.317498,233.380771,617.889504,7554.727066
185.299481,24.598728,9.606727,0.585641,12.759975,7.532889,2.560573,0.153963,262.453687,37.089507,297.241544,1951.180444
161.203462,24.299857,6.715051,0.762912,21.786199,6.633926,3.618715,0.281837,683.225963,850.265166,1593.637357,17861.135731
200.399704,27.035445,9.969837,0.732714,13.562335,7.412480,2.711724,0.157358,407.442582,56.596793,475.277613,3316.041287
105.499940,15.755167,7.016622,0.802657,11.509245,6.696212,2.245406,0.184045,118.866107,19.097474,136.578798,808.664204
120.798816,22.852968,7.202076,0.699614,10.721441,5.285914,3.173108,0.160223,127.974551,20.379650,144.332937,796.080002
79.777789,11.824396,3.536703,0.740896,11.404034,6.746881,3.343338,0.209711,53.436500,13.555088,68.328406,400.864788
152.303779,22.832740,5.842535,0.651990,11.270318,6.670412,3.908019,0.149998,147.395060,21.725291,164.653651,954.653223
209.865884,30.174533,8.647028,0.644913,19.410787,6.955066,3.489584,0.220078,740.973833,271.780023,1009.282393,10078.454921
136.412115,26.077449,9.103265,0.844407,13.073415,5.231037,2.864626,0.183851,297.213865,58.276825,351.599383,2364.695752
121.742468,26.406500,7.090388,0.699884,17.627251,4.610322,3.724267,0.262402,355.607640,365.567171,690.203136,6258.923268
184.949646,24.300111,6.963165,0.707769,14.619812,7.611062,3.489809,0.176571,341.687763,56.050446,395.602423,2975.355389
136.860051,27.742029,9.534213,0.591304,22.476419,4.933311,2.909734,0.315568,624.677099,970.856250,1640.065219,18963.842639
156.127269,21.154383,9.861818,0.726069,12.120696,7.380375,2.145079,0.159328,230.277676,30.257607,259.502972,1618.109823
152.256190,33.088514,11.872221,0.651187,14.524316,4.601482,2.787053,0.193336,398.645603,100.594386,499.918519,3735.364739
184.434002,28.568075,10.445306,0.711579,15.615035,6.455948,2.735016,0.188854,506.412387,102.454432,619.756113,4978.538668
150.806281,21.671269,8.747593,0.802877,12.210583,6.958812,2.477398,0.163317,238.353272,32.416460,265.830622,1669.857922
179.028098,30.956596,10.986193,0.677311,18.416124,5.783197,2.817773,0.226069,688.633382,302.912485,964.407533,9136.859295
157.346806,21.329984,9.704049,0.808828,22.536667,7.376790,2.198050,0.295097,818.408292,1068.629110,1837.367303,21302.166969
200.188272,27.865094,11.064879,0.789262,22.846614,7.184195,2.518337,0.265220,1242.792287,1167.987384,2450.616236,28802.836263
127.551899,21.001779,8.426310,0.571619,23.519374,6.073386,2.492405,0.342047,508.502185,644.709259,1173.072338,14193.472268
150.559437,27.692664,8.012931,0.772070,19.843413,5.436799,3.455997,0.265623,635.695036,683.447736,1283.506616,13102.452514
163.797574,28.903286,11.673136,0.773635,11.708241,5.667092,2.476052,0.150259,305.277844,44.204904,353.062486,2126.578044
148.865451,26.629212,8.508312,0.829175,15.036624,5.590306,3.129788,0.202422,402.901727,109.770876,489.334279,3785.245698
135.021080,28.553727,7.754615,0.758186,20.749376,4.728667,3.682159,0.293297,622.423848,1015.411574,1642.411271,17531.741688
63.442503,13.643045,5.718415,0.604510,18.356950,4.650172,2.385809,0.378542,120.740892,106.007401,220.302333,2080.452183
229.685880,30.347246,7.444249,0.710230,16.679843,7.568590,4.076603,0.180771,626.071725,115.177796,732.358314,6284.253111
181.363386,28.889933,12.696429,0.716310,20.994957,6.277736,2.275438,0.256061,966.562784,766.134627,1667.720476,18012.598370
70.326052,10.182662,5.012660,0.845569,19.317863,6.906450,2.031389,0.378359,157.140138,129.137868,288.690704,2868.996267
191.829497,23.435706,9.400019,0.630296,23.726409,8.185352,2.493155,0.281370,886.197060,875.708205,1757.263421,21448.996811
172.430730,31.338859,9.127256,0.608296,15.258932,5.502138,3.433546,0.190862,395.694251,92.470640,486.090384,3815.744259
145.187752,30.057184,12.076316,0.715957,18.455295,4.830384,2.488937,0.251570,623.527785,505.079545,1137.934319,10803.794020
203.990132,29.702374,10.236916,0.706747,15.392340,6.867806,2.901496,0.177012,541.454628,93.579261,629.585846,4985.373497
164.474923,23.673829,11.748925,0.705361,17.279775,6.947542,2.014978,0.221305,529.042151,182.146591,696.193319,6188.794066
130.836012,22.343834,9.607118,0.729007,20.708805,5.855576,2.325758,0.297369,550.058576,759.322466,1319.636372,14058.773287
112.973700,23.289192,7.397801,0.782838,14.702518,4.850907,3.148124,0.227199,249.558561,120.371716,377.234465,2853.258876
136.532255,26.130138,7.960672,0.646185,19.069591,5.225087,3.282404,0.268057,439.339700,449.545350,887.219471,8703.833162
154.556458,22.202960,10.033610,0.688220,18.902402,6.961074,2.212859,0.249734,518.522909,326.973855,837.449209,8143.546435
120.812832,23.757594,7.863306,0.672000,20.992133,5.085230,3.021324,0.313692,461.478857,727.643504,1201.786730,12978.427592
104.353892,21.220665,7.549353,0.612558,21.419723,4.917560,2.810925,0.344400,359.922721,501.814934,866.687905,9550.248923
199.294892,32.991449,11.274506,0.820738,20.591024,6.040805,2.926199,0.239571,1180.308317,753.867099,1996.386391,21147.578863
196.984740,29.500615,8.394980,0.586260,21.305061,6.677310,3.514078,0.249327,749.887085,503.942021,1236.594717,13553.400766
98.625763,19.671344,8.764647,0.636328,20.614258,5.013677,2.244397,0.340939,341.125966,471.130770,833.469889,8838.849249
150.130822,25.944663,11.362731,0.805178,18.756802,5.786578,2.283312,0.251436,663.488564,512.467282,1176.115990,11348.724535
132.424222,28.695220,12.867936,0.684852,18.255126,4.614853,2.229978,0.260558,546.735265,512.732263,1024.504949,9621.371966
156.591976,29.688031,10.647449,0.799254,17.176619,5.274583,2.788276,0.225453,607.460946,283.436085,865.027900,7643.739874
186.143406,28.515942,7.807129,0.692088,22.514833,6.527696,3.652552,0.271049,874.346709,922.789834,1822.014520,21103.702893
130.160159,18.854430,6.238914,0.698264,18.978908,6.903426,3.022069,0.273235,333.531449,323.166794,663.792659,6480.996165
116.911917,21.182882,7.060660,0.712063,22.363799,5.519169,3.000128,0.339719,475.736860,707.620501,1158.125078,13324.138838
150.208266,22.955618,10.999889,0.800833,11.867278,6.543421,2.086895,0.159041,258.108689,34.606727,295.693486,1805.223559
203.473529,28.112124,6.914803,0.735871,23.100824,7.237928,4.065499,0.265997,999.178509,980.966666,1997.310776,23736.201170
143.894329,17.719756,8.703710,0.564863,12.086619,8.120559,2.035885,0.165496,151.275550,20.480867,172.208457,1070.772995
192.693953,21.368162,8.401777,0.809570,12.757266,9.017807,2.543291,0.150948,314.251787,36.109382,350.003575,2297.038016
196.106527,24.382516,11.065932,0.802942,16.243961,8.042916,2.203386,0.190524,608.004096,109.812781,727.218570,6077.080766
66.825321,10.063552,4.013626,0.717884,12.815320,6.640332,2.507347,0.257491,53.292103,35.262118,87.451473,576.546976
193.056789,24.984444,6.907258,0.620625,11.889890,7.727080,3.617129,0.140553,215.882665,29.889061,243.253892,1487.906828
192.468768,24.760674,11.805898,0.552213,18.127432,7.773163,2.097314,0.214615,565.208983,159.714632,728.786934,6796.338067
119.304026,16.530572,6.007110,0.550033,10.445603,7.217175,2.751834,0.157076,75.951812,10.487190,85.257774,458.147825
194.406049,33.263634,8.653371,0.620729,12.111450,5.844402,3.844009,0.142674,293.428961,47.954736,344.888959,2148.886767
138.996517,18.557495,5.055461,0.746523,18.123170,7.490047,3.670782,0.252485,314.728285,218.582570,525.145242,4896.116041
128.601164,21.744884,8.787420,0.795907,12.136087,5.914088,2.474547,0.175776,204.448057,33.176056,240.055776,1498.749085
92.307785,19.291886,9.171723,0.562763,19.258748,4.784798,2.103409,0.329240,263.657547,369.130510,639.443149,6335.313331
204.696769,28.349152,9.612316,0.702480,11.478384,7.220561,2.949253,0.131774,294.836022,39.075437,336.465206,1986.822249
187.264151,29.324173,11.952642,0.670732,17.912740,6.385999,2.453363,0.215000,681.279891,221.345512,895.718642,8254.138420
116.999305,19.102918,6.557223,0.563424,22.500858,6.124682,2.913263,0.341673,360.398069,455.929703,807.272481,9344.527346
151.035249,31.980334,12.100734,0.700201,17.492164,4.722754,2.642842,0.233780,592.067057,334.466404,943.521131,8490.500261
70.871908,12.053427,3.646465,0.606318,18.343595,5.879814,3.305510,0.357891,100.051853,106.986592,208.397047,1966.591313
130.530042,22.278760,10.875899,0.698484,16.185876,5.858945,2.048452,0.232694,354.285610,164.862576,507.655669,4227.110105
145.252829,27.579611,12.219222,0.761581,13.624540,5.266674,2.257068,0.185679,358.856541,71.919180,423.188498,2966.154867
155.449196,19.077165,5.179657,0.684524,10.093357,8.148443,3.683094,0.132967,108.929756,13.426074,123.242149,639.930807
130.419907,25.900998,8.724676,0.732083,13.679580,5.035324,2.968706,0.196745,263.034553,65.411015,334.648578,2355.048476
121.753413,23.885323,7.906346,0.660642,19.613686,5.097415,3.021032,0.291959,405.032727,556.339449,925.754227,9340.992627
208.809486,33.569163,10.338598,0.658707,22.899966,6.220277,3.246974,0.260294,1178.680206,1047.655847,2197.209391,25884.774727
170.339320,23.584016,7.340005,0.550156,14.023849,7.222660,3.213079,0.176487,237.919904,40.838304,279.373464,2015.535667
168.488131,19.983589,5.450540,0.675559,16.538161,8.431325,3.666350,0.209270,305.577764,78.725340,370.498315,3152.184072
173.244594,22.195634,8.656503,0.761095,19.842466,7.805345,2.564042,0.247611,639.398271,393.273756,1007.496479,10284.360463
167.420502,28.980514,10.403909,0.666933,11.294778,5.777003,2.785541,0.143376,240.882732,36.086818,281.704231,1636.851147
121.399727,24.625386,11.764731,0.598346,10.571379,4.929861,2.093153,0.157589,145.409063,23.581303,169.256029,920.479065
117.343665,16.254066,7.907252,0.782475,11.133135,7.219342,2.055590,0.168807,128.691661,16.922440,144.215547,825.976443
180.235934,29.292907,7.565897,0.800497,18.097940,6.152886,3.871703,0.221418,660.322646,277.861678,943.262076,8782.125303
121.760993,26.950535,8.276149,0.772971,11.685963,4.517943,3.256410,0.173946,195.562258,37.039790,222.176479,1335.674674
179.336551,32.652666,12.230218,0.840400,17.547633,5.492248,2.669835,0.215223,840.573535,312.358749,1167.521588,10539.537873
207.068864,29.168494,9.089860,0.642823,13.773412,7.099059,3.208905,0.157213,383.826205,58.285936,441.581996,3128.895092
199.006303,30.613040,12.026735,0.802843,15.012394,6.500704,2.545416,0.174791,625.411133,103.628178,719.267078,5554.925613
146.735475,23.195991,10.882370,0.555421,22.427437,6.325898,2.131520,0.304099,620.472889,781.006512,1442.630966,16644.586214
197.725470,30.670863,12.802636,0.616899,22.947261,6.446688,2.395668,0.268042,1126.100691,1040.862656,2165.734537,25566.670639
157.040961,18.862903,4.581976,0.602640,18.555847,8.325386,4.116762,0.243208,289.641057,151.633219,437.468050,4176.045562
190.125788,24.392394,9.479021,0.666357,22.301112,7.794470,2.573303,0.265650,840.089128,695.945633,1511.352040,17339.247981
147.121771,21.563588,7.949448,0.746710,15.518078,6.822694,2.712589,0.210137,325.279032,90.628755,416.428466,3324.424181
161.474385,28.013737,8.389301,0.650784,20.476897,5.764114,3.339222,0.264677,622.175523,592.674578,1255.072892,13221.210258
120.230459,12.755296,4.582574,0.831548,13.350753,9.425925,2.783435,0.199987,133.759699,24.765806,160.898344,1105.084418
174.004850,27.801747,9.359094,0.643828,16.169431,6.258774,2.970560,0.201334,440.686861,111.395678,535.826137,4457.144672
187.132782,25.111038,10.304660,0.703239,23.311012,7.452212,2.436862,0.279892,997.971524,1062.866582,1944.731578,23321.630110
137.664257,24.319487,6.637547,0.696555,21.273981,5.660656,3.663927,0.297812,517.992153,763.081688,1257.320008,13760.452191
147.296334,24.483883,7.429229,0.837149,12.893293,6.016053,3.295616,0.174490,272.412392,45.372539,311.502259,2066.156200
215.347967,24.815666,6.029552,0.766413,11.631958,8.677904,4.115674,0.130193,264.939829,32.547054,290.639432,1739.183692
114.614009,17.571116,8.605133,0.828293,16.782595,6.522865,2.041934,0.257480,311.991114,243.052224,562.271264,4854.484324
224.724234,26.552886,10.475236,0.626971,15.990396,8.463270,2.534825,0.175202,542.502948,84.245427,629.960119,5182.154802
186.801497,22.321377,6.040017,0.565810,23.579439,8.368727,3.695582,0.283365,620.430510,630.416426,1281.152617,15540.766692
195.073848,27.628658,9.809557,0.708311,16.458480,7.060562,2.816504,0.193550,557.398858,117.293317,688.221228,5827.146069
145.658037,24.691674,11.195674,0.575263,13.770000,5.899075,2.205466,0.187400,264.196665,52.466285,318.612133,2257.014503
118.264131,26.139602,7.654127,0.788213,10.906437,4.524328,3.415099,0.164725,162.921860,28.228422,194.720206,1092.526598
101.260854,17.461401,7.946141,0.634793,22.528940,5.799125,2.197469,0.367725,368.725693,367.373182,740.286730,8579.832919
197.065330,30.404957,10.064730,0.688750,11.790438,6.481355,3.020941,0.137952,313.008270,44.747034,359.119043,2178.243679
166.373070,21.454959,5.342651,0.724598,19.907866,7.754528,4.015789,0.253505,476.816842,343.175467,809.366243,8289.110047
103.027708,17.807621,5.323564,0.566144,20.893508,5.785596,3.345056,0.338094,246.065076,325.632514,573.850828,6168.058495
101.146296,14.367591,6.523562,0.559697,23.472508,7.039892,2.202415,0.383344,297.567034,208.278904,502.539693,6068.313046
120.490147,19.549214,5.804668,0.731052,15.807448,6.163427,3.367844,0.236532,229.674668,120.201701,344.645026,2802.669542
95.662604,11.702275,3.951244,0.614111,10.609555,8.174701,2.961668,0.178168,47.891896,6.792015,56.350958,307.564768
206.043184,27.802917,10.372160,0.606386,18.092887,7.410848,2.680533,0.207030,629.652374,163.932830,782.702094,7285.216540
216.224922,24.968132,10.749461,0.761388,18.723485,8.660036,2.322733,0.209140,820.056099,208.031207,1014.592703,9772.743908
175.063052,21.400901,8.595588,0.735630,11.296146,8.180172,2.489754,0.140229,211.995783,25.099948,239.117203,1389.566153
157.841330,33.900854,12.218699,0.781456,13.125591,4.655969,2.774506,0.171598,413.742381,77.254640,482.370977,3257.152917
116.440524,17.730803,4.363685,0.567553,13.167512,6.567132,4.063264,0.200427,105.528510,24.929798,133.743189,905.969384
180.563052,25.985560,9.778974,0.814340,15.167316,6.948592,2.657289,0.185395,494.517587,89.423292,610.075299,4760.255785
214.899802,25.433492,8.226230,0.765221,10.613954,8.449481,3.091756,0.118922,253.449928,29.570903,279.719950,1527.350650
202.902945,22.616079,5.690202,0.799780,16.769778,8.971624,3.974565,0.193369,482.818206,94.055334,583.549141,5034.343581
135.569774,26.253338,8.276793,0.585791,23.195155,5.163906,3.171921,0.327205,592.338959,907.124857,1503.328042,17938.625059
206.575419,27.418342,11.218213,0.628652,13.682468,7.534205,2.444092,0.156361,396.880368,56.503036,456.618859,3214.077852
175.985476,23.870638,5.944183,0.718538,21.388801,7.372466,4.015798,0.264821,632.807421,579.422770,1223.415220,13461.653813
122.891586,18.004956,7.021921,0.592571,11.891698,6.825431,2.564107,0.176192,118.681308,18.872658,132.234035,808.956622
193.063869,31.153017,12.964623,0.554976,14.056864,6.197277,2.402925,0.166166,412.183071,69.872533,487.774298,3527.324794
123.042823,22.517474,7.224498,0.831000,19.813139,5.464326,3.116822,0.293379,485.862536,743.038349,1229.475488,12531.736998
224.817471,27.229530,11.957366,0.623025,15.426631,8.256385,2.277218,0.168989,547.435232,80.924414,613.239539,4866.753592
165.347697,33.043153,11.755687,0.714797,15.864306,5.003993,2.810823,0.202640,545.912496,157.524428,700.474113,5716.777139
116.706292,23.899817,9.886763,0.554455,21.620511,4.883146,2.417355,0.328717,456.127580,668.927759,1097.314174,12204.923382
221.279577,30.154316,11.234497,0.675426,20.310311,7.338239,2.684082,0.224259,987.953488,379.356263,1391.824250,14542.500126
130.689163,19.783151,7.102032,0.617537,18.951766,6.606084,2.785562,0.272291,326.874079,300.403521,615.675725,6002.605922
196.797720,29.847700,8.229657,0.724994,21.275680,6.593397,3.626846,0.249102,906.989160,660.992508,1593.254163,17438.399191
137.250432,29.560533,10.887175,0.622981,14.984968,4.643030,2.715170,0.210089,336.480178,111.040717,452.601124,3489.069046
100.702479,13.160878,6.299586,0.611412,10.758123,7.651654,2.089165,0.176084,68.997984,9.655501,78.926338,436.814028
181.182385,32.009947,11.132256,0.641777,23.837090,5.660190,2.875423,0.290870,1105.284251,1498.421203,2540.364678,31152.105536
103.076097,21.930466,5.386815,0.616918,21.082719,4.700133,4.071138,0.341076,306.529359,471.480361,812.283755,8809.930638
146.838062,26.899583,8.982246,0.844519,22.308063,5.458749,2.994750,0.302375,875.420251,1488.762008,2340.938357,26865.191793
110.464200,21.337834,6.921793,0.801599,19.138979,5.176917,3.082703,0.299097,379.525599,599.731143,999.455351,9840.570575
163.931567,28.834071,12.359290,0.635128,23.982891,5.685342,2.332988,0.307662,1013.387573,1472.614595,2422.248024,29885.343597
214.657444,28.322363,10.725210,0.560332,14.872782,7.579080,2.640728,0.166733,436.552245,68.566845,506.228914,3873.265564
173.744499,20.555519,6.812200,0.759388,15.735559,8.452450,3.017457,0.196079,356.729497,70.227553,434.915921,3520.672077
158.955749,29.302643,11.025931,0.570056,15.592276,5.424621,2.657612,0.203130,384.614829,105.128047,500.744266,4016.646477
88.770111,11.431051,4.644728,0.628444,17.443355,7.765700,2.461081,0.304089,124.062819,133.849523,263.199955,2361.858846
181.266537,25.840884,6.154874,0.845462,14.493904,7.014719,4.198442,0.176820,399.364558,67.911284,471.946129,3518.972801
184.516519,26.952827,7.660302,0.621346,11.637790,6.845906,3.518507,0.140720,218.157644,31.820846,251.924375,1508.268972
132.827747,27.420306,9.143461,0.632578,19.939418,4.844138,2.998898,0.284166,500.599542,648.834910,1170.596257,12007.641855
201.821766,28.632968,10.010748,0.559704,14.371845,7.048580,2.860223,0.166162,376.429496,61.159082,437.496186,3234.632217
144.914674,24.645581,8.500941,0.633115,11.416783,5.879946,2.899159,0.155773,172.929472,26.727158,201.941290,1186.060919
93.026749,20.531970,6.980073,0.779022,14.584592,4.530824,2.941512,0.248367,187.238435,143.303121,330.749300,2481.597321
117.176644,20.197127,5.458862,0.690148,12.133544,5.801649,3.699878,0.184107,128.678407,24.792613,153.702459,959.415193
126.774977,22.200069,10.104527,0.763037,22.659414,5.710567,2.197042,0.330549,675.193318,1041.712272,1704.300481,19867.029764
104.185262,22.052103,10.164757,0.712830,15.479170,4.724505,2.169467,0.249085,262.302418,189.120104,445.741825,3549.516181
183.403859,22.723838,6.803059,0.630512,16.180510,8.070989,3.340238,0.196242,350.798251,72.850495,418.164067,3480.783657
110.817446,24.082291,11.861728,0.709636,12.116349,4.601616,2.030251,0.189048,197.096735,42.235863,241.996269,1508.406992
150.487688,26.158799,8.025695,0.678366,16.519252,5.752852,3.259381,0.221179,382.849054,149.833771,547.176898,4650.035057
130.758063,24.838119,11.693208,0.757229,17.137059,5.264411,2.124149,0.246153,464.475099,318.001210,796.651451,7023.324927
218.597513,32.068770,8.469603,0.623421,12.704103,6.816523,3.786337,0.141132,345.442598,52.725934,403.507775,2637.145080
113.253845,24.946849,6.069348,0.746172,17.811821,4.539806,4.110301,0.274907,331.527019,434.789689,777.803366,7127.155593
152.643856,22.063443,7.903519,0.713315,20.524314,6.918406,2.791597,0.272855,549.156849,544.417147,1065.398289,11249.125350
197.385058,24.767786,9.471488,0.701338,18.083964,7.969427,2.614984,0.211417,616.881122,169.043784,788.347865,7334.147502
202.848429,26.603970,8.613616,0.554002,21.018609,7.624743,3.088595,0.242394,684.948114,366.007864,1066.053308,11527.124708
107.084141,19.487556,8.194973,0.848520,21.123521,5.495001,2.377989,0.335280,480.078604,773.258345,1249.138622,13574.225584
195.173455,33.704780,8.104419,0.737465,12.483852,5.790676,4.158815,0.146772,362.736087,57.917787,419.535108,2694.356221
182.349814,24.881864,8.302846,0.620575,18.348863,7.328624,2.996787,0.223182,501.945081,181.258877,674.826678,6370.001067
95.489024,17.880938,7.267028,0.623160,10.915649,5.340269,2.460557,0.183475,85.898849,15.831518,105.056515,589.943811
209.986466,26.033598,10.629534,0.785585,17.044876,8.065979,2.449176,0.193198,702.791256,135.986248,841.291445,7376.976920
157.966101,26.943839,6.618381,0.581628,21.929802,5.862791,4.071062,0.286587,557.541334,704.064821,1260.205988,14217.209251
183.557691,20.533007,8.359835,0.654445,13.741282,8.939640,2.456150,0.166588,277.817199,37.136096,310.602275,2195.684796
172.856326,20.810308,5.052530,0.603528,18.293992,8.306284,4.118790,0.228544,338.865117,132.748418,462.804620,4355.562724
186.219049,29.518454,9.057366,0.694575,11.304711,6.308564,3.259055,0.136066,260.922680,37.547160,307.846197,1790.322942
111.755953,19.330291,7.784157,0.815433,12.751460,5.781390,2.483287,0.198120,180.555111,40.739902,216.277492,1418.761353
105.221715,19.947474,6.013425,0.708525,17.339678,5.274939,3.317157,0.277646,242.153803,282.792932,537.833798,4797.635131
223.025927,27.625019,12.471476,0.742827,20.303953,8.073331,2.215056,0.223309,1086.973734,390.282258,1490.954955,15573.392776
227.966589,26.437875,8.056846,0.654862,22.091332,8.622727,3.281418,0.240320,923.870742,472.135415,1407.879475,16000.203112
203.560418,33.350227,11.508317,0.560898,20.180607,6.103719,2.897924,0.232322,833.648380,404.141829,1211.048979,12572.858560
169.505714,24.100271,10.633057,0.805866,23.734178,7.033353,2.266542,0.299423,1069.116894,1503.146673,2576.165466,31454.736756
87.917032,11.563456,3.563901,0.817904,11.106561,7.603007,3.244606,0.194557,60.641667,10.902279,71.370486,407.789818
186.612265,28.986321,11.811086,0.839664,12.048511,6.437942,2.454162,0.144866,394.374725,51.600108,446.652002,2768.476135
119.639625,23.617442,11.804842,0.625448,18.900829,5.065732,2.000657,0.283823,433.056334,510.168813,943.044552,9169.616435
190.915563,23.713135,6.343928,0.830870,17.060527,8.051047,3.737926,0.202803,529.064067,128.493344,659.321972,5786.661703
160.804972,22.385742,8.627022,0.682397,22.295443,7.183366,2.594840,0.288782,676.821695,786.790589,1423.648067,16328.897149
133.676724,24.876994,10.499422,0.612194,10.904780,5.373508,2.369368,0.154915,160.802458,25.212525,188.500212,1057.467088
189.527902,31.565100,8.484751,0.602830,16.184573,6.004350,3.720215,0.193094,463.231365,109.996730,581.607610,4842.497753
183.873144,26.891736,10.421195,0.670227,18.408733,6.837533,2.580485,0.222981,630.430093,234.945394,852.036992,8069.013773
166.723731,20.610936,6.763070,0.669841,11.644328,8.089091,3.047571,0.148122,173.378965,22.244674,198.377549,1188.351911
200.971488,25.721390,10.933742,0.659378,14.108247,7.813399,2.352478,0.163459,407.823616,57.964598,461.991869,3353.092125
98.727756,10.714644,3.869026,0.771255,21.861758,9.214282,2.769339,0.361384,220.956897,207.169892,430.675226,4843.653719
102.930895,18.942659,7.912023,0.707511,12.984388,5.433815,2.394161,0.210209,151.449836,43.638998,197.170195,1317.045733
211.215447,24.548004,9.851695,0.602210,22.055397,8.604180,2.491754,0.249262,849.559431,484.825359,1355.469155,15379.514231
99.618662,19.033198,8.057379,0.830892,12.336111,5.233942,2.362207,0.203007,157.806267,40.385063,194.608806,1235.033849
219.506633,33.899407,8.738325,0.651829,23.225813,6.475235,3.879394,0.257484,1176.147968,1003.943729,2154.362461,25741.141807
85.436951,14.667352,5.954706,0.782266,12.833653,5.824974,2.463153,0.228050,105.628888,43.310868,150.787434,995.528169
198.494512,32.275762,9.429248,0.641564,15.921522,6.149956,3.422941,0.185615,522.829972,109.499062,652.530211,5344.699787
162.773975,27.070805,9.334385,0.823145,11.325630,6.012897,2.900117,0.145805,265.814478,36.323302,302.554373,1762.803569
133.406458,16.791229,5.077113,0.646381,12.304909,7.945008,3.307240,0.174982,120.524671,18.051115,141.361616,894.845420
138.852517,15.782492,6.009003,0.631592,14.926594,8.797883,2.626474,0.208059,183.485748,41.301694,218.260163,1675.997236
195.412182,26.003397,8.227285,0.670097,21.791650,7.514871,3.160629,0.256046,803.792331,592.253943,1369.289021,15350.529128
175.189646,23.491825,8.590411,0.661722,13.019880,7.457473,2.734657,0.161568,264.749665,37.785400,313.234509,2098.044420
163.270823,22.842935,9.977939,0.730345,20.835821,7.147541,2.289344,0.267830,695.719551,627.652802,1327.608724,14230.456484
203.039742,29.742430,7.256295,0.749642,11.638570,6.826602,4.098845,0.134157,296.259764,41.651843,330.006051,1975.875771
215.294909,31.547223,12.017597,0.786003,16.523300,6.824528,2.625086,0.184962,797.991094,149.972949,936.053998,7956.751455
106.657332,20.983545,10.344063,0.553290,17.575386,5.082903,2.028559,0.279520,276.578544,293.067295,578.077966,5226.721867
137.897735,21.972446,8.205238,0.621235,11.716654,6.275939,2.677856,0.163881,158.334773,24.354343,177.796440,1071.679087
112.596423,16.780468,5.569689,0.634389,14.323677,6.709969,3.012819,0.221715,141.891125,47.812633,195.134715,1437.894994
141.024016,15.234024,6.698928,0.793398,15.069448,9.257175,2.274099,0.208427,240.234173,53.737390,300.707333,2331.199602
180.451739,30.646896,7.780400,0.793538,10.222478,5.888092,3.938987,0.124991,233.311524,33.004305,266.148251,1399.644987
182.095164,19.971920,5.828403,0.830210,16.666650,9.117559,3.426654,0.202863,420.753284,93.583013,502.109370,4305.114967
117.203116,16.079770,3.912407,0.637505,19.123515,7.288855,4.109943,0.290136,213.356844,243.652546,468.224305,4606.380114
167.959060,20.005939,5.115790,0.792333,13.982831,8.395460,3.910625,0.177214,256.185800,39.279454,303.455809,2182.874086
121.240233,18.528612,8.808783,0.795349,23.363979,6.543406,2.103425,0.348519,608.873632,800.038238,1389.812260,16704.790997
208.599585,32.356362,11.148085,0.834062,13.932912,6.446942,2.902414,0.158449,589.966105,86.292439,658.427282,4719.411197
178.945445,29.711871,10.733195,0.813373,11.626363,6.022692,2.768222,0.142754,335.029784,46.009750,380.391656,2275.165268
178.079067,19.354238,8.482946,0.807598,15.339080,9.201037,2.281547,0.188798,393.375479,63.291816,454.717843,3588.223017
77.964986,13.910654,4.976102,0.563459,16.600515,5.604696,2.795492,0.308799,106.404508,133.902106,239.283562,2043.490091
93.200665,17.686493,6.975447,0.646015,19.572694,5.269595,2.535535,0.333000,251.693741,353.880191,624.367451,6286.790329
129.634382,26.689705,6.689041,0.687081,17.961510,4.857093,3.990064,0.259111,376.202740,359.832892,717.637490,6631.107462
179.830036,31.914047,12.893699,0.572382,10.981213,5.634824,2.475166,0.134500,251.538269,39.010574,290.014236,1638.353984
149.818409,28.495353,10.635865,0.749361,19.774924,5.257643,2.679176,0.265360,697.020532,722.281908,1407.673396,14320.389580
141.920885,21.580473,10.189328,0.703323,13.401472,6.576356,2.117949,0.184771,255.801977,44.871380,293.611810,2024.249910
195.875338,27.227555,6.546890,0.825809,19.491904,7.194011,4.158853,0.228754,766.426594,365.885789,1151.464161,11546.298676
147.359956,25.539145,7.218055,0.812842,11.432984,5.769964,3.538231,0.154694,214.175606,31.638990,255.017276,1499.917212
190.848187,20.694179,7.554916,0.817654,20.997183,9.222313,2.739167,0.249644,752.726202,468.359327,1207.768899,13046.168704
93.741868,16.250223,5.172628,0.709337,16.576778,5.768651,3.141580,0.281214,167.562168,189.880678,353.443747,3014.106084
86.853712,17.000619,6.307682,0.771508,11.323886,5.108856,2.695224,0.199574,93.309668,22.196078,115.116260,670.610376
215.720541,24.001396,6.580816,0.739276,22.201474,8.987833,3.647176,0.248279,868.223692,540.822948,1385.912689,15829.084233
126.994339,14.801521,4.830433,0.723116,11.768684,8.579817,3.064222,0.171530,107.213634,14.283564,125.209187,758.057591
163.133846,25.375143,7.308108,0.580518,22.161432,6.428884,3.472190,0.284990,587.122592,679.892721,1241.762131,14157.101268
124.836819,20.563713,6.314617,0.692473,20.867296,6.070733,3.256526,0.306760,403.582937,582.342315,991.552829,10644.374263
178.242298,33.646622,11.300997,0.564689,23.875397,5.297480,2.977315,0.293730,1020.446630,1413.257116,2437.778420,29942.147159
165.630270,23.289591,10.470427,0.751101,19.535266,7.111772,2.224321,0.249318,662.273767,430.767284,1124.779477,11303.808961
151.673673,28.731149,12.331451,0.849437,12.370722,5.279067,2.329908,0.164985,355.777878,55.491372,401.237746,2553.494570
146.267621,27.789174,9.364410,0.567902,12.839672,5.263475,2.967531,0.174375,222.452733,42.398708,277.715733,1834.393636
224.103587,24.784077,8.409430,0.560632,10.133482,9.042241,2.947177,0.111183,182.243576,22.551543,204.778876,1067.534607
162.871218,28.906522,11.964073,0.663501,21.966886,5.634411,2.416110,0.282716,871.783206,1058.629755,1944.457444,21973.794005
134.343242,26.208714,11.887258,0.563363,11.384247,5.125900,2.204774,0.161324,180.703399,30.408328,208.871054,1223.265324
115.360114,24.058143,6.383301,0.786348,13.337936,4.795055,3.768919,0.203969,205.712445,61.227851,272.623078,1870.636265
120.076611,15.240108,4.370241,0.744525,11.880568,7.878987,3.487247,0.178079,104.698926,15.653273,121.078365,740.017306
108.827596,14.366192,6.680667,0.641300,11.231883,7.575257,2.150413,0.176843,89.135628,12.754470,102.734985,593.620719
196.729719,22.765818,9.871202,0.721831,21.899640,8.641452,2.306286,0.256452,882.548433,605.098573,1504.776617,16953.021666
152.097265,21.025993,6.501334,0.650025,16.611615,7.233773,3.234105,0.221235,301.907136,103.811354,406.953651,3477.722450
145.231754,21.833606,8.775805,0.665229,23.817077,6.651753,2.487932,0.324610,682.980550,947.042669,1606.593895,19684.876075
121.044052,25.556504,7.926382,0.782233,16.143519,4.736331,3.224233,0.241007,343.230426,233.436396,544.363102,4520.900955
201.044113,32.954959,8.185576,0.818876,18.434729,6.100572,4.025979,0.213548,857.473034,312.044982,1163.887824,11037.888384
198.503295,22.445937,8.299588,0.650958,12.517768,8.843618,2.704464,0.145931,259.310718,32.302680,293.894584,1892.590237
98.160355,10.809541,4.805078,0.732137,11.503001,9.080900,2.249608,0.190698,69.849685,10.484260,76.750156,454.180557
191.835135,24.748212,7.385718,0.640708,20.669487,7.751475,3.350820,0.245115,638.054437,368.469895,1005.012961,10686.597627
111.086037,17.811647,7.393446,0.692530,19.533398,6.236708,2.409113,0.304405,319.480147,423.178486,716.044965,7195.420833
221.613989,27.171698,10.274946,0.582449,15.858216,8.156060,2.644461,0.174968,499.194589,80.167602,600.316858,4897.483284
133.934558,28.915081,9.372887,0.666413,12.775716,4.631997,3.084971,0.181319,238.634504,50.279091,298.604111,1962.542849
166.155109,30.497067,12.873192,0.616634,16.903963,5.448232,2.369037,0.215395,545.333451,187.360288,731.310063,6359.576561
122.333428,19.435543,9.003138,0.694096,21.157301,6.294315,2.158752,0.314189,466.625432,644.548034,1121.415264,12205.760048
148.678100,27.760340,10.876600,0.711050,15.805839,5.355774,2.552299,0.212911,431.090926,143.169385,609.675300,4957.403563
226.327425,25.351799,7.594834,0.581921,15.458470,8.927470,3.338032,0.168772,403.400963,60.799027,457.544336,3638.629129
96.622613,14.411503,5.478789,0.727746,10.454872,6.704548,2.630418,0.174696,71.160291,10.368230,79.676541,428.535998
177.071907,21.237876,5.258993,0.736602,22.124686,8.337552,4.038392,0.273090,616.596074,612.113010,1243.163314,14149.575087
179.635838,24.035344,8.647600,0.835105,12.229930,7.473820,2.779424,0.149876,306.169056,38.142198,341.429609,2148.143401
99.709133,18.288977,6.586387,0.797472,17.986484,5.451870,2.776785,0.295857,274.515868,397.024743,681.340868,6304.473554
204.023820,22.140365,10.852454,0.600903,23.480760,9.215016,2.040125,0.270007,930.157253,717.612905,1678.587657,20276.559961
92.926968,19.353024,4.712826,0.757490,22.093834,4.801677,4.106458,0.376447,328.965701,370.481488,718.782520,8169.711005
81.021721,17.310743,8.328635,0.777649,20.544703,4.680430,2.078461,0.374889,310.546400,328.102721,631.113284,6670.298938
148.184963,17.292975,7.934136,0.656195,14.259053,8.569084,2.179566,0.192394,221.754338,38.252199,253.437661,1859.088020
150.257928,22.163638,9.117313,0.757471,23.412127,6.779479,2.430940,0.313708,785.617805,1148.515667,1916.779192,23086.126084
141.739306,21.035908,8.661182,0.670437,22.923746,6.737969,2.428757,0.316260,610.561975,834.508221,1512.853656,17841.058121
118.114456,24.915578,8.418312,0.579687,12.849291,4.740587,2.959688,0.194192,168.874521,41.080979,208.604159,1378.923716
125.232206,22.352971,10.847552,0.671790,22.525538,5.602486,2.060647,0.330614,615.657663,888.893813,1517.252952,17582.121542
101.328465,13.393611,4.526306,0.812397,10.247920,7.565433,2.959060,0.167214,70.356309,8.905686,79.833535,420.880863
196.922724,30.484524,10.287732,0.762029,19.955893,6.459761,2.963192,0.233575,936.309150,488.467957,1496.205029,15360.324321
198.846085,21.175889,5.195160,0.672280,17.070112,9.390212,4.076080,0.198830,379.379867,79.457177,464.011345,4074.769843
178.262166,26.890279,6.560518,0.827669,14.686951,6.629242,4.098804,0.180678,412.961344,75.869852,481.226160,3635.958979
200.083686,23.390637,9.650093,0.591176,21.331913,8.554008,2.423877,0.247701,725.307459,395.767764,1129.305320,12393.080747
209.687730,27.849571,7.240903,0.620124,23.783068,7.529298,3.846146,0.269765,928.020483,874.714765,1851.313850,22650.930015
217.194648,23.325657,7.319504,0.667176,20.205040,9.311405,3.186781,0.225185,679.391218,238.049204,905.673823,9413.901082
132.018943,25.853409,6.458470,0.826470,19.524755,5.106442,4.003024,0.279107,525.971808,745.078356,1233.964646,12394.425954
127.520028,27.391398,7.166948,0.818076,15.749549,4.655477,3.821905,0.229078,363.148594,200.053981,564.098431,4570.472779
203.018788,23.394982,11.074972,0.713744,11.961950,8.677877,2.112419,0.137891,309.917003,36.088207,345.444401,2125.779650
225.936354,31.746074,12.082781,0.661959,22.793967,7.116986,2.627381,0.249075,1307.187412,863.825826,2178.421898,25544.653687
161.436930,19.179294,5.496377,0.848124,22.807915,8.417251,3.489443,0.294841,667.683631,887.144214,1544.732056,18124.951205
175.318256,26.879081,6.513677,0.667602,12.379728,6.522480,4.126560,0.153568,234.598695,36.557962,270.740276,1724.257280
184.839134,30.789817,7.590586,0.796963,17.471001,6.003255,4.056316,0.211069,650.944605,221.624311,852.604687,7663.084229
151.685399,27.182302,12.592711,0.627142,23.003542,5.580300,2.158574,0.306780,851.659603,1211.667408,1967.618930,23284.870124
201.036602,23.773473,10.714518,0.612764,22.758758,8.456341,2.218809,0.263642,900.778836,664.774539,1583.423536,18538.891276
151.053748,25.090977,9.748172,0.847182,23.384864,6.020242,2.573916,0.312516,974.767402,1629.069589,2702.954476,32517.091010
207.117572,24.023104,10.869704,0.714740,11.058661,8.621599,2.210097,0.126211,273.437552,31.368774,309.484952,1760.678970
104.299992,21.027671,8.297836,0.641208,22.824500,4.960131,2.534115,0.367082,438.340743,490.439346,924.181652,10851.673391
206.286908,30.313560,7.815842,0.804854,20.462298,6.805103,3.878477,0.234003,973.006270,534.226935,1452.579001,15290.872894
137.020368,18.984274,7.674319,0.683506,22.668190,7.217572,2.473740,0.318074,527.175549,700.143522,1235.754210,14410.765592
170.831753,28.927274,9.687559,0.755239,16.121201,5.905560,2.986023,0.202589,519.513591,139.517487,685.898707,5688.469995
149.136634,24.251594,6.089757,0.739725,22.200665,6.149560,3.982358,0.298591,617.951300,930.924833,1569.079084,17920.450607
220.680531,28.437823,12.473868,0.821199,22.333936,7.760106,2.279792,0.246937,1441.152079,936.056119,2414.766674,27744.604480
100.971290,14.162420,3.575333,0.574190,15.987236,7.129523,3.961147,0.261323,109.075627,79.261754,186.792846,1536.284771
128.638598,23.073987,6.457692,0.779810,19.795472,5.575049,3.573101,0.286671,458.332581,642.369961,1077.915245,10977.124341
159.220015,30.353724,10.986975,0.582142,11.511019,5.245485,2.762701,0.149837,225.104576,37.315902,256.190386,1517.101679
78.657537,17.423671,5.219343,0.774341,17.433094,4.514407,3.338288,0.322855,181.236783,310.932088,493.262347,4423.749773
173.701452,23.557431,10.049788,0.758925,23.161453,7.373531,2.344073,0.288647,946.483112,1149.157677,2038.857753,24293.541724
115.584473,13.144157,3.732652,0.674881,23.710884,8.793601,3.521399,0.362244,288.155233,273.504594,582.044023,7099.727603
134.242037,21.678821,5.384363,0.623582,17.605768,6.192313,4.026255,0.249583,274.740394,187.105196,454.539937,4116.850722
158.460723,19.535022,9.597475,0.555526,13.794542,8.111622,2.035433,0.179991,229.937108,35.842383,277.889821,1972.050513
120.421655,25.116828,8.912143,0.630301,19.174465,4.794461,2.818270,0.286995,401.291811,525.106863,906.015379,8937.106669
166.666174,21.901549,8.291387,0.719862,18.346868,7.609789,2.641482,0.233422,492.692931,219.781955,718.940139,6785.670431
180.729863,24.727952,10.147619,0.651381,16.973123,7.308728,2.436823,0.207372,491.913964,125.976838,636.303714,5556.026601
181.642600,29.365096,12.952215,0.708906,22.204954,6.185663,2.267187,0.270610,1085.299068,1109.808479,2144.731749,24499.710761
169.196358,29.232157,11.084466,0.628950,10.835636,5.788022,2.637218,0.136824,221.650608,33.032543,258.050539,1438.458278
184.179778,33.047448,10.351260,0.590467,17.781702,5.573192,3.192601,0.215207,593.649120,211.219934,797.792800,7297.961170
106.646828,17.188764,5.036443,0.572667,19.637326,6.204450,3.412878,0.312329,217.686141,287.314157,499.027282,5041.325547
128.995837,26.135600,6.382060,0.550703,16.090167,4.935637,4.095167,0.232689,242.088651,128.194809,367.188306,3039.397440
150.441639,26.258360,10.778538,0.776321,21.559157,5.729285,2.436171,0.288703,818.100678,1127.913770,1976.415230,21920.379529
165.713379,17.608063,4.699890,0.574065,22.176418,9.411221,3.746484,0.282954,394.181490,368.137015,737.910041,8418.465421
136.460371,17.010128,5.325230,0.768714,23.850867,8.022301,3.194252,0.335355,516.281098,694.622919,1188.261414,14579.890858
139.955376,30.215717,9.507932,0.566048,22.706514,4.631873,3.177948,0.315253,656.291548,1059.133220,1678.477250,19606.678364
225.206058,31.630129,11.403825,0.778313,11.032535,7.119985,2.773642,0.120750,376.694253,47.718460,425.976864,2417.683494
139.224460,17.566517,7.335411,0.647129,16.552928,7.925559,2.394756,0.230420,265.866259,100.581411,367.276550,3127.563479
61.307842,12.894145,5.096624,0.722673,15.532776,4.754704,2.529938,0.325833,91.344981,134.536953,226.854085,1812.732833
228.798967,24.795131,7.749536,0.552344,19.104995,9.227576,3.199563,0.207455,580.283023,141.433427,746.580730,7337.731376
117.762514,26.020987,7.246139,0.836030,15.888587,4.525674,3.591014,0.240484,342.597050,245.501599,585.718033,4787.535121
146.917058,26.025350,10.258486,0.616581,11.506898,5.645152,2.536958,0.155929,195.973937,30.782972,232.947186,1378.966908
119.466629,20.015115,6.140823,0.796870,14.634309,5.968821,3.259354,0.219914,223.727731,83.261001,299.921601,2257.969513
169.489465,21.771623,7.056814,0.663896,13.075838,7.784880,3.085192,0.164969,227.961910,32.775379,257.683151,1733.379553
109.287388,24.049645,8.314502,0.555160,10.234304,4.544241,2.892494,0.160797,97.459099,17.323346,118.060264,621.584503
194.797872,33.318157,9.454880,0.836669,13.048282,5.846598,3.523911,0.153555,472.617398,71.722228,552.888661,3711.326228
186.955654,23.408686,8.727267,0.627658,23.031898,7.986593,2.682247,0.276671,786.593639,742.727831,1503.032537,17808.863760
201.540300,32.090378,10.263326,0.741232,22.074685,6.280397,3.126704,0.255398,1157.540315,974.073940,2170.806915,24652.094656
197.963948,25.871743,12.194155,0.823063,19.767919,7.651744,2.121651,0.230766,982.343075,434.864262,1434.716156,14590.327907
133.007205,17.443268,6.724130,0.783705,17.094027,7.625131,2.594130,0.243450,308.485229,169.901049,478.223256,4205.456922
179.696434,29.385743,8.022855,0.843918,14.078437,6.115089,3.662754,0.172500,446.034296,75.795872,547.749814,3967.115076
210.209846,27.783485,10.460042,0.622749,23.984531,7.566000,2.656154,0.271712,1116.230449,1028.030084,2102.206430,25938.490027
180.113151,22.047668,10.646971,0.673327,23.942767,8.169261,2.070793,0.293025,932.370294,1043.195159,1909.059766,23514.294985
140.665484,15.058862,5.867688,0.640918,20.034951,9.341043,2.566405,0.277459,314.686519,262.980636,560.950700,5781.640428
201.649958,31.142691,9.772676,0.802900,11.691089,6.475033,3.186711,0.135226,366.891833,49.631184,415.940274,2501.635526
161.105761,26.407276,9.386159,0.765914,14.459317,6.100809,2.813427,0.187109,381.767588,75.427130,447.311510,3327.330564
94.856896,15.150825,3.717301,0.831414,10.549762,6.260840,4.075759,0.177915,72.750880,11.764620,80.846233,438.773655
122.912998,15.456923,4.654690,0.747425,13.260568,7.951971,3.320720,0.196457,136.206920,26.498841,160.632617,1095.806738
202.291070,26.574181,7.194009,0.840993,12.980841,7.612316,3.693932,0.149906,380.439830,49.814565,423.405661,2827.467439
133.609893,21.762784,8.809594,0.621905,19.693967,6.139375,2.470350,0.279845,421.059766,443.321035,865.877963,8772.593443
146.242110,21.893130,7.313667,0.793302,15.650631,6.679817,2.993455,0.212569,340.342714,103.407097,438.743946,3532.491358
171.384968,33.378292,8.400629,0.825465,10.889646,5.134624,3.973309,0.136625,285.732096,43.527062,346.250328,1939.733402
203.062041,30.416083,7.890661,0.727268,18.456497,6.676140,3.854694,0.212735,713.238770,235.970329,909.468465,8635.252448
125.930054,21.975399,6.320330,0.678202,16.918256,5.730501,3.476939,0.247625,280.177676,190.145923,459.038731,3995.241327
217.896900,29.628924,11.807140,0.554910,21.069757,7.354195,2.509407,0.234443,908.943862,414.819612,1328.999669,14405.306800
207.058257,33.424109,10.883084,0.738256,16.361359,6.194877,3.071198,0.186757,705.648409,146.245410,847.824733,7136.143256
181.351611,27.280535,9.020035,0.575305,20.775082,6.647656,3.024438,0.253388,648.785245,454.083577,1173.833526,12545.482256
179.592829,33.098749,9.370801,0.563072,20.639992,5.425970,3.532115,0.252970,708.023246,557.352008,1250.484913,13277.798860
157.162762,18.087600,5.534579,0.681725,17.819875,8.688978,3.268108,0.233471,316.227148,131.386412,457.244001,4191.705589
227.236465,27.279207,10.391374,0.755626,17.244569,8.330025,2.625178,0.187896,752.343019,134.543071,918.770082,8150.744720
180.590323,26.369038,9.482351,0.596546,22.789164,6.848575,2.780855,0.278538,796.352181,820.980194,1610.998255,18886.938865
157.242407,28.584970,8.020892,0.822089,12.850423,5.500877,3.563815,0.168320,319.267383,53.893483,378.242323,2500.493120
167.230537,23.017590,7.026989,0.561624,13.369349,7.265337,3.275598,0.169807,210.316785,33.887558,242.522496,1668.016738
173.488551,19.399889,6.636404,0.778739,23.043550,8.942760,2.923253,0.287354,715.139684,803.806234,1517.392746,17988.108055
194.375748,23.729669,8.038596,0.630198,20.086546,8.191254,2.951967,0.236640,611.334026,281.238727,859.778406,8884.436629
167.884130,33.988975,11.000686,0.725573,12.679444,4.939370,3.089714,0.160731,364.121198,63.289132,418.804641,2731.805696
162.170835,20.476563,8.029104,0.825341,19.109656,7.919827,2.550292,0.246473,564.022380,344.400802,903.763812,8884.764326
118.786326,14.220359,4.908452,0.606368,18.911670,8.353258,2.897117,0.285004,207.453712,194.645499,385.934259,3754.752508
182.385447,26.262446,9.678041,0.660401,23.667499,6.944724,2.713612,0.287846,944.789011,1121.322772,2062.378733,25110.704896
123.844591,25.527193,7.121607,0.677494,14.106654,4.851477,3.584471,0.208204,225.822060,71.992775,289.500014,2100.925720
170.633867,33.539351,9.107679,0.799665,18.520673,5.087572,3.682535,0.232878,767.053525,458.115369,1175.826082,11203.093741
161.966291,29.932153,10.158563,0.799062,11.067253,5.411114,2.946495,0.142834,270.236331,39.185833,304.950987,1736.232973
107.405856,12.232781,5.105369,0.849766,20.127815,8.780167,2.396062,0.318997,274.016222,353.220776,625.865484,6480.607782
140.514222,18.803425,8.062698,0.657744,12.221541,7.472799,2.332150,0.169344,166.988949,23.712040,190.778563,1199.481716
100.119765,21.940841,7.648960,0.628028,13.985336,4.563169,2.868474,0.229571,163.420703,77.701630,243.264410,1750.207692
107.229648,19.268940,6.100577,0.824692,19.586407,5.564896,3.158544,0.310671,355.805618,584.472300,948.530101,9557.493292
173.774535,28.150763,10.747541,0.795500,17.229724,6.172996,2.619275,0.214679,647.421251,218.631364,863.656887,7655.220043
157.721619,22.051800,7.182320,0.587165,13.970376,7.152324,3.070289,0.182712,221.985243,39.529365,269.510503,1936.965520
82.083266,16.222617,6.099976,0.780364,22.919554,5.059804,2.659456,0.415511,322.736542,167.192137,491.353726,5793.466919
125.911724,17.012872,7.382641,0.581911,15.972445,7.400968,2.304443,0.233799,207.648124,83.787813,296.131581,2433.292020
76.829596,14.594813,7.042363,0.571225,20.725819,5.264171,2.072431,0.388375,198.364854,142.048740,336.265878,3585.358737
122.514519,18.893894,5.269685,0.641231,17.974792,6.484344,3.585393,0.266731,246.598717,217.892781,462.629531,4277.946414
94.509975,13.254376,3.572437,0.608351,13.347810,7.130473,3.710178,0.225515,74.204012,25.972363,99.343794,682.164125
154.545059,25.718701,7.080573,0.814362,17.913252,6.009054,3.632291,0.236674,517.901555,304.830789,830.927258,7657.297969
175.017822,31.207464,9.751090,0.708562,21.364674,5.608204,3.200408,0.265252,887.771735,907.936753,1784.329569,19611.438623
141.354245,19.664010,7.937243,0.699949,18.423582,7.188475,2.477436,0.254521,387.964512,264.928244,619.022643,5867.035315
155.218581,29.357109,9.872281,0.723950,13.324987,5.287257,2.973691,0.175670,326.456073,60.738618,385.598894,2643.264913
77.915410,16.710494,5.483696,0.697889,17.368214,4.662664,3.047305,0.323182,160.179393,251.231164,408.434102,3649.347839
108.708114,21.693607,7.106523,0.557786,15.170059,5.011067,3.052633,0.238979,178.356773,98.936583,272.434084,2126.115336
143.515571,20.073035,9.245030,0.636369,22.547353,7.149670,2.171224,0.309136,579.735409,727.041270,1335.577296,15491.829092
206.759178,23.054006,6.935784,0.781088,11.807272,8.968471,3.323922,0.134872,269.081347,31.231867,305.972818,1858.534093
134.193890,28.131146,9.583899,0.822575,21.643755,4.770296,2.935251,0.306881,784.331509,1419.390731,2134.583019,23767.513923
104.724492,19.965857,6.364069,0.807640,13.270271,5.245179,3.137278,0.212990,170.840224,56.553982,230.899756,1576.309016
152.087024,19.592467,7.039129,0.804682,12.065652,7.762526,2.783365,0.160697,202.019857,25.797294,221.734384,1376.327971
179.277839,26.579884,8.314925,0.658295,12.743855,6.744869,3.196647,0.156330,272.770778,40.979597,312.354120,2047.793480
198.862182,27.484375,8.309090,0.619223,13.281942,7.235463,3.307748,0.154700,311.387149,46.569280,351.737018,2403.354167
76.707525,13.684288,6.486137,0.821281,13.930948,5.605518,2.109775,0.261255,118.097203,99.081554,217.457700,1558.452492
208.010247,23.550965,9.323457,0.588423,17.428528,8.832345,2.525991,0.198482,503.764343,102.244438,611.359767,5481.452654
125.133137,14.822176,3.611459,0.685858,10.666334,8.442292,4.104207,0.156615,74.685209,9.566796,85.348286,468.325825
146.343075,29.614593,9.905923,0.828925,21.733115,4.941587,2.989584,0.295080,898.363217,1508.741688,2399.074912,26822.786288
205.298384,23.302905,9.183722,0.587599,21.065716,8.809991,2.537414,0.241483,701.285576,334.941725,1053.711425,11419.209022
71.400045,14.945882,6.982774,0.683438,15.227452,4.777239,2.140393,0.295993,120.502668,156.835260,275.173268,2155.616929
128.630830,17.567319,7.919440,0.839673,21.689752,7.322166,2.218253,0.314113,543.442555,780.283300,1327.061588,14807.569175
168.453527,20.095580,7.640985,0.699371,18.892665,8.382616,2.629973,0.239087,469.998253,223.493817,702.715016,6829.840585
139.648104,22.495002,9.624509,0.794590,19.057594,6.207961,2.337262,0.264883,542.575970,511.331186,1075.027861,10539.642696
104.065014,19.477906,8.240491,0.816995,15.031386,5.342721,2.363683,0.242019,238.555756,148.364245,390.072720,3016.356879
164.002336,20.194057,5.656383,0.801172,19.654977,8.121317,3.570136,0.252087,501.753223,351.446328,830.795670,8400.494776
132.881613,22.975351,6.304056,0.782373,12.955274,5.783660,3.644534,0.184594,211.145761,41.271517,247.330546,1648.399432
136.021586,29.410730,11.431701,0.587231,16.577577,4.624897,2.572734,0.233464,393.767915,208.622491,589.903188,5030.833074
223.797045,32.954125,11.441691,0.691884,11.623073,6.791169,2.880180,0.127614,378.390332,52.371065,437.043597,2613.267382
103.092489,21.809152,7.752165,0.675985,16.070078,4.727029,2.813298,0.259961,232.176496,206.957954,432.328103,3574.123623
229.511503,28.016045,7.818427,0.694313,23.392326,8.192145,3.583335,0.253615,1118.163485,799.057292,1909.784456,22982.425807
193.339558,21.757054,7.616994,0.550608,17.257754,8.886293,2.856383,0.203858,382.778189,85.342247,461.262781,4095.159188
118.177672,19.833301,8.691259,0.680467,23.672194,5.958548,2.281983,0.357663,545.525248,640.199589,1234.894392,15038.566260
116.084311,22.186054,7.135649,0.691928,22.828041,5.232310,3.109185,0.348005,493.829784,707.246745,1164.023228,13669.996112
108.201848,22.341920,5.914066,0.588939,17.300515,4.842997,3.777760,0.273178,222.354435,242.403418,464.884588,4137.540869
144.502205,30.107869,9.472999,0.838724,19.137583,4.799483,3.178283,0.261489,704.226247,770.983116,1468.681459,14459.484346
145.210723,28.536421,6.825367,0.798306,20.476509,5.088610,4.180936,0.279100,654.307408,933.356724,1555.289111,16383.442365
200.626536,22.321286,5.380471,0.639533,10.884009,8.988126,4.148575,0.126211,164.130342,20.735156,187.606065,1050.446328
108.186149,21.087160,7.406703,0.843274,15.347192,5.130428,2.847038,0.242352,265.397120,177.419222,447.261701,3531.252291
169.990225,27.573448,12.417232,0.621818,14.970267,6.164997,2.220579,0.188591,416.405755,83.768471,491.475249,3785.029847
132.889585,17.684854,8.639064,0.716598,20.282653,7.514316,2.047080,0.288990,444.669665,488.407024,923.521500,9636.290142
177.926727,29.686274,11.622084,0.698960,20.200656,5.993569,2.554299,0.248742,840.751129,590.430836,1401.917855,14568.879105
189.256316,27.607477,8.383747,0.663741,15.988750,6.855256,3.292976,0.190894,452.289281,94.500514,539.096603,4434.240271
105.765458,22.254850,6.058292,0.821989,17.325744,4.752468,3.673453,0.276709,305.148620,409.862301,705.149412,6285.084965
107.627206,18.817110,5.879937,0.682796,19.635890,5.719646,3.200223,0.310880,287.910665,420.284021,674.331596,6811.805016
181.998484,32.122318,9.541166,0.661678,21.998161,5.665796,3.366708,0.267828,917.652860,957.158541,1889.450341,21382.573396
141.072603,26.607150,7.991110,0.801856,13.077342,5.302056,3.329594,0.180843,278.682050,53.855746,324.423306,2182.577246
161.805549,17.450871,5.404340,0.601354,18.648588,9.272061,3.229048,0.240798,306.615350,139.424119,448.579284,4303.514650
133.807322,19.851182,5.337919,0.602707,15.685675,6.740522,3.718899,0.222724,202.049232,73.305985,274.368750,2213.991608
111.654787,19.408490,9.231404,0.649364,17.581118,5.752884,2.102442,0.273282,292.323370,282.023831,557.361721,5041.058359
193.949833,24.429212,7.102627,0.836110,18.913117,7.939259,3.439461,0.223060,695.634413,267.451596,991.504595,9647.081444
224.829237,25.561519,11.478737,0.783298,20.468669,8.795613,2.226858,0.224216,1077.101375,383.714933,1449.107350,15259.077111
176.443512,22.086928,5.857470,0.560777,19.755171,7.988595,3.770728,0.244276,412.292429,224.285364,630.387321,6406.581833
168.566160,22.160945,9.940216,0.761865,21.321057,7.606452,2.229423,0.269729,762.905948,703.488868,1510.473480,16567.613405
103.357753,22.002053,7.502026,0.778042,15.212000,4.697641,2.932815,0.245764,237.840785,172.266483,407.334222,3187.684354
133.076919,22.043547,5.428658,0.626200,22.335465,6.037001,4.060588,0.318015,433.757867,648.528700,1050.829429,12074.393680
164.842262,30.406927,8.323095,0.838239,18.983245,5.421207,3.653320,0.242851,746.225521,547.175041,1317.075019,12862.313071
220.669417,26.176662,12.781397,0.581299,23.389091,8.430006,2.048028,0.258610,1141.377772,768.896532,1910.451254,22987.271175
215.464791,33.426347,10.823097,0.584266,20.024024,6.445957,3.088427,0.224061,865.614922,349.998126,1205.702608,12420.230967
207.532067,29.304495,11.228507,0.672314,19.981026,7.081919,2.609830,0.227813,888.560718,370.074213,1280.711982,13164.590557
201.155572,27.805789,7.085507,0.836611,17.478250,7.234305,3.924319,0.202412,675.098332,175.375102,838.253027,7537.219990
141.896222,21.298793,7.369474,0.746365,17.611541,6.662172,2.890137,0.242837,383.883644,225.279530,618.677573,5605.312542
227.733939,31.680585,12.614620,0.769885,22.426265,7.188439,2.511418,0.244088,1493.424321,938.344478,2361.767900,27247.852032
130.822036,21.007703,7.517689,0.730412,13.391068,6.227337,2.794436,0.192300,209.852733,42.880503,248.157603,1709.546457
162.422920,22.916222,7.043221,0.776116,18.738210,7.087683,3.253657,0.241495,517.432424,302.167579,798.105637,7693.546369
134.350823,24.485210,10.435503,0.655373,23.150393,5.487020,2.346337,0.328051,691.600417,1029.720232,1762.154538,20986.522020
107.055434,15.273661,5.888491,0.781608,12.895444,7.009154,2.593816,0.204708,131.555690,30.369041,166.343666,1103.521146
137.736515,26.324324,10.052885,0.822767,13.906639,5.232291,2.618584,0.194626,342.878219,79.972900,435.084617,3112.676676
119.155680,24.104809,8.826774,0.759428,17.672864,4.943233,2.730874,0.265921,392.830048,410.845769,780.967168,7100.318267
129.032826,24.998799,8.903403,0.594319,21.796867,5.161561,2.807780,0.315172,515.058375,770.208225,1260.963610,14139.522397
143.112646,23.862321,11.458384,0.640905,19.846594,5.997432,2.082521,0.272490,557.672155,541.167459,1066.320103,10887.087110
106.635969,14.881840,5.023563,0.777841,16.492163,7.165510,2.962408,0.262319,190.330518,153.511476,350.942622,2977.500450
225.113516,29.246330,8.048218,0.613905,17.151294,7.697154,3.633889,0.187759,568.888459,112.709418,677.243438,5975.576544
109.715393,17.981728,8.977772,0.718065,11.544347,6.101493,2.002917,0.181025,135.087391,22.210207,161.514960,959.224453
174.363555,32.513176,11.262127,0.561289,13.269607,5.362858,2.886948,0.165057,324.263871,58.962005,371.282740,2534.550431
156.270152,22.814417,10.686888,0.729953,21.048702,6.849623,2.134805,0.276561,705.803130,732.135658,1460.755766,15817.616044
88.306988,17.616844,7.274442,0.724687,13.432619,5.012645,2.421745,0.234783,133.601143,67.685399,198.357370,1370.714890
190.733950,26.795194,9.777897,0.623795,11.540888,7.118215,2.740384,0.137255,246.835262,33.948558,282.512287,1677.315168
210.037664,22.633983,6.084480,0.555225,22.595945,9.279748,3.719954,0.256086,631.286375,409.595518,1053.066899,12241.216254
163.592665,20.904557,8.593861,0.755928,11.360604,7.825694,2.432499,0.145889,204.702177,24.646027,227.414869,1329.102266
92.891223,17.171311,5.463669,0.656125,17.252226,5.409676,3.142817,0.294010,176.335747,227.622926,415.005178,3683.297147
220.828217,32.539871,11.530785,0.574464,21.075778,6.786389,2.822000,0.232949,976.698752,459.209612,1432.508320,15531.695759
171.528568,30.493597,8.850053,0.765237,15.446838,5.625068,3.445584,0.193720,486.150157,116.093560,612.944182,4870.781226
217.031271,25.683909,12.067120,0.756452,10.475080,8.450087,2.128421,0.116788,295.108937,33.065739,326.409385,1758.968689
145.666301,16.241274,5.927860,0.648226,20.382048,8.968896,2.739821,0.277378,353.605758,307.505134,650.478018,6820.536711
150.276538,16.114205,4.018780,0.792358,13.327966,9.325718,4.009726,0.178576,169.423453,24.551124,199.709645,1369.307624
157.948831,24.168229,9.208748,0.650081,23.586490,6.535391,2.624486,0.308254,763.795050,1049.953393,1821.452752,22101.376944
152.686085,32.715679,10.075049,0.749334,11.554531,4.667061,3.247198,0.153588,274.478531,46.247869,320.433092,1904.705328
191.274253,25.284628,12.181720,0.813585,17.569217,7.564844,2.075620,0.208654,745.832044,196.720637,938.293554,8480.651878
138.400021,20.865548,8.892342,0.848358,23.117220,6.632944,2.346463,0.322754,765.121807,1199.740293,1930.493030,22958.417568
210.881798,24.713638,9.479427,0.566308,22.944594,8.533013,2.607081,0.259516,858.257439,591.181712,1454.307452,17166.221213
114.200498,19.848189,6.439417,0.617513,20.338639,5.753699,3.082296,0.312602,317.910362,447.014148,760.574943,7957.964779
105.231028,21.724849,8.515341,0.563599,12.463656,4.843809,2.551260,0.199562,132.629746,33.414100,169.514165,1086.899950
146.514668,20.038368,8.259600,0.556548,18.888524,7.311707,2.426070,0.256307,360.427588,236.128125,604.708783,5876.008512
192.534654,29.426811,9.789751,0.570768,12.649990,6.542831,3.005879,0.149741,289.682056,44.893739,350.620417,2281.736485
84.746008,18.000410,5.284445,0.831682,10.856171,4.708004,3.406301,0.193696,88.289668,20.183152,105.506391,589.241814
124.335158,26.756075,10.114383,0.634320,11.777071,4.646988,2.645349,0.173478,182.818839,34.606121,214.866550,1301.799786
86.501859,12.622572,5.612940,0.626823,22.464422,6.852951,2.248834,0.396722,225.426453,128.502316,350.097991,4045.972941
89.482657,13.627329,5.356919,0.634215,15.709251,6.566412,2.543874,0.272766,121.541639,104.988656,231.046013,1867.205210
210.766160,30.849220,7.833324,0.655898,19.502454,6.832139,3.938203,0.220644,742.827244,284.970332,1044.677874,10481.170183
159.817626,22.714523,10.641879,0.745546,20.269458,7.035923,2.134447,0.263350,680.287334,573.537950,1240.847278,12938.936121
160.899600,32.781114,10.101643,0.713202,15.416520,4.908302,3.245127,0.199624,470.621090,131.449989,571.727786,4534.336702
83.581850,16.889401,6.794758,0.739460,19.521195,4.948775,2.485651,0.350715,247.389723,338.000502,581.075716,5835.488548
175.444175,27.656914,7.592484,0.761771,16.957461,6.343592,3.642670,0.210279,521.448359,163.581986,687.367172,5996.360323
105.014697,22.117200,9.869117,0.804361,23.677310,4.748101,2.241052,0.379499,646.834671,678.779493,1328.019260,16176.137634
171.296668,23.217865,9.174829,0.702786,14.183758,7.377796,2.530605,0.178000,329.563898,52.820574,390.481332,2849.244250
154.974550,24.717669,10.854635,0.571174,16.882214,6.269788,2.277153,0.222742,399.675740,144.749978,548.041271,4759.712928
190.809967,26.017387,6.725346,0.820525,18.274340,7.333940,3.868557,0.217293,644.131669,227.970894,869.429552,8173.615376
174.251660,26.648942,10.616355,0.560835,22.995196,6.538783,2.510178,0.286123,798.646419,894.612620,1678.054187,19850.945719
222.109950,31.584617,10.271482,0.685806,20.162267,7.032219,3.074981,0.222208,976.912126,374.927928,1387.670290,14393.411907
179.178846,25.942832,9.390989,0.713881,17.925093,6.906680,2.762524,0.219949,579.546131,204.664884,799.355231,7371.219476
115.555245,24.240820,11.990736,0.714188,10.813155,4.766969,2.021629,0.165219,167.499588,27.309854,195.618001,1088.176561
80.047949,14.813903,4.564670,0.812602,18.437716,5.403569,3.245339,0.338482,184.352644,282.965883,472.027436,4477.261614
172.495547,29.982119,12.003430,0.575397,13.462277,5.753281,2.497796,0.168358,333.425370,58.258047,399.009817,2763.377478
138.951716,26.334750,7.882101,0.821205,23.331306,5.276364,3.341083,0.325095,826.791615,1501.208093,2413.734338,28971.209780
176.206137,30.228416,8.153617,0.556298,18.335019,5.829156,3.707363,0.226869,492.895837,220.300142,722.404202,6813.962480
88.141213,17.890859,5.576488,0.834037,15.994807,4.926606,3.208267,0.279829,192.054074,252.109932,440.137640,3621.642903
126.709833,24.895847,10.680991,0.731190,16.300235,5.089597,2.330855,0.237844,381.669567,219.767677,585.183214,4907.087735
156.772715,33.355081,10.659694,0.607651,11.362837,4.700115,3.129084,0.149058,232.702197,40.856822,268.748744,1570.982480
84.607817,17.712378,7.771102,0.823396,12.009404,4.776762,2.279262,0.214447,122.170444,40.778438,154.751793,956.082260
176.960858,27.250536,9.077850,0.809653,19.550417,6.493849,3.001871,0.241391,776.367264,485.052988,1285.803848,12932.093781
79.633837,13.771173,6.569799,0.774080,22.527642,5.782647,2.096133,0.414639,285.967040,135.495468,441.432283,5115.851529
202.329373,26.422073,12.211593,0.703333,21.986334,7.657589,2.163688,0.253879,1069.273363,735.045196,1826.933821,20663.969433
118.997431,22.503172,8.718179,0.641346,18.104261,5.288029,2.581178,0.272594,337.574095,346.872117,662.147329,6166.994124
175.693300,29.570838,7.866628,0.774540,13.224263,5.941438,3.759023,0.163869,352.662972,57.737536,396.355238,2696.461244
81.566821,16.409814,7.790572,0.570191,12.035231,4.970612,2.106368,0.218878,84.163263,27.989229,113.453396,702.441290
91.933803,20.125674,5.830526,0.606254,13.929039,4.567986,3.451777,0.238609,123.397166,71.151158,197.715707,1416.773553
123.691374,26.447831,11.301651,0.786450,17.582872,4.676806,2.340174,0.259671,489.727237,476.000456,958.724814,8672.052111
136.790599,17.561161,4.550621,0.708163,12.657390,7.789382,3.859069,0.177754,139.301176,21.952428,160.451286,1044.781486
143.790852,26.214715,6.562309,0.686074,11.024617,5.485120,3.994739,0.151009,161.378494,25.911470,188.393233,1068.481256
135.330568,24.800346,12.208720,0.831247,19.998115,5.456802,2.031363,0.282355,713.407650,940.365395,1637.637031,16847.863168
99.108482,21.346059,6.577320,0.759158,17.124386,4.642940,3.245404,0.282529,260.080274,354.161374,626.139480,5515.999355
159.483818,21.521996,7.526502,0.834259,13.722299,7.410271,2.859495,0.178473,302.743961,47.149794,351.976596,2484.727520
228.767234,26.941132,11.323438,0.558900,20.814012,8.491374,2.379236,0.226028,870.647271,309.182037,1154.059191,12357.254624
124.519398,27.266238,7.935880,0.794927,10.541223,4.566798,3.435818,0.155159,167.896310,27.388506,199.376379,1081.191944
177.861355,29.086216,8.435566,0.640851,15.965510,6.114971,3.448046,0.196628,428.405140,103.713305,553.958187,4549.858387
179.712859,21.172088,5.327128,0.747454,18.518857,8.488197,3.974391,0.226897,455.104179,179.849148,641.034731,6107.083350
189.687197,20.162401,6.893760,0.660115,18.937269,9.407967,2.924732,0.225841,474.823553,161.478846,632.441187,6161.346091
115.697214,23.193335,6.133827,0.815378,16.828770,4.988382,3.781218,0.256977,319.345179,305.236576,645.743060,5590.494669
215.943432,27.274207,12.225167,0.820327,17.282914,7.917496,2.230988,0.193175,844.730869,163.969464,1045.961249,9299.736825
101.402240,17.958091,7.883369,0.617811,23.338484,5.646605,2.277972,0.380673,389.886693,327.245231,734.043191,8813.174499
189.510829,28.907924,10.205739,0.600617,15.765507,6.555671,2.832517,0.188102,454.414426,92.441009,545.056549,4420.665149
100.956422,13.547970,6.295683,0.842030,20.346588,7.451775,2.151946,0.332605,305.783686,411.568391,696.782243,7293.345330
95.692251,16.364834,3.956315,0.688252,19.216294,5.847432,4.136383,0.322652,197.800087,297.421794,486.020117,4804.652439
120.850461,21.268610,7.289268,0.775165,19.464084,5.682104,2.917798,0.290813,416.513270,577.691415,1016.207577,10175.470803
164.709402,29.089033,9.263082,0.808109,11.366062,5.662251,3.140319,0.145464,276.277673,39.750100,319.850106,1870.228251
199.527908,25.321859,9.843852,0.798336,11.090797,7.879671,2.572353,0.128963,290.055482,33.865098,330.706163,1886.875173
142.159610,20.070282,8.329306,0.645288,21.033304,7.083090,2.409598,0.289750,483.017288,539.716716,1021.797944,11056.320700
121.609822,19.975667,8.995175,0.615776,14.840678,6.087898,2.220709,0.221041,219.772433,74.980361,295.424376,2255.475741
109.396763,24.297985,8.434310,0.696036,20.444091,4.502298,2.880850,0.321047,434.934073,734.866576,1193.530346,12552.764463
138.567825,20.030522,6.258293,0.835161,10.398089,6.917834,3.200637,0.145086,142.105085,17.540178,158.817711,849.553167
219.520640,26.538733,10.824021,0.846775,22.155828,8.271708,2.451837,0.245614,1316.371773,820.078545,2172.600728,24763.157275
144.565360,20.530133,7.084383,0.843652,15.457786,7.041618,2.897942,0.211163,333.810193,96.029174,436.047291,3467.520153
227.270407,29.174029,12.681918,0.663843,22.338494,7.790162,2.300443,0.243381,1243.643039,687.895369,1850.901472,21270.382637
170.161875,19.841869,9.672900,0.597163,10.578983,8.575900,2.051284,0.133204,157.993837,18.717129,174.042711,947.191690
165.010254,28.830738,10.741840,0.554119,21.450760,5.723414,2.683966,0.274278,693.081336,716.797365,1379.074551,15218.383649
210.388222,31.902072,10.905495,0.555956,13.631488,6.594814,2.925321,0.154360,387.912143,62.123905,437.260409,3066.348660
169.787887,18.287830,9.031254,0.777562,10.802122,9.284201,2.024949,0.136163,188.737625,19.639104,212.339831,1179.990882
147.923903,23.255010,10.191896,0.779778,15.093271,6.360948,2.281716,0.203830,378.079184,94.644423,478.960603,3718.957937
149.092252,32.989615,12.942144,0.743873,22.376918,4.519369,2.549007,0.301007,1031.614693,1756.605277,2869.748374,33035.600119
126.620114,23.875699,5.780579,0.773956,17.847225,5.303305,4.130330,0.260509,363.599165,361.189260,709.029779,6509.884556
80.964003,17.483947,7.579811,0.819244,13.102677,4.630762,2.306647,0.239176,135.212083,81.044592,214.084060,1443.053645
144.951993,24.323238,8.620822,0.833465,23.676310,5.959404,2.821452,0.323002,882.312409,1493.743454,2334.709028,28437.072371
65.844853,11.411533,4.259021,0.702890,13.551601,5.770027,2.679379,0.274305,63.103994,59.300181,123.589423,861.608574
99.230115,17.439111,7.128666,0.701642,17.898296,5.690090,2.446336,0.295117,241.817582,311.396751,538.513718,4958.457190
108.327567,14.851440,6.388218,0.679911,17.843493,7.294078,2.324817,0.281588,219.926886,214.267107,452.354531,4152.378371
131.679652,15.626711,5.493440,0.588231,21.057385,8.426575,2.844613,0.301404,300.613246,326.793370,627.609323,6798.794903
117.245481,24.884309,6.266814,0.730880,20.709679,4.711623,3.970807,0.314144,447.531847,796.543220,1286.516374,13706.506870
195.600415,22.830317,9.670367,0.554390,22.374788,8.567573,2.360853,0.262771,735.255597,520.687360,1254.413509,14439.021125
160.622802,30.226406,11.314780,0.566347,17.013636,5.313989,2.671409,0.220494,468.255178,181.104736,673.782871,5897.327110
148.696216,23.142769,7.504626,0.571207,10.507059,6.425169,3.083800,0.141526,126.884020,18.495648,144.383531,780.435334
215.783598,28.498316,10.241956,0.764699,15.554798,7.571802,2.782507,0.173924,610.839451,95.858592,692.782344,5543.694512
199.532370,27.056933,12.692908,0.830961,17.485539,7.374538,2.131657,0.203318,827.829815,199.876544,1051.738429,9460.735010
144.926472,30.473122,12.161924,0.634900,12.021394,4.755879,2.505617,0.164015,254.165685,45.236948,300.205515,1856.571222
216.354422,24.008650,8.826325,0.686448,17.734395,9.011519,2.720119,0.198033,600.903752,121.411109,721.009378,6578.023235
133.775236,16.150427,6.698147,0.616959,23.089276,8.283077,2.411178,0.327888,422.685547,492.851050,885.883978,10522.653317
190.613978,33.520964,11.288714,0.826575,11.975484,5.686411,2.969423,0.142469,417.847802,59.931150,475.273074,2928.022445
180.064413,30.581878,9.651130,0.662978,10.282406,5.887945,3.168735,0.125859,213.266314,31.342177,248.687875,1315.489750
210.530404,25.369177,7.788397,0.558083,10.024625,8.298669,3.257304,0.113479,164.550731,21.461391,186.862725,963.671314
209.677470,24.367156,9.330875,0.575821,20.054685,8.604922,2.611455,0.227480,661.072854,239.386474,879.316967,9071.923893
173.050277,20.997178,5.466592,0.813157,19.800940,8.241597,3.841000,0.247231,549.483053,355.204826,880.982431,8974.105090
135.425456,15.232552,3.847114,0.708794,23.259303,8.890530,3.959475,0.328284,371.166885,476.811775,858.234660,10269.300477
187.539451,24.816020,11.606840,0.778886,22.476299,7.557193,2.138051,0.269577,1080.068380,1024.087841,2037.417566,23558.246523
141.689370,24.179864,7.872895,0.782866,22.894259,5.859808,3.071280,0.315909,730.193889,1203.706687,1946.461587,22925.062643
168.420041,17.963927,7.950046,0.735789,12.562050,9.375458,2.259600,0.158989,219.716182,25.714053,238.177125,1539.212797
142.190100,27.005512,7.151427,0.671474,20.250919,5.265225,3.776241,0.278942,515.414960,643.976188,1182.217860,12316.303112
221.751247,26.898086,7.373753,0.775819,22.628630,8.244127,3.647815,0.249591,1088.213695,749.463946,1808.172022,21049.225468
219.582553,32.598141,10.208474,0.666596,12.636621,6.736045,3.193243,0.140067,397.981718,58.250357,452.924139,2944.384672
189.654478,21.502033,6.673328,0.610919,23.287098,8.820305,3.222085,0.277739,669.318998,618.056564,1306.944774,15657.077749
141.234812,25.371526,6.577782,0.833617,21.330076,5.566666,3.857155,0.294798,659.977854,1073.768809,1729.794072,18981.254256
109.540199,20.354240,10.075441,0.782913,20.387050,5.381689,2.020184,0.319942,477.411681,753.532851,1202.742841,12614.361641
192.914162,28.666212,10.388449,0.655438,19.361745,6.729670,2.759431,0.228963,732.506753,317.339676,1031.453438,10273.826369
179.465890,26.430226,10.223802,0.826222,10.345015,6.790176,2.585166,0.126836,250.822730,30.490553,274.968087,1463.361090
143.536508,29.329272,8.580424,0.602952,10.440591,4.893968,3.418161,0.143136,154.335403,25.954948,183.777223,987.085712
208.886863,24.188991,7.726864,0.569056,22.152867,8.635617,3.130506,0.251755,714.282778,433.421843,1130.421705,12882.748771
95.771222,15.317176,5.263983,0.567138,13.109816,6.252538,2.909807,0.220030,88.612483,28.523272,113.712184,766.905211
193.866716,27.191848,11.563468,0.582177,16.352176,7.129590,2.351531,0.192898,501.205254,102.681860,597.758659,5028.512539
224.884884,27.055144,11.342211,0.825540,17.465989,8.312093,2.385350,0.191301,863.933242,160.287997,1031.983216,9272.651101
148.235908,25.053917,7.292869,0.599142,10.118003,5.916676,3.435399,0.136497,126.475151,19.058389,143.577041,747.339470
158.755692,22.192261,9.127716,0.705125,14.204033,7.153651,2.431305,0.185161,302.252872,52.747683,353.693028,2584.498399
93.669527,19.679737,7.302862,0.589341,12.709878,4.759694,2.694798,0.215698,113.224329,38.139459,148.693991,972.238728
138.746107,20.232085,10.103754,0.650114,16.656957,6.857726,2.002433,0.232268,341.625237,142.954598,493.247135,4226.670000
208.313204,24.209902,7.270597,0.570498,15.082429,8.604463,3.329837,0.171639,337.098745,52.350061,379.153615,2941.877499
220.175009,27.238237,9.231705,0.761269,22.900817,8.083306,2.950510,0.253496,1193.191121,862.586857,2059.497885,24263.331408
166.157397,21.776079,8.363612,0.658360,17.045576,7.630272,2.603669,0.217198,395.819449,120.213517,523.490412,4590.484374
171.994335,24.482389,6.521163,0.676089,15.684143,7.025227,3.754298,0.196430,343.098152,77.364805,412.616826,3329.245540
155.639210,32.037458,12.948709,0.702643,13.367058,4.858039,2.474182,0.175987,380.271137,73.130313,435.147922,2992.339311
104.669661,19.617746,9.357454,0.551506,16.977544,5.335458,2.096483,0.272564,233.183822,218.847376,441.363037,3854.862927
184.426719,21.829062,9.066124,0.752937,20.847276,8.448678,2.407761,0.252140,742.205766,479.603097,1235.203058,13247.251589
190.833936,22.761491,9.797141,0.598947,23.231276,8.384070,2.323279,0.276216,821.126809,729.330495,1574.877883,18821.665783
163.088336,24.113514,7.787432,0.678033,16.514903,6.763358,3.096465,0.212407,385.735476,115.672922,500.659744,4253.601518
216.417795,26.027980,9.398407,0.754121,20.429483,8.314813,2.769403,0.228094,921.806490,372.297228,1245.925452,13094.458473
115.618336,17.029498,6.639060,0.559417,20.424995,6.789298,2.565047,0.311998,281.045064,344.107914,612.313203,6433.890796
87.728880,15.562051,5.014014,0.709911,16.073623,5.637360,3.103711,0.281868,143.845746,164.074956,300.550108,2485.242491
184.400175,19.443285,7.655550,0.678590,18.089161,9.484003,2.539763,0.218797,448.595283,128.185719,567.546408,5281.507618
152.734314,25.893415,11.979484,0.609756,19.606421,5.898578,2.161480,0.260576,591.069321,475.861723,1075.980009,10852.770748
102.588227,20.986534,6.170219,0.668260,23.548802,4.888288,3.401262,0.381877,414.906407,398.986149,822.352026,9962.416477
95.594163,19.888530,7.493533,0.709550,18.492284,4.806497,2.654092,0.310655,276.523625,431.278935,691.944291,6582.635313
161.006873,24.794442,11.384694,0.617125,17.012090,6.493668,2.177875,0.220211,455.737829,155.272485,621.707232,5441.037357
141.067060,20.043898,6.541123,0.637295,18.271877,7.037905,3.064290,0.252682,324.402775,213.792319,547.606361,5147.421890
167.901343,19.480281,8.691941,0.595272,16.547930,8.619041,2.241189,0.209759,336.875631,80.379675,416.446281,3545.200255
198.771410,27.600755,10.851262,0.701913,22.625018,7.201666,2.543553,0.263582,1069.959282,920.356456,2043.160063,23780.962957
93.087649,11.713790,3.977368,0.665026,18.866372,7.946843,2.945111,0.321178,147.587956,174.939152,318.000263,3086.412535
87.161398,11.192253,5.148828,0.602609,20.395188,7.787655,2.173748,0.358814,165.758438,149.146760,327.456451,3435.732673
164.084860,28.438976,7.812894,0.656159,15.834109,5.769718,3.640006,0.203031,384.369808,106.622023,494.135372,4025.109248
149.745002,28.388788,9.083772,0.616340,11.807656,5.274794,3.125220,0.158486,206.598688,35.089839,242.599022,1473.638139
189.942591,20.554601,8.578624,0.785741,16.461604,9.240880,2.396025,0.196184,480.124064,89.203835,561.319219,4753.573104
77.207810,13.105375,5.609312,0.718918,17.024428,5.891309,2.336361,0.318233,138.838849,188.498113,326.714493,2861.403109
167.331144,19.571641,7.434802,0.635584,11.070431,8.549674,2.632436,0.140566,153.640382,18.649745,168.917575,962.005316
205.401929,23.695701,5.946660,0.640053,21.678983,8.668320,3.984708,0.248451,659.734225,399.368239,1040.644089,11605.910930
174.625218,33.082246,10.673951,0.557872,21.548961,5.278518,3.099344,0.267841,789.771409,797.212309,1613.447567,17886.250245
192.371022,22.641429,10.529695,0.813971,22.298259,8.496417,2.150246,0.264061,1031.964581,861.777786,1855.600517,21285.974679
149.430312,19.445657,8.436686,0.618578,19.593914,7.684508,2.304893,0.263272,423.210519,311.894412,727.338822,7331.554476
150.821197,32.846479,11.230534,0.783408,14.576113,4.591701,2.924748,0.194946,459.972139,119.367999,583.149422,4372.800813
176.757651,28.087343,10.606626,0.729984,15.347720,6.293143,2.648094,0.189609,482.720699,98.790464,581.634757,4592.321887
131.293918,14.686633,3.560760,0.822675,12.789624,8.939688,4.124579,0.183332,131.396491,20.201679,147.285103,969.069021
148.600669,23.760967,10.904545,0.628729,16.989894,6.253982,2.178997,0.228920,411.951834,170.579847,587.816549,5137.721746
137.058062,15.037764,5.731489,0.810018,16.665575,9.114258,2.623710,0.233815,267.355915,109.938756,376.624897,3228.995428
188.125139,32.823163,11.767953,0.728487,13.852765,5.731475,2.789199,0.165889,479.951064,80.394829,535.469947,3816.011467
120.468863,17.573262,4.472540,0.635796,21.340460,6.855236,3.929146,0.319352,298.092272,409.882337,728.632194,7999.267677
106.461734,19.599084,8.506845,0.779349,21.770780,5.431975,2.303919,0.346562,473.434911,680.094437,1132.855478,12687.808075
73.466031,13.760968,4.073683,0.579004,15.419579,5.338725,3.378016,0.295483,81.340967,98.658332,179.564762,1424.399266
183.260327,21.373821,8.655368,0.723388,10.356036,8.574055,2.469430,0.125650,184.987126,20.930685,209.615796,1116.749183
146.232883,29.198188,9.463660,0.583419,17.871400,5.008286,3.085295,0.242739,435.909677,278.025426,710.848633,6535.424708
182.251769,25.177155,12.174361,0.566126,13.299189,7.238775,2.068047,0.161805,314.225755,46.323959,365.036627,2497.466642
171.726119,33.130117,12.635159,0.674801,23.718390,5.183384,2.622058,0.297283,1180.118423,1777.085453,3062.868418,37372.456454
127.333404,19.042777,5.248034,0.602276,23.273827,6.686703,3.628555,0.338766,392.954160,513.381966,899.337936,10767.845724
172.816137,23.069762,7.242217,0.819656,22.360432,7.491024,3.185456,0.279378,818.809847,956.977773,1787.324972,20559.939139
145.015780,23.247036,8.384326,0.584194,13.893409,6.238033,2.772678,0.189498,225.634702,45.708795,267.301509,1910.505678
172.757333,19.992514,7.658925,0.846534,11.574485,8.641101,2.610355,0.144640,230.839597,25.470070,247.434872,1473.332238
205.769572,21.875437,5.855460,0.568233,20.315964,9.406421,3.735904,0.232622,498.876226,200.794057,691.084180,7222.814960
185.458225,25.637812,8.382820,0.689484,13.642834,7.233777,3.058375,0.164545,327.136279,49.067832,360.149394,2527.699123
195.734980,24.649190,7.337419,0.771708,18.691780,7.940828,3.359382,0.219442,639.839396,220.544167,840.649976,8083.584103
92.424948,15.611803,5.943162,0.730609,18.751927,5.920197,2.626851,0.320372,222.638739,319.500702,545.163355,5259.090670
196.932657,21.163833,8.241969,0.827917,16.557308,9.305151,2.567813,0.193791,527.396599,94.731691,642.301124,5470.997464
219.034908,29.103437,9.691483,0.786556,23.402281,7.526084,3.002991,0.259720,1358.060771,1169.827622,2447.851689,29470.085604
165.558896,28.127204,7.408603,0.673813,17.065428,5.886077,3.796560,0.217843,444.596049,166.304474,607.783508,5335.857232
177.298174,29.425725,12.510664,0.805709,15.381596,6.025278,2.352051,0.189737,591.871703,121.800304,714.626889,5654.820846
227.008997,31.496405,12.568673,0.661321,21.274674,7.207457,2.505945,0.231924,1169.356578,531.583085,1740.523879,19049.387155
163.330219,19.489664,6.048097,0.771621,11.174527,8.380351,3.222445,0.143615,166.922776,19.742215,185.131108,1064.257352
195.573075,31.008006,8.586943,0.782496,19.465636,6.307180,3.611065,0.228622,860.398622,420.945027,1274.501031,12762.827435
151.432690,16.915913,5.426223,0.770210,13.116279,8.952085,3.117438,0.175067,185.037820,25.496425,215.913134,1456.893506
156.426072,21.148953,10.459159,0.577514,10.772385,7.396398,2.022051,0.141469,159.708392,20.729533,182.248761,1009.984122
146.778372,20.903178,9.408466,0.842396,21.665687,7.021821,2.221741,0.293728,726.775820,974.861656,1706.002992,19014.738375
89.486820,15.341384,5.951538,0.808305,16.489539,5.833035,2.577717,0.286307,186.206226,231.555123,413.351110,3506.434465
223.552279,29.980655,12.248511,0.677891,16.966039,7.456551,2.447698,0.186378,740.994910,137.579739,884.528390,7720.232009
173.121300,28.629163,7.686569,0.767755,13.771317,6.047026,3.724570,0.171911,361.350170,62.676280,427.883411,3031.370521
223.345213,26.390299,12.095168,0.661445,18.933308,8.463156,2.181888,0.208085,831.151851,205.150014,1053.624306,10262.434144
138.321813,26.655342,9.190997,0.801889,10.852349,5.189272,2.900158,0.151559,204.297265,30.362111,237.718567,1327.165184
167.010480,30.510266,11.694860,0.819180,15.895661,5.473911,2.608861,0.202027,602.362585,164.191673,752.051275,6149.844608
167.627641,33.674711,8.730931,0.758277,21.706471,4.977849,3.856944,0.275372,949.580651,1280.848260,2232.137988,24925.757466
159.517024,32.470290,9.159322,0.798410,21.169178,4.912707,3.545054,0.275299,910.859735,1243.696174,2141.752659,23324.449988
148.057744,23.559325,8.358614,0.704417,12.936534,6.284465,2.818568,0.174625,236.654265,39.314528,279.795961,1862.076387
196.787676,23.655274,5.919992,0.567343,22.629810,8.318977,3.995829,0.264963,617.877735,496.978268,1115.259620,12983.595790
207.884278,26.193842,8.768359,0.769379,23.780170,7.936380,2.987314,0.270899,1177.718505,1167.814419,2393.366082,29279.401533
208.146276,31.235180,10.714868,0.729134,17.365151,6.663841,2.915125,0.197696,747.527342,177.024225,935.551787,8357.656423
185.941940,26.609365,11.904615,0.813354,20.439865,6.987838,2.235214,0.246203,982.406027,640.360755,1665.194527,17509.796427
163.643767,24.030368,8.329718,0.600086,10.353561,6.809873,2.884896,0.132936,149.437076,20.609380,170.162737,906.342479
140.275216,28.057149,12.727363,0.709797,23.558876,4.999625,2.204475,0.326714,940.211658,1537.402879,2445.199361,29635.137581
215.827864,23.022186,9.555971,0.779124,18.526510,9.374777,2.409194,0.207130,743.074688,174.249758,942.566663,8983.463275
171.426299,24.906980,8.027312,0.779575,18.238470,6.882661,3.102779,0.228799,573.937390,256.602799,848.181368,7958.207293
211.916314,25.267208,10.551705,0.699305,15.345190,8.387010,2.394609,0.173139,511.656718,75.349675,596.026512,4705.176807
139.702395,26.298515,10.440509,0.818170,21.254672,5.312178,2.518892,0.295363,777.009932,1212.694123,2033.096265,22230.563108
185.896175,22.533275,8.498421,0.693850,13.999253,8.249852,2.651466,0.168645,323.795036,45.772729,362.842007,2613.127155
149.186043,30.918143,11.520584,0.754102,14.703854,4.825194,2.683730,0.197729,434.969359,114.149547,539.683482,4082.332999
162.630984,23.552354,7.771797,0.661774,15.996871,6.905084,3.030490,0.206033,349.542066,90.679136,449.063546,3695.565828
93.755812,16.711986,5.737551,0.782210,13.876672,5.610094,2.912739,0.235391,140.492445,72.295840,210.653674,1503.808310
83.723910,12.961959,3.651790,0.841682,12.888053,6.459202,3.549482,0.231348,86.180694,38.752164,128.662432,853.055308
173.716949,21.480937,7.378857,0.711731,16.858326,8.087029,2.911147,0.210086,404.632618,106.165481,497.642449,4315.886167
128.463016,26.395155,7.721042,0.647813,18.552753,4.866916,3.418600,0.268858,394.156446,422.322905,798.798965,7624.018999
217.954341,24.552731,10.403264,0.708805,23.438611,8.876990,2.360099,0.260767,1151.131441,852.751684,2005.462214,24181.567995
188.308872,26.904051,12.968398,0.695104,19.150404,6.999276,2.074586,0.229217,798.747907,334.377345,1147.356629,11303.540198
122.472350,13.378685,5.141478,0.800252,19.836420,9.154289,2.602108,0.294407,296.173731,330.858825,643.683226,6568.611790
79.605407,11.952122,5.906928,0.583573,15.156791,6.660357,2.023408,0.279023,95.668324,83.071661,180.029087,1403.744421
144.763152,30.061812,12.535692,0.753074,12.318046,4.815516,2.398097,0.168158,310.748117,53.966651,358.191084,2269.837184
191.972427,30.222287,11.540906,0.633754,22.301848,6.352015,2.618710,0.264378,1000.899231,891.136455,1913.100628,21949.103001
129.467880,14.256226,5.331040,0.585825,11.310100,9.081497,2.674192,0.163263,86.544722,10.889723,95.898418,557.976607
174.593098,30.415721,9.268632,0.686456,18.749301,5.740226,3.281576,0.233064,648.577516,340.877099,976.367241,9417.516275
142.819077,23.175513,5.649671,0.831659,21.251810,6.162499,4.102099,0.292083,590.115768,897.171227,1491.936754,16311.145200
210.477918,30.182987,11.612126,0.723284,14.578368,6.973396,2.599264,0.165048,548.204720,83.314716,653.263957,4899.318918
169.389100,32.324073,8.651966,0.797737,19.828446,5.240339,3.736038,0.250236,828.169841,713.828501,1551.614861,15827.441418
138.930018,25.937988,7.934453,0.654530,23.304322,5.356237,3.269033,0.324745,653.585085,1036.542531,1728.549182,20723.176529
214.540033,33.121565,12.171463,0.772159,21.688268,6.477352,2.721248,0.243206,1347.851938,878.793598,2231.040291,24892.607089
96.148354,12.306435,3.641196,0.616484,20.095753,7.812852,3.379778,0.336618,158.149142,181.841585,331.781461,3430.002976
92.366345,18.426355,8.782154,0.820316,18.106492,5.012730,2.098159,0.309443,306.272203,489.707014,779.405642,7259.989060
219.546401,30.548462,7.536683,0.665797,16.369179,7.186823,4.053303,0.181454,550.039409,104.913253,651.692294,5487.917589
188.710666,30.599963,9.987045,0.600070,21.663495,6.167023,3.063966,0.259020,839.005244,690.562113,1578.965258,17597.022925
183.914314,24.426498,6.108436,0.632324,18.448119,7.529295,3.998814,0.223433,450.889785,169.342941,634.688714,6023.528482
143.867402,29.420099,9.366704,0.602969,21.081528,4.890106,3.140923,0.288685,601.608398,817.100358,1428.229787,15489.531122
165.847538,22.887037,9.116524,0.748923,23.999858,7.246352,2.510500,0.306096,902.730577,1255.640061,2132.076844,26323.863112
148.015531,31.194391,9.782938,0.676834,19.845557,4.744941,3.188653,0.267925,641.558669,711.239325,1362.010097,13905.343523
125.997057,24.351422,7.369906,0.634809,16.031856,5.174115,3.304170,0.234589,270.603161,143.098068,401.126318,3308.286157
70.772287,13.073325,4.912290,0.650431,21.410429,5.413488,2.661350,0.418020,169.923933,77.081550,242.461154,2670.580257
161.498899,31.893465,10.864010,0.786054,20.864544,5.063699,2.935699,0.269667,930.200463,1110.217926,2068.541952,22202.983661
88.820433,17.753933,5.490629,0.787708,23.743003,5.002859,3.233497,0.413793,376.875408,210.978361,571.090671,6975.555814
196.294546,28.744371,7.446457,0.810139,11.252230,6.828973,3.860141,0.131913,289.875751,38.569562,332.141150,1922.646218
151.026695,19.847849,5.757820,0.581410,11.682037,7.609222,3.447112,0.156133,129.308445,18.394581,144.372664,867.644145
196.608334,30.542894,7.361494,0.835717,16.141286,6.437122,4.149008,0.189078,615.132798,132.854400,744.911515,6185.587056
195.697466,26.477579,7.739940,0.771920,17.634586,7.391063,3.420902,0.207050,612.501772,167.322745,783.369896,7106.737179
161.533125,21.755138,9.348442,0.767933,21.975210,7.425056,2.327140,0.283992,753.736502,859.359896,1638.877202,18527.531547
165.188318,17.473339,4.734026,0.578880,21.645629,9.453735,3.691010,0.276620,377.695819,324.424170,689.064681,7673.054840
137.466192,26.279277,7.331560,0.820821,22.141208,5.230973,3.584405,0.310175,722.046205,1301.518611,2003.992986,22826.305200
134.862499,15.016375,4.995771,0.841581,21.733599,8.981029,3.005817,0.307390,426.826643,561.157346,1003.205713,11216.561583
187.563445,19.799092,5.547110,0.647884,16.973714,9.473336,3.569263,0.203567,339.037409,74.392136,418.017145,3650.136219
147.929303,31.380326,10.080818,0.594005,20.700467,4.714078,3.112875,0.279548,630.720142,785.828324,1396.788261,14874.720725
176.770442,22.382134,8.266298,0.765826,20.974390,7.897837,2.707637,0.259112,715.139763,556.102083,1285.229687,13867.820265
131.157854,22.655361,9.304164,0.590968,15.276108,5.789263,2.434970,0.219088,259.687731,89.045113,358.103871,2814.231612
123.459002,18.888183,6.039509,0.560021,12.835183,6.536309,3.127437,0.189734,125.256867,24.586091,153.499590,1013.555159
197.787965,28.548798,10.766463,0.640588,17.238351,6.928066,2.651641,0.201326,599.069613,144.716052,725.103305,6430.336545
176.919326,27.233718,10.033340,0.607304,16.062908,6.496334,2.714322,0.198354,430.036381,100.443688,531.571310,4392.621817
229.848761,30.374875,11.942578,0.589794,19.750850,7.567068,2.543410,0.213978,897.592234,267.591227,1163.037384,11817.281182
188.470272,32.523321,7.860956,0.833170,17.205318,5.794927,4.137324,0.205847,710.842655,222.997598,929.458245,8226.795544
164.559362,29.325903,11.812648,0.697723,21.731932,5.611400,2.482585,0.278253,901.151942,1066.831299,2040.276982,22810.014628
118.451330,20.541259,6.533864,0.730844,11.048700,5.766508,3.143815,0.166742,125.064638,19.545849,145.689780,828.091577
182.312381,29.133345,11.565952,0.654738,21.738905,6.257860,2.518889,0.264444,920.277525,826.140437,1685.500233,18849.706709
201.743963,25.821500,10.531434,0.671353,23.364770,7.813023,2.451850,0.270187,1054.022574,945.797306,1994.545934,23974.173995
112.891935,14.757530,3.553973,0.619849,14.368297,7.649785,4.152403,0.222115,107.549074,35.666950,145.379222,1074.597323
111.895880,23.150904,7.548312,0.658679,10.563178,4.833327,3.067030,0.164018,113.435967,19.343193,132.549798,720.297247
156.351545,32.538604,7.980718,0.562255,14.899489,4.805109,4.077152,0.195715,314.866084,86.236881,389.453442,2985.142213
190.695370,22.396490,8.516146,0.688084,21.677440,8.514520,2.629886,0.257835,745.361667,522.122659,1280.854126,14283.866091
166.985933,21.624007,10.107637,0.816002,19.596168,7.722247,2.139373,0.249078,686.694355,440.856568,1137.964056,11471.964935
150.478375,21.637352,9.931371,0.769387,18.901567,6.954565,2.178687,0.253084,549.382241,387.054676,934.462476,9086.524142
117.720668,13.328892,6.002310,0.704444,18.574610,8.831992,2.220627,0.281188,240.960678,216.780593,449.986282,4299.887399
197.845081,29.504525,10.719552,0.761121,19.689508,6.705584,2.752403,0.229920,913.981998,426.144401,1343.853419,13612.091543
114.006464,16.281519,5.737090,0.782772,21.398074,7.002201,2.837940,0.329165,368.723837,523.960710,891.591104,9814.733640
172.156080,23.321977,10.973022,0.789379,23.707638,7.381711,2.125392,0.296777,1057.397613,1397.676902,2409.076059,29381.698958
165.303663,31.113462,11.763775,0.701209,21.160650,5.312931,2.644853,0.270328,890.769191,978.494475,1797.827003,19571.089583
125.657212,16.073825,4.262855,0.828426,16.880259,7.817505,3.770671,0.247337,242.167153,153.036851,408.219082,3544.953292
181.301106,24.679211,7.016059,0.632239,23.500668,7.346309,3.517532,0.286671,746.757382,862.269595,1617.513151,19555.374535
156.626272,28.090918,10.109034,0.589208,19.573256,5.575691,2.778793,0.256882,558.957737,443.922832,1023.984997,10310.857196
142.277778,27.856568,9.713233,0.701592,17.347551,5.107513,2.867899,0.238876,464.613426,281.357172,760.881294,6790.365984
190.212998,21.768682,6.608660,0.817878,18.301992,8.737920,3.293963,0.217963,567.233418,180.752938,731.702332,6889.233521
138.152820,17.839257,6.222641,0.654671,13.597570,7.744315,2.866831,0.190014,171.626630,30.724197,202.337743,1415.390647
87.458038,13.993035,4.593627,0.770858,16.515463,6.250112,3.046184,0.290064,148.113265,182.739122,331.047727,2812.674395
160.617645,26.977143,10.795842,0.585666,23.987133,5.953842,2.498846,0.310875,844.048108,1181.020828,2128.835532,26269.908221
137.539253,18.430482,7.164731,0.757173,19.020103,7.462597,2.572390,0.266381,398.058543,342.509486,723.892444,7083.126798
118.200056,18.242516,8.347208,0.588552,11.318253,6.479372,2.185463,0.170991,114.927847,17.560883,132.228097,769.912309
193.128992,25.856141,9.178226,0.633314,16.375198,7.469366,2.817118,0.193538,463.713115,94.894826,550.336598,4636.102953
137.312568,21.080944,9.153863,0.747795,19.780257,6.513587,2.302956,0.277256,510.224405,547.224587,1053.142658,10716.605603
151.260419,24.337995,10.495105,0.697209,21.372863,6.214991,2.318985,0.285433,694.567858,831.117463,1491.818836,16402.758399
171.273758,26.155503,9.412051,0.581454,18.177519,6.548288,2.778938,0.228135,483.754303,199.921157,683.076748,6387.666393
180.750434,21.689211,8.763044,0.592545,13.630227,8.333656,2.475077,0.166520,262.812892,37.220912,293.871003,2060.620155
214.598972,32.058008,9.628637,0.580834,23.484310,6.694083,3.329444,0.263310,1072.765741,934.584780,1996.711321,24122.992954
157.588559,32.298035,7.944268,0.660499,19.894574,4.879200,4.065577,0.260301,625.693779,623.656224,1259.241501,12887.888938
125.977096,27.663255,7.841276,0.826196,15.344517,4.553951,3.527902,0.224549,359.288664,177.926944,540.705458,4268.271976
117.269876,21.729703,10.156362,0.762712,18.155912,5.396755,2.139516,0.275377,412.789454,464.805212,895.389665,8363.118546
141.419329,30.074164,10.498420,0.667519,13.927960,4.702353,2.864637,0.192370,316.636976,76.917614,389.196630,2788.654378
174.581233,22.045718,8.504065,0.675827,22.869724,7.919054,2.592374,0.284293,744.714219,790.089264,1543.064705,18154.452936
209.376288,25.314876,9.610112,0.783043,18.041788,8.270879,2.634191,0.204795,731.509772,175.709627,894.252575,8299.995763
170.208230,24.066419,11.607591,0.674925,23.039547,7.072437,2.073334,0.290060,903.375894,1052.864626,1942.265841,23020.816348
197.512572,25.919287,9.189401,0.834697,20.046238,7.620293,2.820563,0.234282,901.444892,450.465639,1371.069485,14139.382525
149.900353,30.417650,11.123494,0.565737,19.297150,4.928072,2.734541,0.258878,555.393451,479.792675,1053.222241,10455.656287
185.937690,25.335633,6.563806,0.824049,16.302250,7.338980,3.859900,0.196367,497.569686,111.657822,624.192913,5234.852924
215.358136,25.992571,6.527349,0.556503,14.030856,8.285373,3.982102,0.157039,294.986234,44.470110,345.036898,2490.507230
223.593122,25.887164,6.879682,0.742737,19.713688,8.637220,3.762843,0.216542,768.127986,244.875258,1026.616382,10411.520882
127.901353,25.171153,10.952926,0.810063,20.802303,5.081267,2.298121,0.302119,682.442173,1110.406917,1771.257822,18955.327747
116.211300,25.418895,11.284059,0.810182,23.993113,4.571847,2.252638,0.365566,837.297071,1123.233808,1872.944056,23117.960328
221.008451,27.395650,7.381437,0.795074,16.667548,8.067283,3.711425,0.184150,634.873254,113.464343,734.483017,6297.839442
118.819082,22.706039,6.480156,0.844928,17.621604,5.232929,3.503934,0.265525,372.535492,410.857568,766.077214,6944.741509
207.005623,30.269020,8.355175,0.681753,10.565470,6.838861,3.622787,0.120615,243.121889,33.884328,282.709853,1536.624891
186.050927,26.711823,8.260368,0.717752,23.273290,6.965115,3.233733,0.280250,946.485121,1098.339384,2020.957863,24196.533033
96.991702,17.649630,7.027776,0.712486,15.804504,5.495396,2.511410,0.263583,190.345184,166.741077,334.406955,2718.906525
108.934620,18.739225,6.431773,0.571122,12.968665,5.813187,2.913539,0.204087,119.550643,30.152323,151.480153,1010.622833
165.158798,29.777350,11.030835,0.787239,11.988947,5.546457,2.699465,0.153226,324.394927,48.426717,375.063897,2313.259851
194.672076,30.622981,11.338417,0.796905,12.727038,6.357058,2.700816,0.149823,435.433118,61.012831,511.510413,3349.036807
214.317302,32.929739,9.521803,0.564622,11.969444,6.508321,3.458351,0.134292,298.185265,46.318623,347.696422,2140.978451
153.427126,28.282789,8.201601,0.681088,23.951261,5.424752,3.448447,0.317600,830.373899,1365.726840,2130.372682,26249.562330
220.884855,33.245713,10.382139,0.602083,15.096723,6.644010,3.202202,0.166841,521.218515,89.198670,604.807375,4697.187338
127.006089,23.601459,6.580493,0.790805,23.110228,5.381281,3.586579,0.336818,628.858360,1062.314757,1679.699324,19969.808054
131.579954,23.545499,7.062455,0.579071,12.476758,5.588327,3.333897,0.178653,156.427916,29.818191,185.836679,1192.810082
149.005404,22.851343,8.114722,0.681230,23.012145,6.520641,2.816035,0.309642,659.900868,932.329364,1582.254909,18731.461433
116.758431,14.807954,5.728437,0.654373,20.661567,7.884846,2.584990,0.314067,282.868328,339.690929,630.783928,6704.740474
153.798370,22.072571,6.168675,0.794653,17.383696,6.967850,3.578170,0.230234,408.488844,189.012775,592.294472,5296.852904
188.954523,23.632974,11.211389,0.658513,15.398658,7.995376,2.107943,0.183996,442.609258,73.529429,498.914822,3952.277148
103.110059,18.865037,6.081950,0.615924,15.586896,5.465670,3.101807,0.252123,167.109764,116.480037,271.768152,2179.196099
221.574216,27.338147,8.427516,0.828765,10.895174,8.104946,3.243915,0.120220,314.148854,36.675763,344.876553,1933.018212
194.617808,33.215948,9.656398,0.759826,16.330566,5.859168,3.439787,0.192271,651.930594,152.106137,810.710188,6810.907288
209.850183,25.794042,6.369336,0.568309,15.897507,8.135607,4.049723,0.180251,365.739550,65.422396,427.340902,3494.955007
197.019833,24.955477,6.989917,0.576411,10.730629,7.894854,3.570211,0.125567,170.945626,23.171983,198.988346,1098.476881
154.424781,24.790715,12.089798,0.680098,20.752384,6.229138,2.050548,0.274292,711.542711,721.884174,1411.944981,15073.839135
149.247898,30.587918,8.935238,0.790927,19.657923,4.879309,3.423291,0.264294,706.108180,793.786037,1459.266083,14757.412485
160.952412,31.817834,11.976806,0.680005,11.821030,5.058560,2.656621,0.153042,289.947961,47.429406,347.464570,2113.021596
135.156756,29.380851,7.936885,0.554617,15.505166,4.600165,3.701812,0.219059,277.944869,114.108785,385.542171,3075.292417
202.304771,22.159838,8.473677,0.762890,21.500815,9.129343,2.615138,0.248288,843.721042,499.141391,1325.071443,14656.569365
183.780157,21.311004,10.463039,0.676915,17.723552,8.623721,2.036789,0.214736,527.862470,142.104824,660.246549,6019.979520
61.998954,11.628894,4.663991,0.713396,16.249850,5.331457,2.493335,0.338970,89.914957,118.672766,212.065454,1772.790368
182.942334,27.619706,10.446091,0.648005,16.669317,6.623616,2.644023,0.202425,514.038197,127.900399,651.444180,5586.413975
156.390767,24.281976,7.836532,0.599594,21.419264,6.440611,3.098562,0.281321,548.896836,599.427853,1159.649339,12778.189553
187.482637,25.580465,12.525095,0.788439,21.638151,7.329133,2.042337,0.259563,1072.888865,871.517352,1921.563139,21390.104617
160.397211,27.429565,8.208847,0.714824,19.103149,5.847603,3.341464,0.247748,580.058555,414.724106,1024.679185,10070.035269
211.139903,25.449791,12.527620,0.849559,10.032338,8.296332,2.031494,0.113402,301.513742,31.836754,340.786557,1758.825337
166.568485,24.473155,7.132875,0.814894,22.838077,6.806171,3.431037,0.290648,846.790295,1188.499919,1989.543256,23374.967940
136.984019,30.233033,8.576985,0.747979,11.972339,4.530939,3.524902,0.168015,238.618436,44.512737,288.456730,1776.633208
220.256795,24.926065,9.864149,0.557248,23.209885,8.836404,2.526935,0.256869,923.209669,596.829229,1484.769586,17728.425418
92.506354,11.053554,3.792144,0.770267,10.151849,8.368924,2.914857,0.173366,50.118090,6.338711,57.357442,299.552553
128.203620,17.011291,5.685670,0.790386,20.069970,7.536384,2.991959,0.291139,373.807620,458.489366,841.728811,8690.745239
218.325653,28.756426,8.293873,0.671886,23.106462,7.592239,3.467189,0.256853,1055.060535,812.286542,1876.285803,22303.373208
167.828357,33.616330,8.841159,0.750789,12.183680,4.992465,3.802254,0.154472,319.185854,54.284856,370.593250,2322.812186
95.763207,19.081795,6.027301,0.750948,19.289567,5.018564,3.165894,0.323763,281.312199,461.638186,745.697592,7399.856856
78.070031,11.711497,4.951072,0.721465,19.086625,6.666102,2.365447,0.354806,154.489605,167.892027,321.999944,3161.717395
220.104505,28.141794,8.286121,0.800052,23.900330,7.821268,3.396257,0.264602,1331.242460,1259.792435,2603.151646,32006.742434
184.773743,27.591063,8.956610,0.807567,18.489564,6.696869,3.080525,0.223414,725.454563,297.453936,1032.272266,9818.813945
72.853130,10.905774,4.598447,0.827219,12.359730,6.680235,2.371621,0.237842,68.481853,32.258444,100.868822,641.363190
100.484694,19.024140,6.822254,0.759793,21.288020,5.281957,2.788542,0.348810,375.010725,535.415375,923.429012,10112.927385
154.765927,16.723992,5.151437,0.720488,19.555470,9.254126,3.246471,0.258187,362.798454,247.200302,598.983955,6025.894781
146.078094,17.128111,8.049710,0.597298,16.058130,8.528558,2.127792,0.218226,255.694624,70.459646,321.246678,2653.821524
182.206243,29.410634,8.868382,0.678571,20.981949,6.195250,3.316347,0.255310,791.363793,637.294026,1466.836981,15833.094027
161.414999,21.858104,8.263433,0.594608,19.411796,7.384675,2.645160,0.250956,452.002182,276.748957,730.940635,7299.379297
196.064949,28.111884,12.786350,0.835380,21.202859,6.974451,2.198585,0.248713,1206.263764,847.541986,2105.529939,22966.454377
150.931649,21.901125,7.212902,0.648448,12.201876,6.891502,3.036382,0.163132,179.820058,26.780565,208.832370,1310.878754
159.514714,20.978324,5.409727,0.730062,14.426556,7.603787,3.877890,0.187614,250.558530,46.561240,295.408149,2192.417443
127.698724,22.273383,5.698563,0.811508,16.082628,5.733243,3.908597,0.233758,301.366537,165.877902,467.348406,3866.659162
172.716252,22.569180,6.515726,0.704647,23.114254,7.652748,3.463801,0.288880,705.532523,849.079916,1590.891832,18917.278026
108.083115,23.697694,6.682187,0.806189,23.198861,4.560913,3.546398,0.366515,567.624877,784.095715,1384.756490,16526.396611
88.291048,11.680884,4.003610,0.767126,21.298086,7.558593,2.917588,0.372294,202.829567,180.385305,374.451391,4102.741283
180.244774,19.071015,8.803333,0.658566,13.926238,9.451242,2.166340,0.170375,279.154777,36.614309,321.001191,2299.739124
188.114328,24.039897,11.667071,0.581954,10.747406,7.825089,2.060491,0.128705,211.053280,26.731784,236.476631,1307.464798
153.140848,20.748595,7.475172,0.572523,17.197009,7.380782,2.775668,0.228250,309.450856,117.599661,405.304420,3585.686951
159.892094,31.824038,12.850427,0.730511,19.644906,5.024255,2.476497,0.255176,824.375717,720.488309,1521.940312,15381.039218
150.021367,25.459330,10.933160,0.708539,13.602784,5.892589,2.328634,0.182413,312.887575,57.549662,364.227801,2548.819050
120.624513,18.929755,8.449828,0.770723,17.147926,6.372217,2.240253,0.256447,326.264029,247.888586,597.395079,5270.009042
105.437631,14.529081,7.226355,0.819084,20.758785,7.257006,2.010569,0.332053,355.662168,479.412648,824.357342,8803.503533
162.946508,18.131784,6.013234,0.825195,11.558927,8.986788,3.015313,0.148730,181.869017,20.357538,199.477051,1186.174411
169.135370,28.340726,7.975115,0.575860,14.404592,5.967927,3.553645,0.181923,296.780401,59.867369,352.578347,2612.731103
155.359215,16.393029,8.018104,0.739198,23.343275,9.477151,2.044502,0.307607,631.464300,735.135695,1342.628194,16123.363643
151.887812,17.709811,7.256012,0.637272,23.185028,8.576479,2.440709,0.308994,532.220749,619.010398,1165.759840,13904.482038
145.780659,21.340432,7.366390,0.625842,19.035273,6.831195,2.897000,0.258948,388.093370,289.885193,679.317431,6652.271568
144.870256,19.416656,7.604433,0.772024,12.647408,7.461133,2.553334,0.172590,208.761156,29.876659,241.120610,1568.823094
194.356714,31.450437,12.855730,0.764778,23.333858,6.179778,2.446414,0.274910,1399.660733,1620.944086,3075.578251,36919.127812
178.504438,28.847139,7.119438,0.799034,12.959078,6.187943,4.051884,0.159314,338.537665,52.816035,383.596599,2557.331010
209.974958,26.232782,12.975626,0.649443,16.930915,8.004296,2.021697,0.191911,651.855595,122.665627,768.438112,6693.101864
155.094006,32.795061,12.257972,0.699367,22.118112,4.729188,2.675407,0.291712,959.054119,1449.105009,2364.008658,26898.943135
112.949049,16.521686,5.548929,0.844387,20.767751,6.836412,2.977455,0.320961,373.075167,568.797922,941.049649,10054.028358
130.438558,25.076309,6.574538,0.687747,23.681536,5.201665,3.814156,0.340573,606.960000,962.452890,1536.313922,18716.642584
130.248078,26.420481,8.402377,0.710335,15.722793,4.929815,3.144405,0.226281,330.030387,153.937012,490.392541,3966.538273
119.611949,15.011301,5.507050,0.717603,15.752959,7.968127,2.725834,0.236580,186.354286,82.014908,268.811116,2178.449370
181.875374,29.031536,11.346341,0.827728,16.422734,6.264752,2.558669,0.200015,668.272566,164.932076,802.600907,6780.835470
202.041893,33.096588,11.224135,0.773657,16.477479,6.104614,2.948698,0.190403,738.722037,160.977513,888.935711,7535.276877
194.999606,29.901976,10.811998,0.559554,18.105104,6.521295,2.765629,0.212955,599.178094,185.805082,805.457115,7502.077670
203.376698,28.117976,10.324992,0.655499,15.899298,7.232978,2.723293,0.183118,522.544962,94.501495,648.209631,5301.900056
176.107042,22.745044,8.560809,0.629729,12.821097,7.742656,2.656880,0.158687,243.228106,33.825437,285.625628,1883.911342
180.516538,26.506062,12.344666,0.751710,22.183507,6.810387,2.147167,0.271191,1051.961478,1055.045275,2150.715123,24544.330900
96.963603,20.769427,9.162890,0.552013,21.287841,4.668574,2.266690,0.355084,338.380885,418.748089,743.974756,8147.566639
183.244908,32.452379,8.943001,0.633666,11.242568,5.646579,3.628802,0.136412,246.613534,39.335194,287.344124,1661.904064
134.594774,26.307749,8.740026,0.569520,22.638108,5.116165,3.010031,0.320501,564.998418,859.416947,1407.618568,16393.180716
156.998192,29.086677,7.004991,0.594428,10.422726,5.397598,4.152279,0.136627,150.176324,24.823299,167.215542,896.594527
149.994442,24.627263,11.114016,0.785807,12.293395,6.090585,2.215874,0.164869,281.989736,41.450562,330.502189,2090.182781
143.405036,16.949497,4.883482,0.796863,12.000850,8.460725,3.470781,0.164601,148.960812,19.119512,167.148286,1031.934291
135.006929,25.977328,7.798906,0.689452,21.260639,5.197106,3.330894,0.300540,559.442269,859.376400,1439.634793,15745.873357
227.646082,29.222477,7.632243,0.759560,13.373993,7.790102,3.828819,0.145591,432.892042,58.929469,490.749138,3376.437680
110.304699,13.659745,4.016438,0.661915,23.387663,8.075165,3.400960,0.365758,279.395554,260.278370,539.569607,6491.908738
187.319658,25.757604,11.737107,0.640132,21.272110,7.272402,2.194545,0.255283,841.640431,581.038266,1410.341761,15433.806232
85.858439,15.859826,5.608851,0.574803,19.413786,5.413580,2.827643,0.344130,178.657632,224.393295,394.209395,3937.089712
102.879414,20.086394,8.799314,0.597363,12.480267,5.121846,2.282723,0.202099,133.316186,33.390270,171.288084,1099.737772
177.481701,26.814710,9.499930,0.723423,11.681308,6.618819,2.822622,0.144018,266.869229,36.689799,303.101377,1821.450940
225.835005,29.316327,8.519650,0.745016,12.551729,7.703387,3.441025,0.137187,390.343615,51.517967,439.650487,2838.894188
220.209588,33.635153,12.831833,0.776955,13.416255,6.547007,2.621228,0.148497,580.750601,81.999882,695.616134,4801.081246
196.349919,32.996837,11.580610,0.719697,10.722280,5.950568,2.849318,0.125683,303.225071,43.105106,340.801925,1879.867667
139.138595,23.631080,8.073678,0.740420,21.116781,5.887949,2.926929,0.294041,581.894120,816.379831,1391.192900,15113.086828
138.651808,20.113767,9.621085,0.837578,16.213837,6.893378,2.090592,0.226166,395.134186,156.239474,545.546663,4550.465448
158.293750,23.514185,11.687688,0.830435,14.764131,6.731841,2.011877,0.192743,439.723256,86.407052,524.280574,3982.077963
115.746992,12.532169,4.268139,0.788166,23.955726,9.235990,2.936214,0.365728,351.792400,327.772675,690.143877,8505.250130
90.302570,14.515573,5.770319,0.700768,13.927354,6.221082,2.515558,0.240726,114.091267,58.426910,174.690398,1251.629391
150.685636,21.095297,10.238779,0.653806,15.910364,7.143091,2.060333,0.212886,347.240990,95.599054,448.166177,3668.236201
160.193095,23.374233,8.315518,0.742455,17.439087,6.853405,2.810917,0.226311,462.989708,188.025113,644.829218,5785.042601
187.788425,28.821653,10.307831,0.651521,18.501340,6.515533,2.796093,0.221754,653.214950,245.031333,887.674799,8448.803015
224.129480,33.499448,11.598481,0.641114,13.779179,6.690542,2.888262,0.151174,495.179650,75.637779,571.727977,4052.760200
171.957927,32.754443,11.408014,0.699988,14.671007,5.249912,2.871178,0.183761,469.533127,98.358668,544.951767,4112.975229
159.103962,23.023298,10.997579,0.747241,14.230602,6.910564,2.093488,0.185305,357.882657,62.385077,412.965914,3023.260514
190.336398,28.619325,7.645119,0.806330,18.267023,6.650625,3.743477,0.217476,701.521954,260.063573,959.336400,9015.230036
207.446647,23.498177,7.601250,0.739396,13.240671,8.828202,3.091357,0.150994,331.968621,41.508643,374.791625,2552.924521
94.023208,19.316844,5.977189,0.650773,13.639571,4.867421,3.231761,0.231040,126.882228,60.922176,187.240285,1313.826795
100.268710,15.416761,3.792798,0.627855,12.539494,6.503876,4.064746,0.205684,80.315461,20.322411,98.714095,636.791569
144.661659,19.472578,7.261917,0.791807,12.602671,7.428994,2.681465,0.172103,208.488703,29.733460,229.187773,1485.908783
194.887536,29.671358,8.447932,0.689011,22.608885,6.568204,3.512263,0.266006,965.270204,936.958837,1891.511303,22000.177582
162.027549,32.898099,9.258245,0.637601,23.068720,4.925134,3.553384,0.297668,879.562113,1369.635484,2234.626458,26519.573830
81.611782,11.220821,3.931734,0.593679,14.743472,7.273245,2.853912,0.268057,73.412944,54.410852,124.344703,943.116097
190.251131,26.833826,12.202150,0.649698,13.436646,7.089974,2.199106,0.160004,379.132075,54.880556,436.360271,3016.297485
171.180823,30.896448,11.692477,0.788117,19.149754,5.540469,2.642421,0.240403,845.122115,543.825947,1396.240759,13755.032224
127.469259,19.375131,5.119710,0.795713,20.739065,6.579014,3.784420,0.301710,416.234855,620.909502,1007.961357,10754.027905
198.584109,31.966203,8.665161,0.658876,23.873077,6.212315,3.689049,0.278253,1102.182613,1311.020380,2417.552546,29690.835993
173.581480,20.768718,7.150883,0.790043,13.801070,8.357833,2.904357,0.172054,297.871036,41.675467,340.507102,2417.558703
151.450819,26.239256,6.331436,0.582504,16.208679,5.771917,4.144282,0.216329,294.997974,105.752396,405.611841,3382.177162
118.954466,23.046602,8.848726,0.715330,17.902740,5.161475,2.604511,0.269608,370.611094,387.881555,766.238077,7057.019825
74.733380,12.846530,4.781879,0.550480,13.312087,5.817398,2.686503,0.252925,62.845084,38.909186,104.031848,712.443741
165.501347,29.562674,11.628957,0.688769,13.076628,5.598321,2.542160,0.166955,343.924781,57.644699,398.417834,2680.233569
148.548117,20.765211,6.373742,0.802093,12.352538,7.153701,3.257931,0.166466,205.326525,29.140240,241.425913,1534.186591
123.912713,18.056777,8.728339,0.597125,14.345456,6.862394,2.068753,0.211670,192.395533,50.499615,244.743062,1806.187558
227.690659,25.632684,8.778402,0.726746,17.813192,8.882825,2.919971,0.193898,691.154046,133.490632,870.155146,7974.005867
147.750974,30.326340,10.138468,0.673368,13.406003,4.872035,2.991215,0.181150,305.093849,63.268226,373.781782,2577.837565
158.779421,30.312088,9.788437,0.820056,19.682429,5.238155,3.096724,0.256558,798.783859,761.927540,1568.594481,15882.814845
164.141766,23.475304,7.252188,0.560558,17.859581,6.992104,3.236996,0.228963,365.052771,149.675487,521.414735,4790.630532
199.267647,21.349439,9.314643,0.660229,16.624013,9.333624,2.292030,0.193429,462.972798,82.246088,550.627170,4709.031713
137.811728,26.285894,10.660020,0.597607,11.849404,5.242802,2.465839,0.165789,196.097217,33.599472,222.755794,1357.886963
151.127686,19.309331,6.987968,0.611727,15.165811,7.826666,2.763226,0.202627,237.099147,52.470001,298.701125,2330.454440
179.367710,25.273479,10.070034,0.614345,21.582456,7.097072,2.509771,0.264687,737.559156,604.727856,1377.135833,15290.291053
122.592323,20.520407,6.686874,0.610721,18.736614,5.974166,3.068759,0.277948,297.526512,311.287061,631.326871,6085.321012
136.232875,20.641284,9.760617,0.603923,19.315150,6.600019,2.114752,0.271807,415.889447,368.541222,756.216646,7514.194313
209.667095,30.395353,11.289200,0.595743,23.887513,6.897998,2.692428,0.270963,1161.036147,1096.229173,2205.582405,27103.934129
151.225130,28.311686,10.541737,0.803920,19.037421,5.341438,2.685676,0.254273,696.441467,605.691120,1301.009822,12741.682951
211.937069,29.712950,12.017913,0.590411,20.165710,7.132818,2.472388,0.227517,864.072344,345.812102,1225.608805,12714.623111
201.068615,30.749041,7.519077,0.735010,12.675205,6.539021,4.089470,0.146820,349.576449,52.523015,407.502110,2657.192162
180.669883,26.935676,11.329019,0.629290,16.507962,6.707457,2.377582,0.201722,501.339267,120.539353,621.098692,5274.632167
117.366488,21.566113,5.933294,0.818561,18.143072,5.442172,3.634763,0.275069,351.964234,436.288875,769.898940,7185.924579
221.991126,30.427221,9.090829,0.738201,23.699006,7.295807,3.347024,0.261256,1320.874269,1172.789245,2409.957561,29381.748314
168.071981,33.094609,8.669673,0.734474,13.241995,5.078530,3.817284,0.167768,358.910683,66.484641,429.447149,2925.507652
164.545491,23.167263,6.149002,0.572625,18.495497,7.102500,3.767646,0.236824,366.431519,180.125934,536.834219,5107.922511
168.175980,26.137667,9.698036,0.764149,20.216162,6.434238,2.695151,0.256047,747.720164,606.065015,1373.336504,14282.814241
170.564001,31.419199,11.277425,0.808071,16.830304,5.428655,2.786026,0.211666,674.542961,229.658965,915.926506,7930.319477
189.538673,31.144019,10.632700,0.605103,22.024803,6.085877,2.929079,0.262765,909.509854,802.676577,1659.701467,18805.293694
163.364077,25.606940,9.744499,0.701787,11.895068,6.379680,2.627835,0.152859,246.415520,35.274079,275.280408,1684.536119
214.510774,30.400111,7.497024,0.727805,21.633813,7.056250,4.054957,0.242612,990.403749,629.391295,1604.803444,17860.475437
196.328554,32.135674,9.415483,0.694923,14.134942,6.109365,3.413067,0.165694,444.459361,75.353658,501.420735,3646.149045
146.632425,17.967091,7.031868,0.645107,21.124473,8.161167,2.555095,0.286533,434.074050,439.963868,886.836252,9637.567365
105.097347,12.127873,3.827676,0.587077,15.231240,8.665769,3.168469,0.244030,98.911669,45.630582,145.154081,1137.372230
139.461318,25.941483,12.193077,0.820772,11.468417,5.375996,2.127558,0.159507,260.820336,38.171295,301.331779,1777.814833
178.889941,32.259874,8.591756,0.576635,13.795672,5.545277,3.754747,0.169416,320.351778,61.110994,381.201097,2705.422650
160.919692,26.439449,7.582588,0.571402,13.090449,6.086348,3.486864,0.169494,221.891073,39.143210,255.084014,1717.813083
147.791086,28.391460,9.020658,0.830261,22.810303,5.205477,3.147382,0.308184,933.620106,1675.666772,2596.072294,30463.931477
204.622994,28.254219,11.627518,0.738965,18.721126,7.242210,2.429944,0.214960,842.790906,264.296235,1133.445671,10916.182247
182.894563,22.885872,7.356248,0.771094,21.977719,7.991592,3.111079,0.266923,781.280922,712.275650,1507.274335,17041.704749
180.611872,24.038299,11.632611,0.670828,23.372520,7.513505,2.066458,0.285651,972.950007,1055.678314,2052.379868,24677.513155
204.475603,32.750103,11.200636,0.698981,16.530788,6.243510,2.923950,0.189879,675.706642,145.408105,792.592842,6740.340106
191.722212,29.937959,12.118731,0.817398,10.701878,6.403984,2.470387,0.126948,323.812587,41.135912,371.325715,2044.340094
154.837061,23.372200,11.591590,0.840708,20.052873,6.624839,2.016307,0.264693,770.332333,723.243024,1455.599326,15016.079257
120.204885,26.203152,8.083536,0.792104,12.879372,4.587421,3.241546,0.192947,231.771675,56.405778,292.647804,1939.001075
136.380034,21.055913,8.103501,0.583012,13.396112,6.477042,2.598372,0.188411,186.543385,35.818827,227.224779,1565.930802
127.733260,21.760405,10.299587,0.766607,18.867361,5.869985,2.112745,0.274197,483.590926,520.658291,1015.824750,9859.798827
118.643000,24.887975,11.265834,0.697569,13.535041,4.767081,2.209155,0.204100,250.774960,69.768349,311.769909,2170.860354
171.592165,21.836750,10.727977,0.627259,15.813710,7.857953,2.035496,0.198284,387.961891,78.762559,462.657182,3763.840327
118.403370,15.637105,4.467716,0.614612,10.363079,7.571950,3.500022,0.156427,68.534877,9.236258,78.781119,419.999767
153.344249,23.396537,6.504875,0.798789,16.842712,6.554143,3.596770,0.223399,408.906442,167.035754,572.202414,4957.923418
193.074741,30.579510,9.406105,0.785657,18.506868,6.313860,3.251028,0.218763,796.860537,305.018433,1100.142803,10474.181373
93.692943,15.558897,7.265006,0.586430,19.747394,6.021824,2.141622,0.335089,229.186930,282.531545,521.187459,5294.705955
211.409973,26.361255,7.986801,0.791376,14.277883,8.019723,3.300602,0.161289,456.335560,62.912535,516.497960,3793.765840
113.474814,21.781517,10.213210,0.594171,16.976116,5.209684,2.132681,0.261753,289.662494,238.656604,550.369495,4806.520407
144.766408,22.590227,6.798386,0.685352,18.806212,6.408364,3.322881,0.256727,407.555753,318.893589,729.113908,7053.989638
148.316911,20.158634,6.648351,0.632564,15.784285,7.357488,3.032125,0.212879,258.471418,72.635273,336.819556,2735.018774
121.697084,24.245293,10.992721,0.619174,13.434063,5.019411,2.205577,0.200019,223.834048,56.255944,278.448626,1924.378820
164.727406,28.065737,7.078722,0.779671,12.238781,5.869342,3.964803,0.156624,270.578753,42.292138,295.627376,1861.319472
107.523901,16.897353,4.606651,0.679017,22.240209,6.363358,3.668034,0.352282,306.601156,381.850679,698.971509,7997.172261
190.163284,30.440623,9.423669,0.845477,20.109325,6.247023,3.230230,0.239518,993.641316,633.784207,1627.529402,16836.989556
198.139945,27.620495,7.053209,0.770371,13.340263,7.173657,3.916018,0.155662,363.591309,52.670270,399.474504,2741.520846
190.263766,21.150875,8.111187,0.570458,22.226314,8.995551,2.607618,0.264663,634.846390,456.123741,1103.938209,12622.643683
226.249430,31.069202,11.118987,0.811770,13.437227,7.282113,2.794248,0.146730,559.876306,73.747045,634.982832,4389.446255
207.572012,30.681401,12.089070,0.728353,22.852600,6.765402,2.537945,0.260528,1304.644922,1127.574402,2424.390654,28502.064513
163.785597,17.578600,8.682143,0.697070,15.414526,9.317329,2.024685,0.197832,310.965359,56.621647,379.474949,3009.202335
163.896188,32.112388,8.377769,0.596071,23.848343,5.103831,3.833048,0.305969,843.081267,1340.610758,2196.056654,26942.621490
138.861138,17.563897,8.345483,0.691122,13.860769,7.906055,2.104599,0.193197,214.648681,38.458364,256.905985,1831.891131
198.124360,27.581527,10.364910,0.684700,10.952679,7.183227,2.661048,0.127807,261.352075,34.120513,290.644052,1637.645523
168.629951,33.949175,10.298380,0.680636,20.187484,4.967130,3.296555,0.255340,800.774644,716.162292,1519.661383,15782.184919
133.737779,24.572081,11.101748,0.616241,13.055787,5.442672,2.213352,0.185430,231.955558,45.804392,275.345187,1849.348032
159.332848,19.345652,7.321635,0.643005,14.429709,8.236106,2.642258,0.187762,241.115358,41.207541,278.595267,2068.089926
110.287053,18.382165,5.600745,0.701110,22.772129,5.999677,3.282093,0.356160,384.618120,478.022053,852.729848,9989.717659
176.454826,22.584232,7.120784,0.635094,23.628488,7.813187,3.171593,0.292161,707.008498,819.496519,1537.691535,18691.461797
151.491185,25.508540,7.108652,0.682151,14.804556,5.938842,3.588379,0.197563,295.407567,72.038758,374.502625,2852.255065
225.758456,24.405357,9.903268,0.585357,12.242715,9.250365,2.464374,0.133832,291.433881,35.851094,334.162490,2104.619354
222.508101,25.559259,9.679887,0.693112,12.764421,8.705577,2.640450,0.140550,361.704256,44.594100,418.909879,2750.805230
192.557138,30.036358,12.408842,0.840319,12.166302,6.410802,2.420561,0.144007,430.764764,56.529599,492.861685,3084.762781
163.394188,18.723214,5.407832,0.729737,20.012472,8.726824,3.462240,0.257150,439.454814,310.886258,734.530215,7562.206075
178.915207,32.227883,11.437278,0.701822,20.036422,5.551566,2.817793,0.246037,867.447781,609.003540,1472.027874,15173.099754
155.755549,21.947782,7.633838,0.573731,20.765154,7.096642,2.875065,0.273286,466.144469,424.641251,871.068153,9305.193245
207.709135,29.506534,12.125009,0.724662,15.001606,7.039428,2.433527,0.170967,577.507238,90.690996,689.354494,5320.083793
160.791583,23.260748,9.908299,0.694959,19.560537,6.912572,2.347603,0.253369,586.980026,406.255527,976.744645,9828.786667
153.175190,20.312470,8.928310,0.646097,13.281300,7.540944,2.275063,0.176258,226.945816,34.694753,269.014695,1838.038858
168.561534,27.471951,10.339804,0.638350,17.652883,6.135769,2.656912,0.223326,522.672598,203.263299,746.627682,6780.439383
150.763480,23.135205,8.240838,0.553180,17.798269,6.516626,2.807385,0.238086,352.463695,175.493426,525.175960,4808.622784
101.638984,22.330266,8.674128,0.655166,22.022176,4.551624,2.574353,0.358784,430.427378,558.503423,992.752181,11247.064339
158.715347,24.422634,5.860932,0.578178,21.310909,6.498699,4.167022,0.277841,473.149393,511.118894,985.406323,10803.275021
185.331541,29.682397,12.427619,0.732782,14.527925,6.243820,2.388422,0.175280,505.244168,86.031126,593.899049,4438.684905
109.670856,16.402119,5.001476,0.727345,11.299877,6.686383,3.279456,0.177228,95.078558,15.036344,108.163201,628.769338
213.127990,28.424630,8.367375,0.849430,23.651991,7.498004,3.397078,0.266104,1370.496539,1398.182732,2699.114991,32841.819154
103.040748,18.143740,4.691675,0.629024,22.601172,5.679135,3.867220,0.365704,298.806497,331.931925,620.092796,7209.842210
150.855422,16.434353,7.266034,0.741112,11.826684,9.179274,2.261805,0.158156,164.063787,18.887840,178.366435,1085.211095
119.696111,23.914964,7.210057,0.645499,20.122779,5.005072,3.316890,0.302101,394.476129,591.235064,975.043538,10093.692725
176.318623,33.649761,9.630351,0.704696,23.401136,5.239818,3.494136,0.289462,1099.129272,1637.427703,2653.103997,31939.588422
77.578644,16.038685,6.473041,0.583917,17.349960,4.836970,2.477767,0.323542,145.283510,201.886118,347.160147,3098.606610
135.194983,18.971111,6.542905,0.585028,23.824162,7.126361,2.899494,0.336543,465.633401,576.755258,1027.810282,12597.045748
116.494885,18.417180,6.746883,0.638915,15.470544,6.325338,2.729732,0.235427,195.421628,90.988084,281.368339,2239.334228
133.069089,28.923818,9.118970,0.769860,20.510104,4.600675,3.171830,0.292034,654.944699,1054.883031,1725.713341,18208.519274
81.042195,16.399080,7.775703,0.735592,10.105472,4.941874,2.109016,0.184376,73.593020,13.353526,89.964653,467.699212
168.780081,24.346761,6.216648,0.771863,10.141580,6.932342,3.916381,0.128218,166.998757,21.758345,188.307309,982.451012
96.708597,15.135925,5.136306,0.816791,15.036100,6.389342,2.946850,0.251134,157.917189,109.783041,270.175852,2089.872745
142.326128,27.523637,12.126720,0.642397,15.580148,5.171051,2.269669,0.214503,389.648229,131.437977,499.907826,4006.818046
134.721118,19.376474,6.461736,0.593772,18.367669,6.952819,2.998648,0.259920,289.765902,212.499977,505.613197,4777.608305
168.512724,28.295144,11.393146,0.643204,19.856098,5.955535,2.483523,0.251236,698.613434,494.561899,1184.897954,12103.555645
118.284655,16.769712,5.427054,0.701980,10.554548,7.053470,3.090021,0.159397,90.437092,12.176238,99.999829,542.971465
99.301667,17.323122,6.301696,0.757751,12.983518,5.732319,2.748962,0.214002,134.158227,41.604814,174.190778,1163.471220
211.614476,31.136902,12.151519,0.705171,13.067723,6.796260,2.562388,0.147547,455.286377,64.386849,515.358123,3464.552585
172.087678,31.551541,12.872137,0.821708,21.086936,5.454177,2.451150,0.264023,1121.004397,1186.090907,2320.784700,25175.982884
193.920778,31.331876,9.435782,0.613663,18.084679,6.189249,3.320538,0.213306,615.638027,202.983034,818.197447,7612.144694
217.078904,33.518058,10.552826,0.569975,19.660079,6.476476,3.176216,0.219169,816.871054,298.737904,1101.046125,11135.991385
161.447403,22.453579,10.394565,0.755490,22.021860,7.190275,2.160127,0.284670,797.527680,917.051336,1662.187466,18830.945011
147.765852,29.334563,11.961871,0.649174,14.091612,5.037261,2.452339,0.190405,344.687084,77.741105,422.000563,3059.227746
144.598193,26.520258,7.376538,0.737626,16.893342,5.452367,3.595218,0.230748,408.229682,209.987943,618.647025,5376.462479
196.238133,27.912678,12.198907,0.702300,17.500904,7.030430,2.288129,0.205198,695.798206,177.005117,887.368021,7989.182853
178.423650,31.758460,9.978059,0.841686,20.619207,5.618145,3.182830,0.253542,1029.417563,925.716440,2012.303579,21345.363976
221.334818,30.566888,7.595931,0.725777,20.280838,7.240999,4.024113,0.223905,906.043415,375.705434,1304.693255,13612.328307
106.268153,21.773758,8.195927,0.845183,11.104990,4.880561,2.656656,0.176938,151.936993,26.560002,180.740712,1032.552797
149.224969,27.457247,8.924657,0.680051,12.721070,5.434812,3.076560,0.171043,251.255663,44.532309,301.903915,1975.743151
178.572451,30.557404,9.041292,0.800847,22.612109,5.843836,3.379761,0.277931,1090.916737,1430.193426,2481.791948,28869.851918
223.396611,33.631018,12.217968,0.805623,11.914758,6.642577,2.752587,0.130933,477.963909,62.995756,537.310378,3293.430866
110.211927,19.757257,5.796866,0.738689,12.446978,5.578301,3.408265,0.194739,138.250306,31.019897,167.388155,1071.832059
139.103285,25.867741,8.870554,0.671346,22.646922,5.377481,2.916136,0.315387,664.907479,1043.178829,1739.935957,20271.251315
149.621485,18.796534,7.652843,0.731242,19.457355,7.960057,2.456150,0.261271,450.609009,340.244987,799.595239,8003.724095
187.077780,21.550393,8.202777,0.555143,16.595886,8.680945,2.627207,0.199293,359.588747,73.889756,434.252382,3707.496674
161.144013,21.872982,7.584024,0.750898,11.536768,7.367263,2.884087,0.149273,200.436563,25.772638,222.760509,1322.088305
129.282800,25.084552,12.357435,0.692741,22.433983,5.153881,2.029916,0.324071,729.585072,1135.937076,1885.998092,21766.356258
83.158857,11.966316,3.810396,0.561472,21.268037,6.949412,3.140439,0.383069,144.597947,102.852113,251.904236,2756.138112
136.559319,30.303801,11.317211,0.836835,14.473330,4.506343,2.677674,0.203428,426.752016,128.669361,565.933332,4213.779771
165.013252,27.857761,10.658503,0.673594,19.991922,5.923421,2.613666,0.255622,693.506054,546.390671,1237.432874,12726.656179
165.537293,30.964948,11.568797,0.715644,19.545003,5.345957,2.676592,0.249512,774.596022,588.807559,1391.440650,13990.670763
191.391048,27.755332,6.741085,0.701553,22.932966,6.895650,4.117339,0.272272,874.577978,942.289146,1808.442311,21335.508287
147.599829,30.808352,10.727753,0.585100,12.713747,4.790903,2.871836,0.171884,254.122502,49.473931,292.546988,1913.406681
158.020797,22.249642,9.030590,0.731895,11.978696,7.102172,2.463808,0.156515,225.373498,30.178262,254.552925,1568.648863
105.860252,14.650458,7.320897,0.724307,23.119732,7.225730,2.001183,0.369080,394.271564,362.589376,764.546996,9093.374689
214.094315,32.706157,10.925362,0.714975,19.233099,6.545994,2.993599,0.215899,943.619812,327.483796,1346.878066,13326.486347
170.505771,31.658379,10.656979,0.846157,16.750132,5.385802,2.970671,0.210694,689.621895,234.552557,928.800455,8003.477927
156.814024,21.254638,5.732652,0.686633,20.508911,7.377873,3.707645,0.269001,463.179432,429.360417,922.453744,9732.519798
122.128659,20.329504,5.713195,0.660943,15.679938,6.007459,3.558342,0.233045,211.476793,101.519477,307.329891,2479.061236
183.687693,20.362174,6.173844,0.689965,10.326761,9.021026,3.298135,0.125149,147.679244,17.168816,166.387465,883.940112
161.093270,29.368919,12.098460,0.671012,10.054156,5.485162,2.427492,0.130110,203.960908,29.631220,230.277125,1191.062436
148.961782,30.942062,11.100484,0.822109,12.999721,4.814216,2.787452,0.174944,370.654631,68.834563,442.705285,2960.648556
195.016887,30.506173,11.481598,0.829107,10.378969,6.392702,2.656962,0.122074,310.975425,39.355816,350.563241,1871.796754
136.268596,28.379285,12.972003,0.629092,14.381572,4.801692,2.187733,0.202354,334.288252,91.496864,420.722243,3112.719266
199.225574,28.952592,10.703008,0.632300,11.840006,6.881096,2.705089,0.137779,295.938422,41.604673,346.386017,2109.844235
163.430218,19.796586,8.502825,0.843571,11.572776,8.255475,2.328236,0.148688,228.150013,25.674537,249.916543,1487.889458
139.975540,20.578667,6.076755,0.663528,10.624562,6.801973,3.386457,0.147499,118.884078,16.444495,135.645146,741.401382
68.743863,14.228542,5.453217,0.826519,18.008716,4.831406,2.609202,0.356754,165.199448,222.028489,384.904246,3565.936184
176.234056,22.302053,7.167234,0.589812,19.796726,7.902145,3.111668,0.244936,474.155131,257.300688,733.587448,7471.079738
118.517480,12.909081,3.875363,0.768135,23.189374,9.180938,3.331063,0.349866,322.241556,360.172584,679.333354,8104.198461
66.385818,13.102662,5.049274,0.688553,13.377289,5.066590,2.594960,0.269671,71.115559,65.997995,140.596168,967.563975
76.757111,16.451679,7.421935,0.596204,16.984762,4.665610,2.216629,0.318423,153.014159,214.787044,372.828057,3257.662989
192.421509,31.453725,11.315690,0.809265,18.164522,6.117606,2.779656,0.215080,867.120063,305.860281,1195.172523,11168.444005
151.699506,18.273725,4.404239,0.588816,12.683152,8.301510,4.149122,0.169137,130.222043,19.629905,152.246891,993.376158
132.512675,24.360689,8.879831,0.738519,11.734828,5.439611,2.743373,0.167437,196.170112,31.844404,228.831519,1381.435770
188.620649,24.184242,11.603248,0.789747,14.010608,7.799320,2.084265,0.167558,446.555505,60.844246,502.148341,3619.321152
125.340328,14.000144,3.628821,0.639782,23.456459,8.952788,3.858042,0.344129,296.225109,330.749032,638.902330,7709.656662
129.918033,18.130284,8.636394,0.812730,11.366812,7.165802,2.099289,0.163798,167.412394,21.404217,192.316752,1124.589210
178.328498,29.995878,9.466128,0.675974,20.064785,5.945100,3.168759,0.246790,740.112510,508.740814,1277.140863,13182.914141
129.575307,27.397407,10.097447,0.604371,23.656704,4.729473,2.713300,0.341347,681.798126,1020.266610,1714.243784,20862.431417
136.944887,23.315936,5.760122,0.640079,11.038080,5.873446,4.047820,0.154926,128.234562,20.466450,147.290126,836.383181
61.446917,12.570181,3.975372,0.705652,10.650999,4.888308,3.162014,0.223174,39.082593,14.742841,53.191024,291.451834
157.655890,31.180248,11.743973,0.846442,20.786952,5.056274,2.655000,0.271919,996.398873,1263.254292,2306.666475,24666.851594
130.149594,24.498368,8.654321,0.673460,19.889920,5.312582,2.830767,0.286362,473.225864,608.730885,1091.433544,11167.821079
112.407473,23.742268,7.078215,0.787672,12.972921,4.734488,3.354273,0.200976,196.911181,54.305784,261.551744,1745.554865
225.325927,30.471631,8.349795,0.608820,11.259685,7.394613,3.649387,0.123204,266.861299,37.798893,298.862451,1731.154029
140.203244,25.212955,8.678143,0.575692,19.235029,5.560762,2.905340,0.266819,423.404234,391.442725,846.402376,8375.443715
222.052509,29.646371,10.068746,0.827982,23.208229,7.490040,2.944395,0.255810,1467.246012,1207.231687,2614.465285,31214.975189
149.023616,32.511006,8.976287,0.703262,17.864174,4.583790,3.621877,0.240358,544.240257,375.915181,906.123594,8327.381954
161.269170,22.181420,7.743978,0.577793,17.618878,7.270462,2.864344,0.227880,359.234481,138.514368,499.476259,4527.215863
200.045193,30.193554,9.618395,0.609120,18.232340,6.625427,3.139147,0.211730,630.222484,193.627070,840.450713,7883.022503
210.775468,25.837218,7.312797,0.838865,16.537251,8.157824,3.533151,0.187093,611.294308,110.965826,710.797814,6047.104961
218.143492,24.404097,9.721530,0.833703,18.521362,8.938806,2.510314,0.205971,836.007369,199.210498,1036.330191,9874.365106
164.247638,19.810743,5.470708,0.784505,19.387986,8.290837,3.621239,0.248477,466.978474,298.031169,762.968358,7609.871685
215.296637,29.740634,12.339971,0.843686,15.079928,7.239141,2.410106,0.168805,707.219984,103.392369,780.872326,6057.834457
182.642550,29.529629,8.486027,0.819599,23.284530,6.185061,3.479794,0.282989,1152.158091,1598.723644,2783.920114,33347.427925
155.724488,21.849121,7.913436,0.814242,21.358729,7.127265,2.761016,0.281126,682.996635,804.636476,1455.462954,15992.437503
160.673467,20.801191,9.104637,0.716388,20.453558,7.724243,2.284681,0.265033,593.043505,483.665762,1068.042278,11238.165604
126.670092,21.302793,7.828884,0.681207,13.169137,5.946173,2.721051,0.192187,190.476500,39.575365,226.690190,1535.776963
183.110548,25.611146,9.855950,0.757732,14.079106,7.149643,2.598547,0.170892,402.885760,61.041408,479.023868,3469.527659
198.746122,32.828253,12.720344,0.683538,16.746781,6.054118,2.580768,0.195113,702.821464,163.761760,843.771265,7269.326624
115.450175,18.954707,7.557249,0.635358,21.953707,6.090845,2.508149,0.335594,399.370948,531.155155,951.159094,10742.345961
172.198722,30.800787,8.302691,0.570754,15.836759,5.590725,3.709736,0.198223,381.897597,100.484528,489.516472,3988.152103
169.383352,24.949217,11.562795,0.664719,21.538324,6.789125,2.157715,0.271819,794.819649,750.747531,1572.045913,17418.680013
214.580496,33.608058,12.338519,0.722752,12.582703,6.384793,2.723832,0.141086,461.187317,66.078137,536.099924,3470.226295
107.427197,20.518655,5.890354,0.694500,15.475410,5.235587,3.483433,0.245238,197.187756,130.980781,319.860390,2546.482754
200.549271,29.633191,11.048794,0.806280,13.507709,6.767724,2.682029,0.156666,490.548758,68.847466,564.831481,3924.991401
122.943891,14.122629,6.632133,0.627373,23.392649,8.705454,2.129425,0.346521,380.560171,388.337056,758.994419,9133.896783
87.557672,16.601433,6.413145,0.750113,20.405616,5.274103,2.588657,0.358184,273.507069,342.885613,612.484600,6429.585671
131.978116,28.562078,8.890725,0.658441,18.406209,4.620746,3.212570,0.263158,448.617349,451.213680,904.859264,8568.079762
229.967224,30.150377,11.233675,0.561302,11.210975,7.627342,2.683928,0.121427,288.298931,39.410174,324.142481,1869.465386
142.285070,24.202029,11.772065,0.634136,18.292105,5.879055,2.055886,0.251876,482.484049,329.620362,811.962029,7640.776969
203.347518,28.202351,12.902513,0.676615,22.553665,7.210304,2.185803,0.259777,1158.748793,905.226773,2100.560375,24371.957083
186.984348,25.777971,7.569665,0.849782,10.508493,7.253649,3.405431,0.126224,241.428767,29.168301,271.887374,1469.831555
172.546233,31.092596,10.844251,0.834668,23.807448,5.549431,2.867196,0.297690,1323.164808,2194.833453,3464.780495,42435.240806
134.081861,21.758561,9.948590,0.808405,19.251879,6.162258,2.187100,0.273081,541.778324,582.532750,1122.041898,11112.717980
146.769758,30.881335,11.405124,0.623310,20.857997,4.752701,2.707672,0.282786,694.338688,894.430985,1592.591472,17088.938627
154.443234,18.851771,5.498862,0.668841,18.613385,8.192505,3.428304,0.246005,339.504357,189.798740,524.154665,5019.066159
170.457676,23.456734,5.933684,0.581252,16.351703,7.266897,3.953149,0.205711,301.289150,78.953517,382.534503,3217.893737
150.892179,21.711858,6.465818,0.770877,18.478063,6.949759,3.357944,0.247074,439.239271,288.869008,727.018149,6910.982745
137.229009,27.868997,7.975993,0.825702,23.255113,4.924074,3.494110,0.326061,852.434448,1616.313167,2521.455220,30165.311393
161.605373,28.400959,11.186263,0.690228,10.019239,5.690138,2.538914,0.129452,196.879509,27.887292,222.225624,1145.425787
185.098469,25.128372,7.158756,0.741797,13.017865,7.366115,3.510159,0.157160,297.522166,42.113522,351.830127,2356.193263
148.196151,26.097168,7.343319,0.560316,10.259108,5.678630,3.553865,0.138419,126.153319,19.967069,145.429298,767.537508
163.926572,26.185654,12.625529,0.723075,23.852999,6.260167,2.074024,0.306000,1076.920686,1554.116483,2667.071419,32727.718729
169.874704,25.532754,6.332260,0.573452,19.625569,6.653207,4.032171,0.247321,452.398114,290.271401,762.905104,7702.485322
96.912125,17.827136,6.519305,0.677920,18.607837,5.436214,2.734515,0.310463,239.838563,343.869421,599.831190,5741.998081
172.784848,31.685225,11.659204,0.558456,14.525874,5.453168,2.717615,0.181507,381.438201,78.228057,449.898529,3361.978601
222.776042,30.960916,7.764061,0.609077,18.427928,7.195396,3.987722,0.202790,653.799357,171.858611,820.373351,7777.251742
180.782358,29.388878,11.929517,0.578853,22.596217,6.151387,2.463543,0.276033,910.485362,940.632233,1825.697505,21222.799221
144.126824,29.214703,10.569616,0.773671,14.767934,4.933366,2.764027,0.202046,406.934388,114.433710,525.302570,3990.868230
228.183921,32.048247,8.538014,0.629615,13.145115,7.120013,3.753595,0.142931,386.675010,58.165575,439.538728,2972.347941
84.366168,11.572110,3.739303,0.799106,10.324037,7.290474,3.094724,0.184616,50.762650,7.816835,57.986066,307.972059
90.575767,12.308308,4.655292,0.685063,19.858799,7.358913,2.643939,0.342729,180.029391,207.501301,382.715022,3909.908428
149.250756,27.998283,12.550070,0.624261,19.672766,5.330711,2.230926,0.264491,631.501030,577.904218,1174.895390,11890.571303
194.637044,23.621473,10.634994,0.760324,16.306768,8.239835,2.221108,0.191981,557.060578,102.012262,676.384112,5674.131444
179.223774,31.004700,11.038845,0.703682,12.307712,5.780536,2.808691,0.151002,335.879615,51.525751,391.277779,2477.425543
200.212511,22.196825,5.795529,0.753805,10.590686,9.019871,3.829992,0.122937,187.699590,21.845539,203.206775,1107.134491
160.122617,17.970731,5.128730,0.802113,10.731466,8.910189,3.503934,0.139295,141.468473,15.845144,159.308990,879.503215
168.100351,25.387553,9.069447,0.667933,21.777666,6.621369,2.799239,0.275887,724.024986,757.201629,1463.272600,16393.612769
186.665252,23.253651,8.831239,0.791753,14.491303,8.027352,2.633113,0.174213,407.233327,59.591257,472.539885,3522.767887
117.991611,17.740684,8.570816,0.712268,19.075109,6.650905,2.069894,0.288433,354.769798,403.860663,755.215268,7410.984267
96.259405,16.042154,4.230339,0.656556,16.762791,6.000404,3.792167,0.280626,148.866410,163.238441,315.341564,2719.353473
124.117397,18.262884,7.370227,0.772444,12.690564,6.796155,2.477927,0.187098,175.309160,30.624006,202.014391,1318.867977
191.714240,29.864713,10.220096,0.563695,22.675847,6.419423,2.922156,0.268992,880.688704,823.649318,1705.673269,19897.452087
78.115286,12.068610,4.756549,0.627201,17.234117,6.472600,2.537262,0.320276,112.876710,138.117136,241.396731,2140.220577
104.557462,16.641218,6.778320,0.759123,21.567811,6.283041,2.455065,0.346443,367.279184,482.929140,857.071007,9509.572116
121.712265,20.370029,5.912977,0.759668,17.877180,5.975066,3.444970,0.266156,313.601869,308.220577,634.145868,5832.117933
88.566009,13.075071,4.806342,0.825242,23.426850,6.773654,2.720379,0.408869,302.673749,155.519992,469.268382,5655.529809
155.702019,30.562480,12.663356,0.674049,14.177708,5.094548,2.413458,0.186622,395.420233,84.476583,469.711159,3425.902710
167.059139,20.574314,10.165417,0.703365,17.508360,8.119792,2.023952,0.222492,474.673521,154.659694,632.355716,5695.672748
108.614405,17.265696,6.622608,0.638738,20.494103,6.290763,2.607084,0.322990,298.469418,399.212659,687.351545,7246.794408
213.734122,30.403127,12.826908,0.661538,20.158661,7.030005,2.370261,0.226479,995.160322,400.237700,1406.448290,14585.575108
217.906808,27.347876,7.475939,0.663056,13.950225,7.967961,3.658119,0.155221,374.733664,54.062235,434.804609,3120.422801
194.941177,27.449853,11.422550,0.610120,22.819105,7.101720,2.403128,0.268442,973.722807,854.782007,1856.248924,21790.787546
153.057618,21.064454,6.221866,0.697653,11.771305,7.266156,3.385553,0.156279,166.941887,23.186155,188.253832,1140.004492
135.906879,27.819578,7.789380,0.652832,23.753496,4.885296,3.571475,0.334665,686.510910,1125.785205,1829.462453,22355.745326
132.384476,23.157067,5.738925,0.559959,10.402226,5.716807,4.035088,0.148495,98.562624,15.985040,113.245863,606.019704
141.843641,28.971985,8.572826,0.714180,19.877759,4.895890,3.379514,0.274136,591.183377,727.807800,1342.404361,13727.418877
177.750470,24.605724,5.994835,0.752820,17.856037,7.223948,4.104487,0.219980,488.623993,180.846070,673.807579,6189.550109
125.756606,27.884296,9.739485,0.811934,15.473274,4.509944,2.863015,0.226632,390.151428,197.016680,593.193772,4721.901166
150.502082,32.167308,10.001131,0.643803,13.398815,4.678728,3.216367,0.179390,306.078649,64.858671,365.911903,2522.208763
142.409404,17.285715,4.344502,0.631035,16.672878,8.238560,3.978756,0.229480,210.550393,81.808014,294.107029,2522.633085
124.902350,16.121969,7.326216,0.565834,12.842370,7.747339,2.200586,0.188740,130.528180,22.171806,150.746565,995.934379
93.456785,17.902715,4.629716,0.674501,18.060850,5.220258,3.866915,0.306857,190.039225,285.233523,480.919337,4468.363942
127.910982,27.929270,12.247558,0.719230,21.716673,4.579818,2.280395,0.315386,737.682280,1251.966312,1982.623319,22149.891508
106.843137,22.400695,11.131955,0.780718,21.102476,4.769635,2.012288,0.335323,548.915306,893.340713,1408.033683,15285.673246
163.413036,33.721378,10.228685,0.804329,13.458743,4.845977,3.296746,0.172928,427.519092,80.947581,521.375577,3609.884452
219.235613,26.415841,7.963121,0.849655,11.225745,8.299399,3.317272,0.124527,324.319100,37.275384,340.982474,1969.179555
102.107286,21.742584,10.804606,0.555618,20.533569,4.696189,2.012344,0.333764,372.468318,527.262705,900.001312,9507.048036
163.529561,29.271596,7.800652,0.636812,19.497478,5.586629,3.752455,0.250429,560.760256,423.378854,987.837246,9908.363611
122.609211,24.453445,8.196224,0.550868,23.735162,5.013985,2.983501,0.352074,518.107051,683.410291,1201.704204,14673.303145
173.794582,26.493712,6.326564,0.616371,18.493153,6.559843,4.187693,0.230407,449.714147,209.596104,647.917818,6164.090153
133.330886,23.184653,5.768724,0.848712,15.158672,5.750825,4.019026,0.215625,304.230731,112.032887,414.161009,3229.746711
110.741346,24.556672,11.004872,0.554689,14.655920,4.509623,2.231436,0.228750,226.072327,103.737881,336.570094,2537.620696
128.532193,26.444422,6.816196,0.754010,11.040574,4.860465,3.879645,0.159952,165.024276,27.971164,185.197625,1051.877475
160.367300,29.280149,11.527759,0.763674,15.974442,5.476997,2.539969,0.207191,530.945066,158.203403,677.094641,5564.333731
137.113007,14.616782,6.513590,0.605809,21.564628,9.380519,2.244044,0.302487,351.844892,359.785794,710.974733,7887.406729
207.223070,30.443221,7.713368,0.809557,13.539277,6.806871,3.946813,0.154483,451.858072,66.305469,512.409835,3569.036846
181.565267,27.219256,6.558806,0.551657,10.285008,6.670471,4.150032,0.125369,145.500894,22.022041,167.467129,886.078764
93.681608,17.586098,7.226110,0.561815,22.865325,5.327026,2.433688,0.388020,308.827939,232.738771,539.295006,6343.689007
162.449598,31.357693,10.373816,0.657880,20.659914,5.180534,3.022773,0.266240,751.852983,771.862951,1501.019290,15953.386554
99.694417,13.362244,3.916597,0.847547,23.810017,7.460904,3.411698,0.391677,333.228315,237.876447,580.875550,7115.098270
141.985378,18.506662,6.049429,0.730568,14.274245,7.672123,3.059241,0.196759,214.741530,43.490204,253.819394,1863.871902
139.529119,20.706202,9.434528,0.738563,12.630138,6.738518,2.194726,0.175622,221.742531,34.136836,255.236967,1658.401834
209.541870,23.468362,6.399109,0.834178,16.615381,8.928696,3.667442,0.188529,545.982121,97.175441,644.821259,5511.727764
131.259401,24.370332,10.861275,0.787445,11.964226,5.386032,2.243782,0.171523,235.460340,38.255077,271.130457,1668.787489
164.745839,21.419263,9.152746,0.682521,12.822205,7.691480,2.340201,0.164081,246.161229,33.824346,289.310712,1908.382140
227.199731,31.382148,7.704400,0.793105,20.433666,7.239776,4.073276,0.222662,1057.572353,440.428384,1479.566893,15553.172817
216.303009,28.480083,7.286921,0.842743,22.863319,7.594887,3.908383,0.255336,1232.573555,1044.944295,2249.970433,26463.920971
172.538503,33.633773,12.165194,0.561557,23.474767,5.129918,2.764754,0.293536,992.543909,1374.099690,2385.178816,28804.500498
192.649814,28.403205,7.982001,0.741014,21.097934,6.782679,3.558406,0.249666,858.294835,625.096111,1489.706075,16168.831185
145.201820,15.638322,7.060338,0.676992,19.102066,9.285000,2.214954,0.260374,346.511355,224.972195,569.051834,5592.040206
165.542184,29.050670,11.277233,0.725324,10.920612,5.698395,2.576046,0.139411,251.016432,35.957910,285.476878,1603.821409
165.119300,18.880538,7.450005,0.826125,21.668966,8.745476,2.534299,0.276976,670.857126,675.363412,1362.456496,15187.941998
174.535757,19.221023,8.925138,0.761510,20.461384,9.080462,2.153583,0.254388,640.891136,409.748604,1068.439496,11246.646281
211.284658,30.988336,7.589997,0.798176,20.685976,6.818199,4.082786,0.233747,1009.786996,555.990455,1525.740476,16236.588359
165.232271,29.503570,11.891809,0.839357,12.831857,5.600416,2.480999,0.163963,404.718083,62.302327,484.478746,3198.175903
212.903799,30.965690,10.837631,0.827527,18.348012,6.875474,2.857238,0.206538,961.232837,269.878506,1256.326257,11858.494430
188.812247,23.894304,11.053933,0.794430,17.320441,7.901977,2.161611,0.207037,649.510609,161.272895,802.387556,7149.591711
215.517638,29.967243,12.616080,0.569687,21.561834,7.191774,2.375321,0.241239,998.259036,527.340471,1513.778235,16791.367516
229.669619,27.051254,8.217336,0.592781,16.987172,8.490165,3.291974,0.184108,532.210345,94.921247,637.653621,5572.422331
152.263442,16.112700,6.019268,0.707095,16.946189,9.449902,2.676854,0.225568,281.288573,91.740714,378.239428,3297.440425
173.811290,31.706234,9.511079,0.736149,17.372885,5.481928,3.333611,0.216440,620.943892,235.781573,876.899352,7837.179527
167.738497,26.217035,9.518248,0.630271,13.415542,6.398073,2.754397,0.170136,288.366779,47.624083,335.508934,2315.529959
212.225046,23.894676,11.213968,0.584411,19.597527,8.881688,2.130796,0.220956,707.840124,215.801055,911.749405,9192.102616
144.570929,27.503355,12.092779,0.561785,11.702396,5.256483,2.274362,0.159859,208.735128,34.999492,252.252462,1518.617220
218.735362,23.490210,11.675027,0.791348,16.758611,9.311767,2.012005,0.186115,704.005546,110.898763,812.467636,7004.581678
185.682038,25.668506,7.175468,0.627090,14.836156,7.233847,3.577259,0.178830,329.571503,58.350874,395.684628,3020.012009
174.248653,33.957801,10.632091,0.572814,11.579531,5.131329,3.193897,0.144082,253.880918,43.480362,292.373781,1741.676531
90.457053,14.623163,5.196177,0.639456,22.914775,6.185875,2.814215,0.395729,256.260854,163.036836,430.405281,5073.776155
131.809068,27.536184,9.041096,0.724731,15.297167,4.786759,3.045669,0.218848,341.229853,137.367769,473.789903,3728.506686
207.855898,32.527025,11.713337,0.813239,10.968823,6.390252,2.776922,0.124963,374.055690,48.886830,420.528582,2372.977626
227.976141,33.715708,11.286312,0.831576,13.412076,6.761719,2.987310,0.145900,609.322924,83.214884,704.063525,4857.870684
218.910523,32.907859,11.933396,0.776673,21.513297,6.652226,2.757627,0.238824,1342.219740,789.378162,2097.167066,23210.159029
171.803518,28.097355,7.584904,0.686494,21.111599,6.114580,3.704378,0.264551,702.726221,680.540440,1369.069770,14869.104408
177.417904,23.571402,9.114792,0.593233,13.556921,7.526829,2.586060,0.167173,272.505605,40.998305,320.696146,2236.623710
89.616004,12.076422,4.113254,0.708756,17.305406,7.420741,2.935978,0.300257,132.991422,155.645397,290.451398,2585.790635
162.055414,20.152753,9.636195,0.685736,12.489175,8.041354,2.091360,0.161141,231.114888,29.950477,256.919448,1650.702590
162.859911,26.452652,8.157234,0.828406,19.221388,6.156657,3.242846,0.247389,675.790737,498.199081,1165.565049,11525.489297
101.779113,20.410459,7.880903,0.816366,15.043038,4.986616,2.589863,0.244912,235.823840,163.080744,392.270082,3035.699944
97.963973,18.293283,7.443016,0.664033,17.210334,5.355188,2.457778,0.285601,221.962409,261.211440,474.537303,4201.436199
159.059300,29.579637,10.154865,0.596840,23.403547,5.377324,2.912854,0.304794,824.548850,1212.691534,1970.457870,23723.946911
221.095679,27.920684,10.044249,0.593350,15.123622,7.918706,2.779768,0.167059,463.382572,71.197003,537.591968,4182.603471
121.251160,20.577985,8.392476,0.779846,11.549104,5.892276,2.451956,0.172270,164.843678,25.625140,185.115998,1099.842140
190.563774,33.500027,10.435578,0.694288,19.131547,5.688466,3.210174,0.227632,817.419269,389.012689,1202.921713,11839.287322
97.161894,16.552009,7.999500,0.714805,11.851788,5.870097,2.069131,0.197487,115.112151,24.256834,139.974539,853.436099
152.003930,30.554659,7.469970,0.707339,15.200444,4.974820,4.090332,0.202503,369.202650,110.750372,493.840633,3861.723682
214.159690,28.928221,10.189010,0.786310,22.533628,7.403141,2.839159,0.252910,1261.184285,950.181032,2205.435115,25566.043331
117.697793,13.826869,5.915357,0.693709,13.444132,8.512252,2.337453,0.203541,131.171418,26.542716,161.150689,1114.558934
221.047709,26.848777,12.774260,0.742151,20.742228,8.233064,2.101787,0.229148,1119.234808,450.889991,1551.395920,16554.503558
159.933550,18.919258,7.214253,0.644760,13.685916,8.453479,2.622483,0.177749,215.429694,32.208238,246.754843,1737.311422
151.908888,19.829774,9.892201,0.702350,22.551098,7.660646,2.004587,0.300524,680.093761,825.208028,1540.846823,17875.791235
174.206582,28.529119,8.841790,0.805224,16.448538,6.106273,3.226622,0.204691,560.636324,157.510586,741.900129,6277.848982
178.658467,26.002069,10.328637,0.736491,15.063076,6.870933,2.517474,0.185100,448.979629,81.674552,544.360967,4218.312556
169.298601,30.546480,12.599433,0.580781,10.681794,5.542328,2.424433,0.134841,221.644588,34.105288,253.376546,1392.350937
125.256886,20.655741,7.084011,0.647335,15.335282,6.064023,2.915826,0.225058,225.332410,87.883616,315.507368,2489.083049
173.658384,26.937084,10.140824,0.668907,17.933368,6.446815,2.656301,0.223521,563.385331,217.624035,767.038353,7076.476195
122.679254,24.328288,8.712173,0.748714,14.337057,5.042659,2.792448,0.212607,268.302879,89.956345,365.218352,2693.709204
157.104299,27.261123,7.187329,0.592133,22.591090,5.762943,3.792942,0.296038,620.570982,857.565842,1447.361421,16821.018213
206.966121,26.165488,10.076856,0.709300,13.960286,7.909889,2.596593,0.159385,423.554510,58.106168,489.219673,3513.470648
192.983489,31.811637,11.369604,0.793786,19.875520,6.066443,2.797955,0.234997,1017.960998,570.034342,1548.969702,15837.970672
219.889963,24.741404,7.338113,0.763860,16.456848,8.887530,3.371630,0.182284,552.492234,90.450721,649.164736,5495.910849
93.517336,12.317663,5.601760,0.559888,22.750941,7.592133,2.198892,0.386418,224.675177,141.974257,359.851398,4211.731382
214.494212,29.641469,9.957520,0.595140,13.649450,7.236288,2.976792,0.153077,383.576039,57.518685,447.617104,3143.112595
175.902283,29.507925,8.674732,0.713297,23.555294,5.961188,3.401595,0.291713,993.739586,1415.500437,2424.479519,29379.550999
112.258356,18.104815,6.290858,0.720258,22.410644,6.200470,2.877957,0.347415,404.734987,534.011576,910.727213,10499.793299
210.285741,22.970990,9.944853,0.726950,22.615419,9.154405,2.309837,0.256155,1008.236656,676.646764,1678.548355,19528.847331
178.592020,31.429725,7.666410,0.775666,19.487571,5.682265,4.099667,0.239514,766.194518,508.439950,1282.092821,12853.319187
138.362296,29.406544,9.628484,0.551837,20.042968,4.705153,3.054120,0.279870,499.842939,608.450183,1121.147409,11560.133419
185.998885,28.895266,11.229963,0.768552,17.976442,6.437002,2.573051,0.216497,743.575152,256.479962,994.136170,9193.645022
176.838949,26.528397,12.248128,0.565367,15.289824,6.666025,2.165914,0.188850,408.013557,80.195241,487.663108,3835.839981
174.482223,28.698406,8.829938,0.705768,21.612643,6.079858,3.250126,0.268742,822.629233,853.009877,1686.695734,18753.517624
165.750501,31.293273,8.065782,0.735037,13.961087,5.296681,3.879757,0.178113,368.100513,73.753217,450.400706,3234.866796
157.261945,17.007944,7.741642,0.811580,16.930716,9.246382,2.196943,0.221752,381.680948,118.195017,501.479869,4367.842059
151.186120,31.669052,12.634275,0.704017,15.190071,4.773939,2.506598,0.202912,463.807742,133.749250,602.232851,4706.112952
147.424365,28.706268,12.764819,0.702392,12.724283,5.135616,2.248858,0.172128,310.172664,54.653394,358.382236,2345.945435
107.544075,22.282391,7.170021,0.728813,10.830036,4.826415,3.107716,0.171530,120.726806,21.198364,140.022757,780.129373
151.083522,21.506393,8.163824,0.578070,12.855957,7.025052,2.634353,0.171791,190.112693,30.032039,208.479494,1378.814574
108.609605,23.060038,8.845152,0.805293,13.409926,4.709862,2.607082,0.211347,223.747054,74.348514,287.081802,1980.478546
169.250385,24.108613,7.372848,0.762058,11.678774,7.020329,3.269919,0.147447,227.646758,30.443581,254.234542,1527.460199
176.881806,32.593005,11.743517,0.635261,20.628228,5.426987,2.775404,0.254756,846.973156,686.032953,1543.970174,16384.716887
184.831192,31.436153,9.781124,0.581602,21.662328,5.879574,3.213961,0.261710,807.741220,711.233151,1543.734721,17203.464350
79.410524,13.818321,6.157507,0.691736,19.517126,5.746756,2.244142,0.359733,191.227129,208.974673,389.864296,3914.420151
139.170237,15.133305,5.358356,0.645389,22.758339,9.196288,2.824244,0.316863,382.285905,440.981486,813.621918,9525.796538
220.597162,27.162742,7.478847,0.612471,19.357642,8.121314,3.631942,0.214070,649.913681,195.192878,820.481869,8170.705464
208.378278,26.151820,12.836032,0.780709,11.335065,7.968022,2.037376,0.128974,354.160363,40.836826,386.559980,2254.130265
101.760547,17.764689,7.293877,0.744132,16.446092,5.728248,2.435562,0.267779,227.149229,214.652193,444.670771,3762.178509
132.950816,24.883355,10.428300,0.595121,22.656738,5.342962,2.386137,0.322742,615.163865,898.526402,1503.505198,17524.289589
124.794172,24.536034,9.433418,0.772402,14.419794,5.086159,2.600970,0.212014,295.258140,97.331039,382.488647,2837.368231
87.829846,18.555892,6.992335,0.754629,14.137218,4.733259,2.653748,0.247769,153.608287,109.162511,264.286657,1922.105855
140.413326,26.374398,7.054930,0.562501,20.456461,5.323850,3.738435,0.283550,435.810143,536.825868,1005.611060,10582.752791
94.949454,15.139943,3.787217,0.673732,18.965614,6.271454,3.997643,0.319686,175.616973,249.621976,407.234652,3973.285226
128.255144,22.133729,6.279572,0.604615,19.341292,5.794556,3.524720,0.280512,330.638261,372.468677,715.570362,7119.933433
158.315363,31.098779,12.311272,0.638813,21.704933,5.090726,2.526041,0.283335,849.149728,1078.232392,1916.095132,21395.065279
203.280588,29.042893,12.791202,0.842620,23.788891,6.999323,2.270537,0.274050,1587.695102,1791.671656,3396.140939,41562.150954
168.205899,20.420760,7.905773,0.601458,11.362139,8.237005,2.583019,0.143894,163.421624,20.733221,177.314899,1036.438246
185.824193,25.740915,7.306824,0.830393,23.430281,7.219020,3.522860,0.282312,1040.118579,1334.080889,2377.610588,28658.690262
197.536371,25.875116,11.539861,0.826205,15.421737,7.634222,2.242238,0.180224,601.396052,95.595241,705.572253,5597.742065
196.512345,28.426885,12.095720,0.834795,22.957413,6.912905,2.350161,0.268987,1375.504867,1433.066250,2734.969657,32300.821791
124.162041,19.188007,5.411261,0.656272,11.667258,6.470815,3.545940,0.171980,115.661869,18.695034,136.598721,819.886113
165.687930,23.134334,8.645370,0.821165,10.488463,7.161993,2.675922,0.133835,205.551960,24.476756,226.759406,1223.531856
226.257161,33.833302,9.151793,0.702563,21.892349,6.687410,3.696904,0.239053,1180.055076,700.779856,1914.575591,21562.692422
127.179516,17.187327,8.261228,0.620362,17.188737,7.399610,2.080481,0.250345,269.263947,153.595432,428.696563,3790.810562
174.753236,28.846096,10.375998,0.569655,15.931605,6.058124,2.780079,0.197948,417.764382,101.030932,516.057214,4229.563055
221.063845,27.946201,8.098446,0.601975,13.707879,7.910336,3.450810,0.151431,352.825474,51.296245,403.683629,2846.751221
175.645049,27.863566,11.884264,0.641276,21.300352,6.303753,2.344576,0.263981,835.670801,724.717101,1561.978733,17115.910027
106.940977,21.236283,8.457206,0.823357,21.011718,5.035767,2.511028,0.333728,490.006375,822.261007,1295.619331,14004.805956
102.182766,18.740938,5.420530,0.803271,18.030793,5.452383,3.457399,0.292974,266.998327,391.359139,660.107501,6123.046973
157.092210,33.951974,9.488299,0.664108,18.594105,4.626895,3.578299,0.243670,610.414719,444.141441,1015.056773,9709.653100
166.707575,30.794409,8.469420,0.574536,22.942127,5.413566,3.635953,0.291850,755.464752,1037.001045,1765.654859,20839.034878
97.338966,13.401394,5.487687,0.752487,19.353657,7.263346,2.442084,0.322198,225.027828,294.738605,516.135356,5138.836009
209.719667,29.868446,8.214331,0.674862,10.246172,7.021445,3.636139,0.116211,226.461563,31.105552,260.322172,1372.179448
145.725838,25.585355,10.977364,0.840524,13.315037,5.695674,2.330738,0.181166,346.918854,61.858064,405.323638,2776.402482
163.122062,18.368878,6.780970,0.828777,22.314113,8.880350,2.708887,0.286964,665.257551,758.599872,1408.206460,16165.311135
156.818585,26.810696,9.828866,0.741402,11.302476,5.849105,2.727751,0.148244,234.341100,33.709292,278.003128,1616.446711
129.539997,22.995254,10.576648,0.596967,15.510195,5.633336,2.174153,0.223830,287.444585,109.035494,401.395487,3202.785533
151.212773,27.127558,10.130532,0.747297,16.568779,5.574139,2.677802,0.221309,478.385981,190.885945,649.877218,5539.364136
181.660848,23.512670,9.604283,0.593845,12.402567,7.726083,2.448144,0.151142,241.732286,32.913944,281.074839,1793.377209
97.299941,16.972126,4.707041,0.799566,19.799980,5.732926,3.605689,0.329695,270.369519,434.187322,693.345758,7062.406752
140.287624,24.430666,10.093816,0.683358,13.851541,5.742276,2.420360,0.192084,278.582615,59.223944,341.030926,2430.132621
197.207946,28.382628,10.285501,0.644620,13.123199,6.948192,2.759479,0.153490,351.012068,51.444437,400.810580,2705.932806
147.849305,16.669997,5.492903,0.833251,22.563960,8.869186,3.034824,0.304796,543.178765,718.312973,1253.116700,14546.045522
115.407672,22.997886,8.397426,0.762624,20.257298,5.018186,2.738683,0.309719,472.026022,776.160779,1288.391196,13426.640607
127.546007,27.965281,12.804209,0.566643,20.527103,4.560870,2.184069,0.298537,562.616641,797.501991,1330.970330,14055.106376
143.722601,19.938775,8.971632,0.634879,14.308284,7.208196,2.222425,0.196033,242.060912,48.402191,296.223286,2180.443619
138.956514,19.282085,4.733742,0.678230,20.203676,7.206509,4.073328,0.281510,350.557012,387.915555,728.037296,7566.971861
105.831406,12.659939,4.340334,0.687366,21.357395,8.359551,2.916812,0.340992,232.803173,264.350378,497.468623,5465.779148
139.501769,22.114592,5.599423,0.709268,17.212902,6.308132,3.949441,0.239369,316.450943,181.374959,494.318031,4377.222864
215.248392,26.838664,10.424121,0.572973,23.431131,8.020086,2.574669,0.262317,1003.109679,752.888248,1766.966735,21299.025746
210.073734,23.105415,6.592568,0.645418,22.679146,9.091970,3.504767,0.257007,757.184071,519.669779,1277.063346,14899.690601
189.358384,25.108266,10.987655,0.607168,20.583741,7.541675,2.285134,0.245689,731.312428,406.150455,1137.877765,12049.195098
176.169686,30.816647,8.737457,0.690506,10.045730,5.716705,3.526958,0.124314,200.632190,29.784396,226.069829,1168.321025
181.776642,27.703098,12.573875,0.821247,21.458294,6.561600,2.203227,0.261415,1117.621314,1020.137412,2079.854086,22959.697236
124.230192,17.247308,5.184021,0.780410,16.070776,7.202874,3.327014,0.236825,230.118499,114.857172,337.388371,2789.363220
175.782828,24.359415,9.783497,0.572249,15.393680,7.216217,2.489847,0.190703,352.256722,68.826968,424.318534,3360.257482
82.125774,13.035350,5.138260,0.827536,18.480761,6.300235,2.536919,0.334953,187.331200,265.001532,447.531359,4254.822307
186.356440,26.990121,6.856167,0.684362,13.384555,6.904617,3.936619,0.161041,299.583650,46.918077,339.386977,2336.884399
150.350430,18.768582,5.510105,0.564532,20.577055,8.010751,3.406211,0.275635,345.573558,309.259191,632.161519,6691.898991
104.544926,19.824569,8.070100,0.742627,23.692303,5.273503,2.456546,0.380592,512.148941,485.434254,977.987040,11920.061217
163.013494,21.573717,10.533827,0.722263,21.480731,7.556115,2.048042,0.276338,727.615808,712.405962,1383.340597,15286.789560
121.851348,15.942081,5.789432,0.786797,18.491301,7.643378,2.753652,0.275141,295.981912,290.117619,577.245161,5491.182530
95.546497,12.353339,3.804929,0.673769,18.294995,7.734467,3.246667,0.307417,145.802336,173.815878,323.186000,3041.745988
103.161988,21.994877,10.245746,0.757444,18.297249,4.690274,2.146733,0.295889,376.636295,561.154878,930.026547,8754.256202
131.448293,20.151418,5.345219,0.676111,17.170878,6.523029,3.769990,0.245991,264.345693,165.062642,422.236334,3729.805677
139.565146,18.220870,6.425979,0.704112,13.786955,7.659631,2.835501,0.191683,194.724889,35.815660,231.495344,1641.907641
127.104641,19.019353,7.733176,0.677516,16.707445,6.682911,2.459449,0.243407,277.874900,152.407488,446.861447,3840.794139
71.447348,15.345579,7.670105,0.817947,11.744048,4.655891,2.000700,0.228207,92.722041,41.326008,131.828001,796.459307
209.356156,28.947282,8.852239,0.637940,11.810715,7.232325,3.270052,0.134072,283.856852,39.746804,327.449106,1989.564833
206.794362,22.110107,9.402588,0.655684,10.446877,9.352934,2.351492,0.119322,203.230827,22.883547,228.998150,1230.712383
151.175578,22.628691,10.041604,0.583801,11.828885,6.680704,2.253494,0.158018,187.537669,27.358599,223.065906,1357.422683
119.631973,13.060736,4.496729,0.677394,11.178843,9.159666,2.904497,0.167871,78.495034,9.759755,89.401331,514.137101
160.349370,23.032267,9.019573,0.834149,15.249185,6.961945,2.553587,0.197796,416.239284,90.745189,507.352259,3980.103196
184.221768,30.532258,9.515208,0.712651,13.964495,6.033676,3.208785,0.168989,410.157076,69.909182,472.749587,3396.209665
128.931614,28.447155,10.854480,0.822077,14.620088,4.532320,2.620776,0.211482,384.436906,135.739558,530.489227,3989.924304
216.452944,28.088462,12.406105,0.791688,11.082631,7.706116,2.264084,0.123727,362.909809,42.641544,413.402322,2356.969057
206.756664,23.612146,6.167419,0.817183,15.902997,8.756369,3.828529,0.181657,481.424443,78.611962,573.696788,4693.529033
210.930005,24.773963,7.593971,0.643754,17.691598,8.514181,3.262320,0.200079,525.807950,115.657328,661.884065,6024.029597
116.473284,16.089271,6.928304,0.646229,18.971079,7.239190,2.322252,0.288724,273.272609,286.933996,569.971614,5562.670828
145.516558,29.246672,8.759125,0.791517,22.354940,4.975491,3.338995,0.304383,848.873452,1496.850190,2348.826144,27012.357164
146.555716,29.768287,12.852589,0.808029,18.828381,4.923216,2.316132,0.255455,749.938214,683.883603,1435.531861,13904.773666
129.403521,26.886931,10.348065,0.670797,12.188382,4.812878,2.598257,0.175985,214.329376,40.574116,253.339496,1588.499485
203.390714,30.412322,7.328259,0.665628,20.015583,6.687773,4.150006,0.230519,741.437693,358.989488,1139.702216,11735.396019
196.390341,33.285590,8.124761,0.797344,19.913478,5.900161,4.096808,0.233395,946.832579,551.451844,1456.082347,14916.645061
160.061552,19.846391,5.083217,0.629684,17.029526,8.065021,3.904297,0.221087,280.277599,93.636932,384.064689,3364.689943
98.948798,20.389108,8.237255,0.846203,19.911274,4.853022,2.475231,0.328774,411.721619,715.265137,1134.269166,11618.585921
203.540402,27.986848,6.878953,0.604564,23.224922,7.272716,4.068475,0.267382,831.073799,765.347383,1578.172385,18855.880414
189.803275,28.024204,11.400663,0.736917,18.511995,6.772834,2.458120,0.220701,760.602423,277.351824,1068.257475,10173.426914
213.855946,32.619016,12.718572,0.839427,19.120810,6.556174,2.564676,0.214758,1167.546223,400.905570,1624.984688,15984.301313
196.151674,26.069748,9.934113,0.569498,10.852699,7.524111,2.624265,0.127276,208.677691,27.995281,244.276348,1363.820716
61.072183,10.863915,3.844426,0.733350,15.476581,5.621563,2.825888,0.325280,73.297114,100.792053,177.404192,1412.462793
123.982625,23.878388,10.261946,0.751489,20.370559,5.192253,2.326887,0.300487,559.838330,849.123923,1417.763534,14857.469751
224.449193,30.694897,8.990461,0.777144,17.759273,7.312264,3.414163,0.194702,818.235383,181.126864,1005.718017,9188.392145
166.092228,30.485909,11.874494,0.697535,21.258308,5.448164,2.567344,0.270930,891.928441,970.739074,1887.219959,20639.032293
142.499464,27.059177,7.163535,0.724136,21.824575,5.266216,3.777350,0.300291,641.274222,1031.838782,1708.015976,19176.786458
204.674861,31.976008,9.882663,0.807862,10.962228,6.400889,3.235566,0.125855,338.570724,45.204485,377.389007,2128.267252
195.655480,28.656989,9.375831,0.837417,16.105824,6.827496,3.056475,0.189121,637.725649,127.235181,776.366120,6432.615999
143.304392,24.495225,9.491918,0.680116,21.751189,5.850299,2.580640,0.298440,640.507319,884.293689,1570.429490,17572.743115
92.713417,20.022772,8.704905,0.778092,18.329962,4.630399,2.300171,0.312676,310.860476,513.360247,826.688608,7795.457580
182.780168,26.503212,9.092553,0.848254,12.698653,6.896529,2.914826,0.154275,367.419357,49.016218,402.124256,2626.975607
68.611638,13.140899,3.595458,0.667658,16.780321,5.221229,3.654861,0.332740,93.963795,133.538823,225.859198,1949.737501
112.063193,24.052841,11.057651,0.683290,21.248413,4.659042,2.175222,0.329685,532.110468,844.134912,1367.562291,14948.985617
124.961909,26.954394,12.441283,0.688192,14.046972,4.636050,2.166528,0.206394,304.350156,90.492797,389.434631,2814.202756
192.586118,28.212944,12.551438,0.753492,15.706891,6.826162,2.247786,0.185901,606.960484,111.946647,695.484127,5619.731398
191.314443,29.764504,12.688594,0.823869,11.244278,6.427604,2.345769,0.133525,363.782766,46.368545,405.845691,2347.635144
123.955841,16.190731,5.825375,0.647203,12.810018,7.655976,2.779346,0.188982,127.311937,22.071570,150.938788,994.692162
154.821127,25.109540,11.399963,0.716492,21.439995,6.165829,2.202598,0.283017,773.240670,915.278888,1666.328226,18379.061825
126.380232,14.777109,5.500591,0.843144,11.917588,8.552433,2.686458,0.174121,134.930849,17.479324,153.290845,939.815697
143.315772,18.137003,8.735495,0.839895,23.861666,7.901844,2.076242,0.327384,761.202569,1068.012008,1857.352285,22799.910727
134.304457,29.057681,9.277866,0.729681,15.501150,4.621995,3.131936,0.219696,373.610608,157.558751,538.037890,4290.568907
204.308457,23.479191,7.721438,0.578419,16.311162,8.701682,3.040780,0.187433,392.709413,69.926703,456.609286,3831.490402
146.698084,24.976537,7.280040,0.578240,16.629172,5.873436,3.430824,0.225508,308.123508,127.580734,455.335955,3895.297853
92.477178,17.241902,4.885258,0.634435,10.266855,5.363514,3.529374,0.175357,61.718988,10.799487,73.437561,387.876790
107.063295,20.291066,5.059265,0.624961,12.172949,5.276376,4.010675,0.193232,106.379380,24.601235,125.037188,783.020438
110.807633,23.349557,10.272300,0.578916,16.627692,4.745599,2.273060,0.259448,277.578427,229.885252,500.824358,4284.059703
87.971804,17.770302,7.916898,0.587497,10.307138,4.950496,2.244604,0.180497,71.800653,13.097735,86.242149,457.294267
205.600525,29.305755,9.900004,0.576819,16.598984,7.015705,2.960176,0.190140,516.418137,106.718030,620.824373,5301.373264
145.292371,21.396346,6.257813,0.830913,13.740370,6.790523,3.419141,0.187232,258.876339,48.329763,302.966722,2141.566063
183.132864,28.504644,9.700354,0.571963,20.355333,6.424668,2.938516,0.247058,664.591141,417.862415,1095.926841,11476.193810
135.533219,30.032250,11.829197,0.572739,23.453986,4.512923,2.538824,0.330900,760.187721,1200.963111,1956.257656,23603.739975
152.012428,17.309264,6.941349,0.713111,21.809024,8.782143,2.493646,0.290536,505.276547,540.698427,1028.977194,11544.631809
121.435831,21.544181,10.423364,0.559748,15.132023,5.636595,2.066912,0.225542,239.131319,91.969416,332.645009,2589.501221
225.044518,28.909575,8.339222,0.643306,10.576572,7.784428,3.466699,0.115802,241.020428,32.005209,273.173458,1486.351507
159.909396,27.813687,11.408715,0.724097,13.623134,5.749306,2.437933,0.176947,361.572642,64.037851,427.759425,2997.883381
160.885622,28.950300,9.761547,0.742117,13.650436,5.557304,2.965749,0.176763,356.155628,65.379941,429.499907,3016.113598
165.388820,31.402243,8.217813,0.845516,21.565628,5.266784,3.821241,0.275431,977.646426,1355.828179,2310.651397,25635.078568
66.845374,14.771018,3.539494,0.614651,14.075132,4.525441,4.173201,0.282762,65.632072,79.073339,150.534170,1089.997962
196.552098,25.172094,11.152631,0.830863,20.311533,7.808333,2.257054,0.237962,979.688510,511.270327,1529.976101,15986.943923
228.498919,28.014995,8.604430,0.775428,21.686132,8.156308,3.255880,0.235637,1120.644458,566.127475,1696.715436,18929.067006
139.681541,18.731449,5.571047,0.600537,15.509691,7.457060,3.362285,0.215545,201.430194,59.201605,265.920259,2121.742450
227.454623,31.341888,12.573394,0.721098,19.446346,7.257209,2.492715,0.211785,1064.577097,316.812454,1348.983630,13495.307471
89.553108,12.680349,6.232787,0.716615,20.327961,7.062354,2.034459,0.352823,227.522937,246.134010,468.542481,4899.828699
96.432315,14.342818,7.019973,0.761659,20.931930,6.723387,2.043144,0.350108,305.638609,364.401410,667.546746,7188.347470
184.289142,26.868859,7.959667,0.822596,13.420517,6.858838,3.375626,0.162376,380.467779,55.493091,430.831956,2974.508841
108.852324,15.654185,7.164336,0.555316,21.192584,6.953561,2.185016,0.333633,285.251688,333.788890,629.353768,6861.465226
92.385003,17.940104,5.676445,0.829454,14.589988,5.149636,3.160447,0.249320,168.733304,127.823192,308.529395,2315.738878
193.898784,23.926031,7.672024,0.697790,15.378422,8.104093,3.118607,0.181396,397.971917,66.325257,475.359152,3760.726400
223.999872,27.228074,10.525117,0.677523,20.613478,8.226798,2.586962,0.226220,944.817367,355.722433,1285.357780,13630.550696
80.508967,15.101711,7.338731,0.690879,20.258385,5.331116,2.057809,0.370840,237.257773,233.847230,478.146046,4983.144557
198.329652,22.875033,7.151735,0.599829,13.208499,8.670136,3.198529,0.154051,252.248911,34.244039,288.051526,1957.319692
165.023717,21.578794,7.731417,0.782584,16.232707,7.647495,2.791053,0.207549,404.712521,103.598691,507.671858,4239.475709
213.077230,23.366426,5.812465,0.729867,13.248343,9.118948,4.020054,0.149072,301.781791,38.678748,333.717557,2274.462172
135.943159,29.748023,11.590746,0.754418,14.006640,4.569822,2.566532,0.197314,359.769286,94.312335,434.064208,3127.707001
138.207972,20.823203,9.498318,0.828053,20.230010,6.637210,2.192304,0.282640,597.372355,717.555714,1343.315601,13980.164018
98.486407,18.564467,8.303406,0.837242,21.782833,5.305103,2.235765,0.360520,456.824681,593.871277,1031.576912,11559.899918
183.501508,23.840246,9.879872,0.688809,19.330163,7.697132,2.413012,0.234379,645.996893,290.312094,903.785689,8987.503850
174.838495,25.549536,7.012223,0.681443,12.777337,6.843118,3.643571,0.158718,252.147911,38.250051,294.423519,1935.311894
154.968054,28.669865,11.252102,0.564322,13.205008,5.405259,2.547956,0.174229,273.422333,50.999346,322.383991,2190.030840
185.298862,28.805321,11.912416,0.611383,16.907482,6.432800,2.418092,0.204008,556.026979,143.265941,710.250235,6177.722993
146.170336,20.346679,10.139660,0.765931,11.724315,7.183990,2.006643,0.159280,213.362782,27.427724,239.751902,1446.064475
79.345867,12.790339,3.732103,0.706874,18.525466,6.203578,3.427113,0.341594,134.921975,175.978686,309.702927,2951.566371
157.542945,22.966749,5.821336,0.565177,10.664388,6.859610,3.945271,0.139553,120.855000,17.804497,137.099143,752.157522
115.867139,22.308129,9.250186,0.691405,23.093202,5.193942,2.411641,0.352377,568.741106,763.853518,1318.762032,15667.103008
157.325363,31.845205,9.344859,0.693018,17.599666,4.940316,3.407778,0.230467,548.163998,291.553459,822.626066,7448.091397
105.793725,19.057414,5.549641,0.588339,17.838023,5.551316,3.433990,0.284853,204.433228,236.403463,432.951587,3973.051113
226.710656,31.562614,9.940492,0.594891,15.299710,7.182886,3.175156,0.166898,515.433488,85.159030,608.298382,4787.821759
144.383881,17.038507,6.820365,0.569473,14.991433,8.473975,2.498181,0.204921,195.868735,42.431577,239.991689,1850.876517
209.832356,32.976809,12.686824,0.557233,22.417025,6.363028,2.599296,0.254182,1084.649265,791.751801,1878.949143,21668.612466
190.798686,33.869388,12.363252,0.603832,15.624613,5.633367,2.739521,0.185791,538.777868,115.006375,659.044542,5297.392405
121.265758,18.560669,7.638520,0.647261,18.100585,6.533480,2.429878,0.269977,292.937625,258.492738,569.866197,5306.444239
220.161546,33.683569,8.844107,0.810290,15.078060,6.536170,3.808589,0.166908,654.234485,107.433361,731.076087,5670.823629
126.335877,25.598667,12.540052,0.749227,16.802218,4.935252,2.041353,0.245531,452.735192,312.040064,764.415684,6607.456319
156.803739,30.143888,12.896860,0.767314,22.436021,5.201842,2.337304,0.294287,1059.618686,1617.385457,2804.001453,32363.999091
150.054859,26.087243,12.680733,0.573935,10.165095,5.752040,2.057235,0.136298,168.539189,24.603060,189.447184,990.689832
220.232352,28.486783,10.885279,0.576214,14.912334,7.731036,2.617001,0.165047,462.759267,70.962024,531.264330,4075.626532
191.591099,31.053313,8.278916,0.627339,14.357685,6.169748,3.750891,0.170373,379.070454,68.505811,442.631260,3269.374045
154.877716,24.105612,6.980664,0.772637,12.497288,6.424965,3.453198,0.164940,237.884312,36.322732,265.343644,1705.935433
207.400875,24.214935,11.814824,0.579833,15.923918,8.564998,2.049538,0.181614,484.112556,77.820911,575.470617,4714.234499
224.544426,26.675790,10.619952,0.721288,11.233886,8.417536,2.511856,0.123135,317.922405,37.677278,349.430157,2019.428544
86.873578,15.425975,4.680810,0.761682,17.561815,5.631643,3.295578,0.309478,174.629934,261.763316,428.812393,3874.135744
184.134624,23.484237,9.878932,0.682091,23.122785,7.840775,2.377204,0.279883,892.767105,906.163631,1760.556978,20942.490635
144.280688,23.929232,9.791043,0.557129,18.637746,6.029474,2.443992,0.254855,413.880539,292.176611,690.335124,6618.986188
123.275400,25.553128,7.738100,0.775841,16.049480,4.824278,3.302248,0.237425,338.735931,211.311163,537.677141,4439.362911
204.669667,22.824983,8.960312,0.663128,20.469776,8.966914,2.547342,0.235012,713.366941,303.559312,990.917933,10434.914462
196.024539,31.011888,9.431006,0.642142,22.205697,6.320948,3.288290,0.260503,944.799584,819.511484,1718.570409,19632.239501
115.783323,19.048630,7.692105,0.783005,12.240088,6.078302,2.476387,0.186838,163.263472,29.721459,196.851124,1239.539960
111.377897,16.867359,7.281317,0.846491,21.876899,6.603162,2.316526,0.340479,462.542743,659.433817,1160.457023,13060.293201
193.994365,25.102107,11.888140,0.711372,12.355434,7.728210,2.111525,0.145703,339.070800,42.730051,374.474324,2380.225767
219.175498,26.225356,8.983218,0.747530,11.847354,8.357389,2.919372,0.131440,326.976022,39.532441,370.749828,2259.646085
100.099017,15.507267,4.203172,0.651067,22.784748,6.454975,3.689420,0.374053,265.194040,246.461261,518.233385,6074.460563
227.182258,24.853421,7.896224,0.692720,19.395181,9.140885,3.147507,0.211354,725.959142,193.494648,901.810301,8998.023655
109.063084,14.533206,6.310821,0.728937,16.725245,7.504406,2.302903,0.263049,204.694473,153.922903,358.648850,3085.887147
202.680622,32.579840,12.750863,0.580385,16.382760,6.221044,2.555109,0.189010,599.395976,127.393067,710.153909,5985.185935
130.342174,21.196649,8.284745,0.574965,16.557637,6.149188,2.558515,0.238210,268.097470,133.214843,400.415614,3410.730963
171.097296,23.056415,10.131341,0.822993,16.371071,7.420811,2.275752,0.205570,522.906001,129.068801,656.227132,5526.744376
210.790948,27.276428,10.932023,0.603027,21.757179,7.727953,2.495094,0.246139,920.025640,522.805741,1448.773230,16215.901485
202.723563,28.012975,9.717546,0.724511,11.432049,7.236774,2.882721,0.131879,298.104402,38.831180,345.395606,2031.322960
172.360535,25.631002,6.234207,0.639719,15.674356,6.724690,4.111349,0.196099,329.790234,76.954015,405.354405,3268.607100
168.722131,30.296918,7.562892,0.629425,22.812134,5.568954,4.005996,0.288459,772.854671,1060.511427,1866.634669,21906.013608
141.661101,20.300969,7.142788,0.639913,18.664119,6.978046,2.842163,0.257564,356.564727,256.842292,606.890002,5827.141919
131.961528,17.212274,5.790106,0.828536,13.963072,7.666711,2.972704,0.199646,207.038968,43.672447,259.717405,1865.606954
201.863561,25.464219,10.713750,0.652450,14.477829,7.927341,2.376779,0.167370,419.531596,61.055063,481.289105,3584.656742
126.882467,21.908427,7.910843,0.747660,16.122166,5.791491,2.769418,0.235086,310.116687,161.164294,453.100531,3757.993840
138.847926,24.221831,11.543401,0.583167,14.714063,5.732346,2.098327,0.205100,292.340387,76.363378,371.213835,2809.925987
185.992872,29.635579,12.101269,0.582031,10.909850,6.275999,2.448965,0.131394,241.548419,35.157358,259.840199,1458.354926
164.637187,25.802160,8.133058,0.679998,23.328232,6.380752,3.172504,0.298622,790.794548,1098.359911,1909.350815,22914.250463
139.454935,26.660342,9.132420,0.824806,10.418176,5.230801,2.919308,0.144903,195.891222,27.908797,228.518251,1224.759159
90.703247,11.661184,3.884640,0.578507,20.626501,7.778219,3.001870,0.355728,149.869948,143.949607,289.123387,3067.940169
151.250366,21.649366,7.555497,0.668509,21.890030,6.986365,2.865379,0.292349,562.086751,680.446970,1246.849365,14041.013327
197.880466,24.847797,10.711176,0.803025,20.588834,7.963702,2.319801,0.240400,951.738698,513.881084,1434.362648,15192.485266
158.245051,17.081814,6.589152,0.803322,22.620460,9.263949,2.592415,0.295352,609.277650,715.847948,1311.364096,15260.291629
193.469651,33.554871,8.494934,0.560277,23.519073,5.765770,3.949986,0.277727,928.931388,1090.526742,2056.514769,24882.277804
118.613411,25.057939,6.626988,0.712004,11.246196,4.733566,3.781196,0.169606,143.677449,26.427813,166.384823,962.625700
182.850500,28.225817,12.989673,0.838739,21.854119,6.478130,2.172943,0.265454,1218.337121,1216.226099,2504.369036,28155.920308
211.188206,26.387815,6.450099,0.812819,22.408426,8.003247,4.091071,0.253268,1016.749426,792.563962,1847.779270,21300.978283
177.631731,19.541872,8.629026,0.576140,18.974313,9.089801,2.264667,0.233835,445.586970,171.151763,624.435923,6095.257330
163.872001,28.991173,8.445996,0.736037,19.169329,5.652479,3.432535,0.245956,640.839109,458.740812,1069.525942,10547.179512
201.260853,25.783821,9.144103,0.686046,18.494373,7.805703,2.819721,0.214123,645.309380,191.026989,849.957120,8086.763517
142.172038,27.423243,6.622237,0.690683,16.174028,5.184363,4.141084,0.222800,341.063182,150.826997,493.949441,4109.971433
191.150026,30.888960,11.284710,0.751733,17.955105,6.188296,2.737240,0.213307,773.885483,255.913482,1043.057271,9634.611751
178.336348,20.483180,9.449219,0.741903,19.706979,8.706478,2.167711,0.242384,631.459057,319.891941,960.296702,9735.619863
181.527355,27.835621,9.574884,0.696754,14.019997,6.521405,2.907150,0.170915,379.298915,62.376763,461.178825,3326.253901
86.667909,17.855141,5.843076,0.759806,20.170387,4.853947,3.055778,0.355868,269.378116,371.009116,638.807017,6628.603090
169.402551,27.352531,9.281502,0.659825,14.457483,6.193304,2.946994,0.182447,351.986409,66.951938,419.517149,3120.186261
221.701560,25.558629,6.591918,0.759060,21.545939,8.674235,3.877267,0.237676,900.503684,466.972324,1377.603761,15269.606903
138.220375,29.647702,10.381004,0.772735,10.610647,4.662094,2.855957,0.148238,211.267406,33.167553,238.202403,1300.247765
132.816400,29.487276,7.187018,0.762503,13.328403,4.504194,4.102853,0.189957,267.905711,66.320209,334.087566,2290.743952
100.938410,11.236144,4.762286,0.619929,14.364398,8.983367,2.359401,0.234835,95.723401,34.614589,129.038002,953.549349
141.120014,22.601858,5.562867,0.821829,13.829363,6.243735,4.062987,0.191210,251.573859,53.721927,304.900550,2169.194504
167.072926,18.192626,6.539527,0.784441,17.943265,9.183552,2.781948,0.228009,416.995663,154.130622,574.590064,5303.928817
133.195306,25.428121,12.447083,0.840141,14.057735,5.238110,2.042898,0.200067,375.554355,94.265044,462.828086,3347.134569
125.503477,26.336724,11.975568,0.568461,12.609071,4.765341,2.199204,0.184867,209.018356,43.918456,258.216827,1674.965003
118.630590,16.532774,4.484322,0.636926,21.727489,7.175480,3.686794,0.327653,293.753073,387.948322,685.513199,7662.376131
211.791398,30.738874,11.003131,0.752761,12.711286,6.890018,2.793648,0.143463,436.573971,59.620513,485.407700,3174.199682
175.339376,24.261313,9.846583,0.764590,17.111666,7.227118,2.463932,0.212254,547.595431,158.814304,686.194602,6040.566784
89.517909,14.518100,6.823928,0.756007,14.162011,6.165952,2.127528,0.245852,135.842147,78.947915,215.521935,1570.198350
222.003229,27.649621,7.999977,0.709478,20.915395,8.029160,3.456212,0.230563,899.562248,397.444701,1257.263290,13527.900700
81.642905,15.506045,5.834739,0.756559,17.646970,5.265231,2.657539,0.320785,182.447308,278.126403,463.430075,4207.193258
163.422672,28.316902,8.105694,0.670317,23.893830,5.771206,3.493458,0.306996,856.528141,1326.917140,2224.479461,27343.385471
150.618970,25.535948,7.334009,0.825757,17.214220,5.898311,3.481854,0.230383,481.111902,245.717899,727.523366,6442.766542
98.414327,19.792487,9.341609,0.737392,18.599354,4.972307,2.118745,0.307944,329.236087,500.306336,812.000221,7769.482855
164.532073,21.228131,5.753519,0.799631,19.344689,7.750662,3.689591,0.247708,506.638952,333.927776,828.893923,8248.952906
218.200175,29.382405,7.275823,0.712619,13.081054,7.426219,4.038362,0.145452,369.656364,52.884714,441.257678,2969.430157
187.253333,20.513263,5.257799,0.767857,23.926268,9.128403,3.901492,0.287186,765.756931,892.321468,1644.647858,20243.518180
210.341013,28.270969,11.858812,0.623782,19.671860,7.440177,2.383963,0.222786,828.153871,293.964512,1117.156665,11305.703889
170.652525,19.685892,6.214851,0.703947,15.143286,8.668773,3.167557,0.190400,284.634609,50.601786,347.286551,2705.491720
99.666244,21.827325,5.538109,0.772325,14.914735,4.566123,3.941296,0.245383,195.749001,147.532904,328.983221,2524.221151
122.193735,25.281751,7.061514,0.777335,21.289572,4.833278,3.580217,0.316334,549.349827,995.168499,1547.318547,16946.685257
178.286289,20.861024,7.038499,0.610178,10.533186,8.546382,2.963846,0.129570,144.035707,17.728836,158.978387,861.461670
91.942479,20.032446,4.907710,0.670548,13.376870,4.589678,4.081832,0.229140,116.761074,57.727220,175.059952,1204.701442
62.618313,13.828407,4.312523,0.664363,13.279663,4.528238,3.206570,0.275639,62.100785,66.758869,127.733960,872.632791
194.610101,31.871426,11.660992,0.786636,18.701355,6.106099,2.733166,0.220188,916.869836,361.514702,1283.279039,12346.171039
142.883290,23.177054,8.700451,0.655619,22.699134,6.164860,2.663891,0.311905,624.554896,886.783075,1593.799299,18611.484672
109.466739,13.783575,4.469239,0.571054,23.239587,7.941825,3.084099,0.364830,255.172940,227.864282,477.728409,5711.465832
96.167592,14.961621,3.719127,0.836497,15.719642,6.427619,4.022885,0.263289,154.992210,143.869539,297.607508,2406.714913
222.659818,31.003962,10.066252,0.607394,10.980734,7.181657,3.079991,0.120869,275.774627,38.500081,300.555891,1697.831997
111.555527,12.821263,5.967209,0.807910,22.166833,8.700822,2.148620,0.344716,355.488570,410.565139,756.993208,8632.443323
139.310030,17.930559,8.287998,0.553633,17.709741,7.769419,2.163437,0.246448,290.243401,149.259034,435.929099,3971.606150
112.273746,14.676093,6.448474,0.782303,11.248254,7.650112,2.275902,0.174361,108.344239,14.608661,124.461219,720.206922
167.960129,25.097884,11.757749,0.762576,10.814978,6.692203,2.134582,0.137065,246.762467,31.054132,286.434222,1593.634237
228.188642,31.632749,10.199469,0.819825,18.727946,7.213684,3.101411,0.203632,1038.819309,273.136098,1281.171192,12343.417302
111.732371,16.446864,7.280823,0.694253,18.191090,6.793537,2.258929,0.282666,268.210419,278.716526,549.891883,5146.051677
170.896647,31.941862,10.234382,0.641453,23.537346,5.350241,3.121035,0.295729,986.142276,1438.216196,2368.441463,28678.620114
109.943921,15.920526,6.482335,0.627028,18.577380,6.905797,2.455986,0.291006,234.579038,253.917305,493.015859,4711.763227
202.381825,26.812129,12.752778,0.566065,11.169487,7.548145,2.102454,0.128959,261.724345,34.601199,291.640090,1675.786013
113.489879,22.021472,8.506321,0.570025,11.508596,5.153601,2.588836,0.177438,123.639785,22.951604,145.058483,858.822862
101.488511,19.237334,7.401951,0.694799,23.768565,5.275602,2.598954,0.387524,446.491473,368.325551,801.708717,9802.970003
217.553282,31.124165,11.409124,0.772903,10.346174,6.989851,2.728007,0.115213,318.904657,40.208175,363.787365,1936.268178
186.866186,29.600216,8.167632,0.648776,14.712130,6.313001,3.624088,0.176772,386.661400,71.911582,461.785679,3495.055793
205.572150,23.122048,10.594386,0.832726,19.583922,8.890741,2.182481,0.224347,888.840561,316.095532,1244.961971,12542.781967
188.277815,32.443190,9.634226,0.778687,13.478208,5.803308,3.367493,0.161338,446.193217,72.237945,516.900108,3584.073185
107.911063,19.990008,8.988122,0.777421,19.098528,5.398250,2.224047,0.301975,387.829636,575.344715,959.130177,9423.572121
179.003011,30.981335,9.814983,0.754794,18.133422,5.777769,3.156535,0.222614,706.587062,300.960858,1024.750706,9559.520557
99.279736,10.956075,4.966879,0.565024,12.316917,9.061615,2.205827,0.203037,66.869774,12.427677,78.231443,495.702883
228.920159,28.025946,9.976565,0.734695,19.680424,8.168151,2.809178,0.213647,942.136207,278.999815,1241.901295,12573.599635
220.802003,25.186499,10.907641,0.675965,10.651315,8.766681,2.309069,0.117735,263.396137,30.624905,295.999167,1621.928981
187.336991,23.453938,6.364765,0.637381,23.998738,7.987443,3.684965,0.287992,749.920771,853.649780,1588.771727,19614.986600
182.100082,21.996290,7.542718,0.607581,17.584173,8.278673,2.916229,0.214028,406.583653,112.955800,519.079509,4695.630792
188.293697,27.350102,6.615137,0.572512,12.928244,6.884570,4.134472,0.154748,239.332486,38.449522,278.452018,1851.944698
107.681157,15.334116,3.762048,0.661754,18.372819,7.022326,4.076002,0.290810,182.217081,213.543423,401.221152,3792.256638
199.018013,23.972731,9.245496,0.847552,11.881509,8.301850,2.592909,0.138334,330.576458,37.400293,370.088459,2262.117920
68.279097,13.493251,5.988541,0.639880,21.103503,5.060241,2.253178,0.419483,177.711752,79.682112,260.431738,2827.395524
209.421448,27.360320,8.997832,0.715473,12.214098,7.654203,3.040768,0.138629,327.279586,42.813024,364.882616,2292.728845
107.299776,11.666886,5.224259,0.819500,22.384943,9.196951,2.233213,0.354944,316.904606,326.788140,636.971144,7335.232007
154.135058,22.565944,10.510763,0.572049,18.566015,6.830428,2.146937,0.245624,448.639802,248.209573,707.917506,6761.444129
187.405219,21.276291,8.480330,0.770323,20.277375,8.808172,2.508899,0.243290,698.066825,373.221883,1075.325708,11217.339457
197.230147,23.798569,6.161774,0.687679,15.735304,8.287479,3.862292,0.184031,379.600547,67.070112,452.190025,3660.447797
188.147071,25.404707,11.938946,0.841272,22.319573,7.405993,2.127885,0.267264,1183.518674,1138.963501,2428.219519,27881.230624
155.809197,27.048595,12.334541,0.736415,18.778290,5.760343,2.192915,0.247095,671.184111,457.078117,1124.010006,10858.362463
145.005554,22.209506,5.820713,0.795855,23.462511,6.528986,3.815599,0.320026,671.908637,1100.421159,1783.499845,21527.107099
183.672804,22.981876,5.547976,0.828233,14.677428,7.992072,4.142390,0.177882,359.952948,58.110672,411.927187,3110.344706
139.323768,14.793560,6.345971,0.644258,10.911206,9.417866,2.331174,0.151832,103.439085,11.747518,117.632068,660.292835
149.815759,29.308144,10.548339,0.716517,13.686765,5.111745,2.778461,0.183665,339.063928,69.642687,399.481314,2812.777565
96.578343,13.291760,5.544960,0.713802,22.534243,7.266031,2.397088,0.376623,283.351391,232.088402,524.746125,6083.175195
125.495575,14.769090,4.323077,0.563860,15.469087,8.497177,3.416337,0.226806,135.458091,45.856999,181.430797,1443.822446
199.298897,27.852754,8.166351,0.686410,13.621332,7.155447,3.410673,0.158479,359.121876,53.769798,418.828757,2934.905933
128.899442,23.162352,8.068321,0.732809,14.464975,5.565041,2.870777,0.209265,262.083424,78.327326,337.254301,2509.650850
157.173346,29.609144,10.005181,0.735512,13.658814,5.308270,2.959381,0.178948,354.769486,68.223158,427.304861,3002.540869
103.313002,21.430643,6.799061,0.647624,13.011533,4.820807,3.152001,0.210259,140.851282,44.297070,179.938495,1204.455179
91.111279,12.389240,5.960889,0.567308,22.898980,7.354065,2.078422,0.394034,233.091280,131.664836,372.748669,4391.069881
164.861978,28.099337,11.329367,0.747993,10.664145,5.867113,2.480221,0.136417,242.266436,33.320626,270.666201,1484.903340
143.391971,25.435150,11.334975,0.686314,19.348159,5.637552,2.243953,0.265388,577.115884,537.283827,1142.318916,11370.122156
92.276862,18.693146,6.203516,0.746977,11.689369,4.936401,3.013315,0.199870,106.060519,26.477405,140.318627,843.809700
186.441689,21.685621,9.778047,0.656531,23.565562,8.597480,2.217787,0.283472,866.277567,854.800144,1792.176186,21726.842586
132.118476,24.531160,8.533221,0.641689,10.316465,5.385741,2.874783,0.147419,133.547768,20.440380,152.146487,807.478441
99.062970,17.327798,4.524594,0.732514,19.100295,5.716997,3.829691,0.315201,233.765748,362.911201,607.810026,5972.361018
175.808824,25.619817,8.671567,0.848854,16.560940,6.862220,2.954462,0.205148,562.523493,149.254922,685.296695,5838.505869
132.282445,28.267645,11.460925,0.558970,20.916555,4.679642,2.466437,0.298705,563.343911,802.200561,1375.555647,14801.524003
101.567793,12.213522,5.452600,0.752969,23.135856,8.316011,2.239945,0.377061,309.787432,240.661502,568.449235,6765.740830
201.104219,30.664337,9.753537,0.606609,12.006354,6.558244,3.143920,0.139061,292.290176,43.724759,320.904024,1982.094749
171.454772,19.801913,9.345605,0.756185,21.104340,8.658495,2.118848,0.264728,690.405487,543.372244,1220.275631,13248.534163
150.408774,18.812158,8.076042,0.671178,17.459460,7.995296,2.329378,0.233829,351.899249,145.851750,492.273005,4421.553921
117.240681,13.306676,4.753657,0.603666,21.722416,8.810666,2.799250,0.329513,251.980977,279.150948,535.165252,5980.453870
199.621755,32.104275,8.811493,0.659362,20.873395,6.217918,3.643454,0.242657,868.710165,552.373388,1444.301311,15509.186143
179.881928,27.076755,9.783767,0.803567,12.996530,6.643408,2.767518,0.159161,372.789180,52.859494,431.470087,2884.803433
128.232070,23.832645,6.014430,0.792661,14.886463,5.380522,3.962578,0.215922,271.775851,101.729127,374.157217,2865.390076
134.665389,20.630312,9.227274,0.799469,11.376169,6.527550,2.235797,0.161017,188.106126,25.248209,210.538106,1232.153603
168.653796,29.418388,9.201930,0.706626,15.929070,5.732938,3.196980,0.201463,465.528074,124.599276,584.252863,4787.726885
209.935098,22.493650,6.587160,0.729514,16.348302,9.333083,3.414772,0.185325,451.931486,75.074922,531.435791,4469.526968
127.841845,16.929541,6.298066,0.787687,10.263749,7.551406,2.688054,0.149098,110.062860,12.995762,126.465357,667.752750
163.912990,25.209529,12.440598,0.672446,15.264950,6.502025,2.026392,0.195836,426.952684,91.253196,525.979889,4130.500069
210.460321,29.700693,7.234038,0.691538,21.449583,7.086041,4.105687,0.242850,884.943939,551.961159,1464.539078,16160.616241
164.473109,33.536309,11.473800,0.594738,20.340639,4.904329,2.922860,0.260508,737.546616,681.115154,1426.398555,14926.004854
176.152920,33.279335,10.493170,0.557329,14.036022,5.293162,3.171523,0.173701,353.713652,70.059566,422.119236,3048.016257
226.724076,28.102719,9.752293,0.559479,12.416936,8.067692,2.881653,0.135447,309.109840,42.379205,351.516182,2245.421425
217.308338,26.512996,8.882303,0.827354,23.806379,8.196295,2.984924,0.265252,1340.683183,1247.984732,2678.746263,32806.735782
174.897371,29.481387,10.608358,0.792924,11.423000,5.932467,2.779072,0.141871,306.571594,42.617954,345.763827,2031.878958
183.885820,29.915926,8.634925,0.750291,18.288574,6.146753,3.464527,0.221518,679.728328,277.766169,962.597526,9056.547928
197.649969,28.939904,12.611125,0.710558,12.464532,6.829669,2.294792,0.145623,387.379026,52.802778,439.805914,2820.168995
175.223292,32.886222,9.799402,0.682503,11.740436,5.328167,3.355942,0.145677,288.320173,46.630321,338.937371,2047.112835
119.735048,18.969198,5.760606,0.688868,21.423384,6.312077,3.292917,0.321574,373.281531,542.289827,911.036409,10040.651927
173.303205,25.356127,9.019415,0.684125,10.431579,6.834766,2.811283,0.130152,190.144560,25.154496,210.232176,1128.203245
125.024900,21.838323,9.826098,0.627232,16.033207,5.725023,2.222482,0.235519,288.662478,140.072994,439.424128,3624.452362
174.677602,30.733378,12.433166,0.784647,17.909404,5.683645,2.471887,0.222570,773.621705,324.383505,1054.866946,9718.895833
190.620746,33.466150,12.855052,0.552507,18.984126,5.695927,2.603346,0.225844,736.151258,315.491727,1025.877057,10018.991908
148.934907,21.326046,9.289870,0.732287,16.738177,6.983709,2.295624,0.225275,397.715399,149.936733,543.603991,4680.895015
222.393786,29.075226,11.399002,0.568722,19.998635,7.648910,2.550682,0.220264,830.276611,277.511993,1077.846484,11089.076300
194.716051,28.760461,10.189762,0.803818,21.812518,6.770269,2.822486,0.256749,1113.595688,942.838753,2048.874097,22991.069882
160.151477,23.665976,7.821057,0.672407,14.704781,6.767161,3.025931,0.190852,300.408550,60.486605,365.803898,2767.228271
181.892815,23.585881,11.342973,0.779224,21.557708,7.711936,2.079339,0.262542,936.956036,774.072858,1694.662479,18794.202634
173.391729,26.688678,11.765776,0.625711,12.150207,6.496827,2.268331,0.151556,275.218146,39.950282,309.932988,1937.267433
119.417381,17.051448,5.065424,0.610752,10.654660,7.003357,3.366243,0.160144,80.309667,11.471355,91.438899,501.197278
183.282527,19.754767,8.749187,0.625538,16.709293,9.277889,2.257897,0.202722,388.102633,79.543577,460.729051,3960.424969
130.704086,24.746966,6.707092,0.646901,15.185605,5.281621,3.689671,0.218168,249.136774,94.000417,335.049906,2617.457826
104.418481,18.766112,4.868775,0.648188,21.365535,5.564204,3.854381,0.343422,289.700540,407.212921,716.649710,7876.963066
170.869291,22.416058,7.344802,0.601988,13.463051,7.622629,3.051962,0.169167,230.840118,35.364359,268.909564,1862.463866
120.154468,25.884030,8.961347,0.597679,23.371704,4.642031,2.888408,0.350206,566.826303,797.206385,1386.236204,16667.318087
148.311062,21.256884,5.774206,0.777545,10.021977,6.977084,3.681352,0.135167,131.202472,16.670088,149.600080,771.300042
204.288942,23.881165,11.584547,0.754776,11.444774,8.554396,2.061467,0.131519,311.601278,35.182754,345.969639,2036.963871
208.925686,28.205542,7.255503,0.821769,20.178145,7.407257,3.887469,0.229292,911.125966,432.902763,1317.165276,13672.867654
135.216321,18.767932,4.888470,0.684779,17.309395,7.204647,3.839224,0.244496,257.173336,149.564819,396.064906,3526.844828
153.110052,22.483714,9.490488,0.707116,16.815973,6.809820,2.369079,0.223215,413.669187,150.734787,576.187528,4984.527055
201.617232,23.809104,6.926979,0.740265,16.631490,8.468073,3.437156,0.192385,483.262138,93.427996,548.571600,4693.562151
166.655716,25.898574,12.179733,0.601009,16.702969,6.434938,2.126366,0.212514,471.119301,137.961979,590.428416,5073.399063
157.181017,28.816617,12.496844,0.699175,11.308014,5.454527,2.305911,0.148146,259.422178,38.808062,301.000395,1751.021654
145.447867,29.709171,10.419742,0.695593,22.583836,4.895723,2.851239,0.307573,825.148517,1357.900612,2089.970124,24281.520978
85.734133,11.108997,3.625776,0.666984,22.063924,7.717540,3.063895,0.391390,172.133239,105.931920,286.362097,3250.396818
168.363959,30.473956,12.822901,0.566224,16.844457,5.524848,2.376526,0.213224,513.235457,167.254868,657.350319,5696.288756
206.152512,30.002195,10.964691,0.784373,21.331204,6.871248,2.736255,0.244020,1157.059757,744.202233,1858.457009,20394.167927
196.370400,27.311896,11.870326,0.742111,16.235208,7.189922,2.300855,0.190293,619.656263,119.622764,740.909757,6188.156352
226.923833,30.295102,10.422237,0.777105,21.597564,7.490446,2.906775,0.235488,1255.320138,651.173256,1929.238623,21435.263666
66.450158,10.880114,4.260729,0.610948,15.753995,6.107487,2.553580,0.317429,73.014730,88.206136,159.242980,1290.592425
157.578253,27.721489,10.751479,0.833198,12.314275,5.684336,2.578388,0.161126,329.500002,49.152569,382.542957,2423.411454
170.257616,33.524206,12.268741,0.619480,18.937828,5.078647,2.732489,0.238386,708.788607,420.702495,1149.791905,11201.792509
110.768871,13.155151,5.397949,0.583629,14.585761,8.420190,2.437065,0.227627,117.552308,38.146274,160.170305,1201.847029
205.501334,26.379466,10.821627,0.816651,18.598388,7.790201,2.437662,0.213094,858.150134,253.628658,1092.657236,10454.357693
191.413585,32.518525,10.307040,0.823185,16.081709,5.886294,3.154982,0.190919,687.666861,153.413307,815.504520,6746.781867
112.450980,12.590712,5.456895,0.827714,20.500048,8.931265,2.307303,0.317524,300.689036,379.135590,665.905922,7022.728238
210.863788,24.353174,7.398535,0.843533,18.500941,8.658575,3.291621,0.209265,734.137327,197.414337,920.388535,8759.980006
127.432465,26.515616,8.408188,0.720876,22.310703,4.805940,3.153547,0.324621,634.991795,1098.000505,1807.630081,20747.267864
225.985737,29.526773,9.456202,0.613935,13.721387,7.653587,3.122477,0.149921,404.940514,58.660921,470.287782,3319.707397
177.462091,30.592068,12.325607,0.846592,17.295591,5.800918,2.481993,0.213249,788.950057,269.572664,1029.002373,9155.665087
228.882539,29.723801,7.675881,0.844955,15.300433,7.700312,3.872363,0.166112,639.087924,95.113740,730.129522,5747.007032
180.263583,24.663329,7.966750,0.711894,11.236557,7.308972,3.095783,0.137462,218.654535,28.545484,253.706546,1466.570843
185.248883,25.135248,11.357879,0.691676,12.606632,7.370084,2.213023,0.152134,322.834027,43.033712,374.066221,2425.971345
227.145995,29.903242,9.905490,0.646889,17.498688,7.596032,3.018855,0.190703,690.772141,139.365742,823.497304,7413.200939
166.011368,26.365443,8.640779,0.817084,23.301644,6.296551,3.051281,0.297044,991.365175,1511.708129,2447.676464,29341.254944
193.311352,33.929349,10.110473,0.684635,22.714126,5.697467,3.355862,0.268331,1121.775274,1206.625940,2343.644619,27385.829349
154.992381,32.355366,10.866387,0.750849,10.471584,4.790315,2.977564,0.138153,237.274941,36.865177,278.894155,1502.414907
176.886122,23.486558,6.204986,0.842787,17.640623,7.531377,3.785110,0.217857,528.654766,184.952203,717.052410,6507.331334
145.526985,22.682166,7.981169,0.729611,18.716696,6.415921,2.841960,0.254836,461.949435,351.255702,806.859058,7768.997495
153.639227,27.069960,9.892789,0.695741,14.254993,5.675635,2.736333,0.188895,338.116067,71.027036,409.423455,3002.464264
162.346694,31.473722,11.011629,0.642877,17.506918,5.158166,2.858226,0.225679,555.699464,250.334569,807.124068,7269.224817
212.885148,22.784036,6.736014,0.592949,21.030146,9.343610,3.382421,0.236741,618.173399,271.315714,898.177380,9717.230784
192.256033,22.888682,5.816336,0.699524,21.245057,8.399612,3.935241,0.251664,633.687311,424.426864,1051.005777,11486.854103
192.278878,31.091075,7.432989,0.604929,17.571221,6.184375,4.182850,0.208132,515.926240,159.160729,675.729862,6108.198648
143.140034,31.441581,8.370009,0.578103,10.828961,4.552571,3.756457,0.148665,164.115326,29.917389,189.209264,1054.064803
104.290651,20.894857,7.128215,0.660631,18.898665,4.991212,2.931289,0.303957,292.612929,430.254005,714.712020,6948.648241
181.337329,24.728285,11.971953,0.727659,16.819483,7.333195,2.065518,0.205151,579.805367,141.027518,731.887431,6332.789277
184.850575,27.139921,7.646168,0.844041,23.559217,6.811021,3.549480,0.284613,1121.473637,1540.743036,2680.194661,32483.685598
153.552006,20.906382,7.184944,0.794870,18.774117,7.344743,2.909749,0.248849,483.223342,319.462304,814.806911,7869.593850
178.750354,25.739741,6.895278,0.741199,19.005591,6.944528,3.732952,0.233486,587.839919,296.154378,924.337580,9037.537088
143.672598,23.864156,10.600214,0.720312,15.187218,6.020435,2.251290,0.208111,358.152779,99.243853,442.454180,3456.882627
138.297211,17.472211,8.252576,0.687305,18.654934,7.915267,2.117183,0.260550,368.551383,259.815854,618.586531,5936.524624
178.315609,21.794801,9.126917,0.554293,23.599261,8.181566,2.387970,0.290273,711.001366,735.213214,1425.339815,17304.335396
169.659188,25.107920,9.812431,0.838068,17.642351,6.757198,2.558787,0.222470,629.628618,244.435939,842.669256,7648.067373
193.781044,26.701938,12.706865,0.693657,15.447632,7.257190,2.101379,0.182268,538.124110,91.952997,637.253553,5064.216631
189.089810,21.948247,9.288710,0.623102,13.350171,8.615258,2.362895,0.159462,283.247081,37.444803,324.426750,2228.135426
226.263562,31.208805,9.405827,0.581824,13.280659,7.249991,3.318029,0.145016,375.361779,56.344759,457.218311,3123.786561
157.589495,26.730847,12.721048,0.586953,18.959571,5.895417,2.101308,0.248067,582.009186,368.212860,974.985954,9509.659383
168.635051,30.455239,9.916540,0.665260,14.346551,5.537144,3.071156,0.181458,381.170320,76.342247,456.975077,3372.703243
104.706832,21.506896,8.862237,0.616695,16.989424,4.868524,2.426802,0.272706,256.342168,263.405764,531.460150,4645.018634
73.227222,15.326734,3.805919,0.745404,10.992787,4.777745,4.027078,0.210996,56.744139,18.021196,72.977276,412.699156
160.704885,17.966403,8.555676,0.732279,22.202551,8.944744,2.099940,0.287668,635.027693,657.451442,1284.532359,14671.889162
160.764035,29.175264,12.632445,0.763943,13.497064,5.510285,2.309550,0.174843,404.071690,70.442000,465.991685,3235.605703
208.365864,23.261469,11.399514,0.665595,13.912599,8.957554,2.040567,0.158306,402.230962,51.006544,446.628378,3196.632259
194.817926,29.918270,12.749680,0.635922,19.657213,6.511671,2.346590,0.231319,838.883536,380.001133,1220.130101,12338.608452
200.557704,21.371275,9.839357,0.702670,16.475177,9.384452,2.172019,0.191079,496.434870,84.152333,537.052073,4551.814770
217.794934,25.915023,12.849945,0.636335,14.776247,8.404196,2.016742,0.164454,507.377718,70.361943,600.296677,4563.186171
139.990283,23.287550,7.656926,0.686504,22.535261,6.011379,3.041370,0.312836,596.313631,891.711162,1544.971534,17911.055725
203.235516,28.177268,8.099783,0.647179,23.334469,7.212747,3.478768,0.268845,954.649633,903.192466,1855.059759,22268.652477
202.112267,31.270561,11.954452,0.552257,16.319929,6.463340,2.615809,0.188550,542.495758,113.314504,643.640042,5403.802094
156.562960,21.297950,7.487290,0.578783,23.340601,7.351081,2.844547,0.306388,572.579285,707.708463,1252.823653,15043.194909
163.724061,19.816135,8.224199,0.834083,16.061920,8.262159,2.409491,0.206179,411.619296,97.121026,496.146238,4099.635831
153.873157,20.515954,8.432192,0.601660,20.976028,7.500171,2.433051,0.277744,495.589451,461.823457,956.648777,10323.188883
169.957495,19.471780,7.192053,0.830675,21.575971,8.728401,2.707402,0.271834,688.295833,653.432837,1390.597258,15435.113392
170.850269,32.546882,10.599106,0.572541,12.204972,5.249359,3.070719,0.153367,268.677349,46.537358,310.190658,1947.617294
215.505391,23.326951,5.773694,0.715718,15.620740,9.238472,4.040213,0.174774,405.528842,61.849433,475.114923,3818.021703
176.511309,29.117564,7.167834,0.571781,13.644264,6.062022,4.062254,0.168681,268.613071,49.205859,323.980403,2274.086407
180.493024,32.825867,8.230994,0.627626,23.259793,5.498500,3.988081,0.284367,921.034142,1229.581550,2088.531042,24991.072373
187.614027,20.644994,8.909468,0.719645,14.620939,9.087628,2.317197,0.175326,357.322500,49.876040,418.168401,3145.318156
177.092580,24.437609,8.117195,0.784849,13.215570,7.246723,3.010598,0.163113,322.393992,45.553399,370.955517,2522.004377
88.466008,11.367243,5.127079,0.579752,19.704152,7.782539,2.217099,0.344091,153.792376,155.994860,306.693699,3108.856741
221.532802,29.028062,7.888804,0.746824,22.494292,7.631677,3.679653,0.248232,1112.252981,763.716504,1889.076758,21860.497817
134.799773,19.538548,6.760428,0.845362,22.216645,6.899171,2.890135,0.314295,592.326917,917.201580,1492.783070,17061.345977
160.877601,18.376152,7.543546,0.577376,13.988816,8.754695,2.436010,0.181149,208.718136,32.063785,236.423408,1701.412200
163.218326,30.128550,9.832664,0.761459,18.544770,5.417397,3.064129,0.238419,675.501488,419.064461,1136.245293,10840.059064
75.016401,10.222929,4.646647,0.738286,17.826632,7.338053,2.200066,0.338061,121.141289,141.150535,269.975826,2475.895299
171.936923,24.738472,9.820026,0.725068,10.556004,6.950184,2.519186,0.132227,208.880769,26.538083,238.904892,1297.366556
116.688369,14.566020,4.422681,0.551327,18.337229,8.010999,3.293482,0.278820,172.469614,152.664822,330.005437,3113.098830
190.908290,25.046870,8.085537,0.743433,20.030401,7.622042,3.097737,0.238112,720.468430,377.331723,1118.279197,11523.330023
176.072970,26.202338,8.643831,0.820919,23.641581,6.719743,3.031334,0.292640,1073.454753,1541.160554,2719.325775,33073.172793
160.666941,20.934799,5.881991,0.785851,18.939021,7.674635,3.559135,0.245413,467.443635,289.674298,771.246771,7514.308110
213.294139,31.963140,10.307577,0.618326,23.431738,6.673129,3.100936,0.263523,1152.022733,1015.879512,2162.229797,26064.203577
87.107938,12.896775,5.964058,0.557629,20.198982,6.754242,2.162416,0.355471,178.350376,176.055194,340.027610,3533.310189
131.715515,22.360925,10.376528,0.790234,11.069784,5.890432,2.154953,0.158425,191.480369,26.602694,223.527715,1272.942046
147.637831,25.192112,7.283704,0.684432,14.178907,5.860479,3.458695,0.191667,267.831760,59.119917,319.782277,2332.572966
181.433798,19.138577,5.882992,0.608304,13.789983,9.480005,3.253205,0.168154,212.232799,29.226292,252.551848,1791.646803
97.198252,10.311062,4.069805,0.781509,18.046121,9.426599,2.533552,0.300648,154.252869,167.607494,329.218070,3056.367993
140.772284,27.588962,11.345343,0.797620,17.754028,5.102486,2.431743,0.245777,579.773305,421.361738,996.344703,9100.067923
68.856813,10.338688,4.439183,0.649973,14.721469,6.660111,2.328962,0.291394,69.336466,70.893150,139.140373,1053.761723
186.036131,33.865589,8.380727,0.710434,22.545731,5.493368,4.040889,0.271500,1031.674976,1237.595490,2261.787199,26233.375610
128.273273,26.627215,9.959364,0.593982,14.877488,4.817375,2.673586,0.215757,273.328705,97.230447,377.936810,2892.590149
177.181498,30.732629,7.922956,0.637772,19.746049,5.765257,3.878935,0.243655,639.071159,422.328579,1056.870480,10735.940298
154.173741,30.511371,10.042095,0.676651,17.726427,5.052993,3.038347,0.234487,536.438010,299.796256,824.928848,7522.735746
136.755489,26.290793,11.036782,0.823943,10.992163,5.201650,2.382107,0.154388,228.686602,33.228262,261.340210,1477.840303
82.567206,17.836554,6.234762,0.598500,18.302669,4.629101,2.860824,0.330837,178.885984,260.918318,424.739590,3999.219720
132.232933,24.875439,12.422105,0.845739,22.896038,5.315803,2.002514,0.327035,926.564771,1588.382160,2517.316215,29650.786632
210.376562,33.114943,9.849206,0.779281,15.892407,6.352919,3.362194,0.179968,684.076016,128.611540,846.274958,6918.935553
169.235242,32.595425,8.113266,0.671117,23.370311,5.191994,4.017547,0.295068,926.818544,1446.627404,2452.755870,29488.787565
174.413947,22.067414,8.429407,0.821841,20.543527,7.903688,2.617908,0.255498,730.723789,545.750474,1274.251495,13466.919484
188.060461,33.727596,11.473456,0.829393,12.810492,5.575863,2.939620,0.153434,475.256276,71.852212,547.327760,3607.043646
212.678246,25.325932,11.357323,0.604876,20.627430,8.397647,2.229921,0.232320,827.863705,333.997605,1173.565251,12453.472865
186.964001,32.144221,11.616638,0.734052,22.452116,5.816411,2.767085,0.269701,1170.349117,1275.628270,2397.897179,27696.567447
198.283321,28.192093,8.507667,0.745048,20.708184,7.033295,3.313728,0.241547,871.525109,522.806654,1353.851962,14422.856979
112.636422,22.353826,8.766388,0.630583,17.482877,5.038798,2.549947,0.270568,297.249688,298.504297,601.344993,5408.473545
156.491197,21.345105,8.946716,0.594775,20.882721,7.331479,2.385803,0.274186,519.988662,465.918913,1005.696353,10804.186325
206.382660,30.328187,7.488892,0.558806,16.344645,6.804979,4.049756,0.186871,441.509966,93.618827,534.617371,4495.279204
225.599093,30.983475,11.489249,0.582912,18.286542,7.281271,2.696736,0.199971,749.873698,176.990150,940.907836,8851.498062
225.973259,27.272526,9.722958,0.669740,11.073647,8.285747,2.804962,0.120995,282.749037,35.105219,327.876659,1867.838344
130.094870,21.525781,7.524803,0.687581,18.358002,6.043677,2.860644,0.264362,361.882042,322.275272,671.602750,6342.726391
135.345433,20.018862,8.518260,0.683735,17.393187,6.760895,2.350112,0.245562,343.466612,197.848246,535.118266,4788.142220
193.037278,20.849582,6.693050,0.735277,15.523534,9.258568,3.115109,0.183516,369.318679,58.368086,425.708787,3399.705760
131.241752,25.359717,12.576966,0.725373,11.867801,5.175206,2.016362,0.170152,236.255718,39.133299,279.268601,1705.023941
138.264699,29.747764,9.400703,0.758618,18.392345,4.647902,3.164419,0.256912,559.702698,538.635820,1124.735721,10642.060162
191.501350,27.631056,8.834682,0.692942,16.102189,6.930656,3.127566,0.191118,492.841803,101.938652,591.290993,4898.062178
76.851478,16.395586,6.722173,0.551143,18.248383,4.687327,2.439031,0.341902,156.723619,206.405505,365.420880,3430.487659
148.571732,27.966169,11.163833,0.550421,15.459960,5.312552,2.505069,0.208326,342.572934,102.267291,458.996795,3650.531758
101.819677,13.933439,4.800137,0.552143,18.515952,7.307577,2.902717,0.301393,158.923553,176.183210,330.028811,3143.663192
127.442261,17.918024,4.298814,0.704858,19.366993,7.112518,4.168132,0.281779,287.522075,323.790796,623.404245,6211.122043
156.943757,18.985739,7.315971,0.726883,19.508070,8.266402,2.595108,0.255768,462.053452,312.498560,764.042850,7667.788712
190.196548,27.917207,9.480127,0.561517,10.300931,6.812879,2.944814,0.122681,184.394025,26.197766,199.397999,1056.660230
199.662576,30.491182,9.206056,0.648414,20.652922,6.548207,3.312079,0.240069,827.909968,475.425021,1308.216691,13899.504048
138.835607,29.078580,9.084406,0.569541,20.945070,4.774497,3.200934,0.291968,539.388625,751.060320,1260.386400,13580.746002
163.472455,33.591742,8.361551,0.758074,21.898302,4.866448,4.017406,0.281314,928.982661,1376.739632,2246.964713,25313.068306
177.643214,24.410511,6.455396,0.798326,20.584776,7.277325,3.781412,0.253674,693.751295,543.895545,1243.972897,13173.317967
161.900466,23.595222,11.710314,0.596756,19.243778,6.861578,2.014909,0.248410,559.490268,330.039718,868.726719,8600.260916
131.504145,17.021428,4.713278,0.565567,17.794220,7.725800,3.611378,0.254867,207.095656,132.645559,340.398777,3116.054504
229.733004,32.732539,9.365644,0.695689,12.600408,7.018490,3.494959,0.136545,414.403722,59.202771,462.820265,3000.095625
128.546916,20.101016,4.845924,0.754846,15.125384,6.395046,4.148025,0.219119,220.339063,80.583454,290.504872,2260.465713
113.716531,21.683702,10.786201,0.714425,13.528152,5.244332,2.010319,0.208368,225.158256,63.866763,294.276878,2048.013122
198.400772,24.732015,8.086445,0.583053,20.564745,8.022022,3.058453,0.239803,626.032860,308.527308,920.358979,9736.854876
110.879867,19.336124,5.343049,0.749831,22.116258,5.734338,3.618931,0.344976,396.347547,584.577089,974.682151,11089.520478
201.005693,27.641915,12.475398,0.596412,23.351442,7.271772,2.215714,0.270529,1080.069131,957.145091,2065.424843,24811.967378
208.801105,28.372316,8.997989,0.596380,13.354657,7.359325,3.153184,0.151799,335.521996,49.718421,384.197895,2639.525331
153.413180,23.720939,8.855268,0.725390,14.862890,6.467416,2.678737,0.197095,335.153856,74.650688,404.194824,3090.523989
175.657734,30.892787,8.681601,0.653009,17.695642,5.686044,3.558420,0.219299,548.834602,214.594607,769.429463,7004.437307
132.007362,26.551629,8.271894,0.744366,18.095570,4.971724,3.209861,0.258688,453.374601,428.328545,884.598347,8234.865268
125.778145,22.600714,6.559737,0.845927,15.526504,5.565229,3.445369,0.227392,309.349610,147.873770,459.519630,3670.420687
142.983665,17.258618,5.584489,0.737518,18.786996,8.284769,3.090456,0.258058,338.717213,241.821276,563.861095,5449.636999
151.318287,22.375095,7.403660,0.628154,13.993878,6.762800,3.022167,0.186851,232.201600,43.997445,280.438437,2018.894909
201.472227,21.572954,6.452937,0.738899,18.368288,9.339112,3.343122,0.212552,531.486351,143.293326,661.817786,6253.817667
128.649740,22.078877,8.612887,0.572081,10.979436,5.826824,2.563470,0.158993,127.362273,19.846523,149.795315,846.089605
131.207197,25.752335,10.761589,0.826536,14.369959,5.094963,2.392986,0.206054,357.429511,104.476221,463.976357,3429.963495
87.978006,10.160553,4.366670,0.681369,18.149984,8.658781,2.326842,0.317828,129.437498,142.272874,272.030753,2539.991984
75.085049,14.263225,3.633304,0.657583,20.419798,5.264241,3.925690,0.387060,152.748348,124.688763,284.551448,2989.168179
162.958691,25.379697,8.912522,0.696598,15.178860,6.420829,2.847645,0.195301,368.564281,81.416740,450.298697,3516.235424
205.468992,31.047311,10.934070,0.612769,12.568138,6.617932,2.839502,0.144013,347.433786,51.797599,402.395498,2601.729510
184.512611,27.542068,11.838087,0.757453,10.822715,6.699301,2.326564,0.130866,280.467203,35.772850,307.810163,1713.788795
225.504129,23.951590,6.736956,0.556134,18.541590,9.414996,3.555254,0.202803,500.769052,112.547299,610.498006,5823.302309
101.541773,16.901982,8.161606,0.650155,21.136530,6.007684,2.070914,0.344520,333.765052,412.012988,749.093636,8145.315491
206.884980,26.152113,8.420753,0.749954,10.017747,7.910832,3.105674,0.114396,221.394975,26.621051,251.882548,1298.094275
228.780377,32.530186,7.781832,0.725217,11.219824,7.032864,4.180274,0.121837,322.014721,45.170800,383.007404,2210.707732
131.037411,27.664234,11.902745,0.649041,23.383468,4.736708,2.324189,0.335517,778.303393,1214.004065,1953.140677,23495.276442
195.402025,24.156251,9.692985,0.586760,17.261432,8.089087,2.492137,0.202822,483.203105,109.218278,578.605630,5138.041213
153.325241,22.535088,10.683526,0.775148,19.989787,6.803845,2.109331,0.265158,661.351971,592.392360,1240.469685,12756.526541
121.483327,26.282246,10.270470,0.662875,20.478831,4.622258,2.559011,0.305176,523.302498,818.304040,1290.912210,13600.033660
123.803412,25.881486,11.864650,0.587858,22.741199,4.783474,2.181395,0.335699,630.814544,926.616413,1536.951474,17980.908397
114.233277,20.315845,4.983987,0.774888,13.582867,5.622866,4.076224,0.208737,170.290208,51.955088,217.712479,1521.293070
154.654285,31.855439,12.157716,0.826044,12.176348,4.854879,2.620183,0.160820,359.713130,58.354172,411.593055,2578.239053
218.221007,27.306128,12.233732,0.710520,22.149788,7.991650,2.232036,0.246278,1188.698690,699.750804,1921.089911,21890.484856
191.981758,24.737033,8.902095,0.801457,12.162561,7.760905,2.778788,0.144178,316.359578,38.870800,341.359979,2135.874485
211.573784,26.448806,8.153108,0.757119,21.823174,7.999370,3.244015,0.246428,977.653103,617.172298,1536.241264,17247.074645
204.491911,27.556244,9.138231,0.814474,16.256283,7.420892,3.015490,0.186718,632.065343,117.041993,751.188657,6282.151229
150.866003,18.891313,5.963196,0.578646,10.050653,7.985999,3.167984,0.134401,95.968781,12.276218,108.070969,558.780764
87.709277,19.409766,5.147422,0.692385,21.731147,4.518822,3.770774,0.381122,286.213368,290.405572,547.363769,6119.230418
222.911547,31.726185,11.682455,0.812036,23.037931,7.026106,2.715712,0.253443,1574.643509,1254.927623,2870.978991,34026.055126
185.337348,26.259687,6.688270,0.677118,13.321636,7.057866,3.926230,0.160724,284.743250,44.055068,317.663817,2177.024935
163.154179,19.576319,7.945775,0.778718,18.594677,8.334262,2.463740,0.239107,492.767328,242.012962,727.447990,6958.709193
154.959662,29.151008,11.697848,0.669853,13.940484,5.315757,2.491997,0.183938,356.070705,72.028447,431.092626,3091.623071
146.805627,26.179952,10.864171,0.788261,20.501330,5.607559,2.409751,0.277916,741.201884,910.279283,1643.869281,17337.537856
194.503486,25.159943,6.316700,0.731994,23.425462,7.730681,3.983084,0.275885,882.866337,961.068255,1843.448634,22215.562874
133.704038,23.588029,5.766410,0.793855,17.998524,5.668301,4.090591,0.255663,394.464366,352.565531,741.975682,6870.125678
161.361081,21.634316,10.368502,0.804728,22.071354,7.458571,2.086542,0.285386,832.660703,977.354467,1781.954916,20233.164047
180.870603,30.278629,10.906181,0.829136,17.645234,5.973540,2.776282,0.215500,768.703349,275.694983,1025.606658,9309.929042
95.411753,15.624977,6.120542,0.726919,22.060898,6.106361,2.552875,0.370959,313.195022,309.584806,630.981489,7161.069826
177.504882,25.349797,7.784813,0.614241,19.337854,7.002221,3.256314,0.238400,526.596743,270.899404,799.655844,7955.170487
217.172682,32.687459,10.649286,0.571844,19.551581,6.643915,3.069451,0.217913,803.262316,281.193902,1093.482960,10998.463143
134.818963,16.354341,7.081446,0.843981,18.072788,8.243619,2.309463,0.255654,368.950896,257.586023,624.287672,5804.275440
204.849860,23.825932,9.377704,0.696378,14.335411,8.597769,2.540700,0.164511,398.841597,54.101371,441.845302,3258.505713
158.828740,21.409871,7.706539,0.834215,11.297947,7.418482,2.778144,0.147244,210.884121,25.485073,236.974077,1377.331522
227.814826,26.028631,6.322428,0.716809,16.733970,8.752471,4.116873,0.182101,538.429842,93.046908,648.176831,5579.953771
199.416566,26.363935,12.720095,0.832094,23.281437,7.563991,2.072621,0.270790,1401.405963,1414.795605,2812.281370,33682.682231
155.583822,27.264710,10.203906,0.597686,18.118428,5.706418,2.671988,0.238584,480.838941,261.995219,734.661297,6847.716832
112.042127,20.178746,9.556255,0.775635,19.177758,5.552482,2.111575,0.297585,417.167184,591.458781,1024.901128,10111.554129
173.193011,28.773162,8.461471,0.640868,16.931818,6.019255,3.400492,0.211321,465.148331,147.688603,606.252828,5280.748406
153.862942,25.825025,11.300204,0.580871,23.057399,5.957901,2.285359,0.305314,753.150624,1008.646803,1813.905575,21516.077010
102.769285,16.778489,8.074016,0.801931,20.999891,6.125062,2.078085,0.340243,396.249868,556.301643,931.356438,10061.693134
184.244333,24.019777,11.423285,0.618124,21.459218,7.670526,2.102703,0.259669,783.198948,558.447014,1361.004670,15024.900611
179.538673,26.427238,11.933950,0.756650,20.548103,6.793698,2.214459,0.251882,895.555252,640.129775,1543.241387,16313.370366
141.710676,16.386705,6.633224,0.690178,23.118453,8.647906,2.470398,0.318978,489.724847,597.206438,1079.772080,12841.890890
189.382036,32.785619,9.049557,0.643566,13.627276,5.776375,3.622898,0.162646,373.153467,65.276825,440.844713,3090.528736
222.815248,29.998332,12.965137,0.781033,11.749085,7.427588,2.313769,0.129281,433.475917,53.255675,491.080674,2968.212433
97.135984,17.378382,8.084107,0.562319,16.171883,5.589472,2.149697,0.269510,176.303138,152.525223,326.289026,2714.570736
186.319849,21.286782,8.299833,0.555991,18.945093,8.752842,2.564724,0.227966,460.131406,162.721648,605.993326,5906.125871
129.153324,15.911042,4.398935,0.756278,11.587236,8.117213,3.617022,0.167468,111.385606,14.992620,127.304833,758.862057
134.868081,17.267143,7.141655,0.830742,20.382862,7.810677,2.417807,0.288280,470.802640,557.009017,1003.661357,10524.233506
158.446214,30.177876,11.931206,0.762784,16.891560,5.250410,2.529323,0.220411,602.106040,244.908017,826.040913,7178.098692
160.409745,21.251420,6.180948,0.837966,17.227808,7.548189,3.438214,0.223418,431.251389,166.071005,566.608022,5021.701038
130.323358,28.900758,12.382817,0.812580,21.504029,4.509341,2.333940,0.309394,845.735309,1533.568489,2356.383311,26067.769557
151.619641,22.727090,11.237639,0.826725,12.616862,6.671318,2.022408,0.168297,302.703303,42.643047,356.998973,2317.162121
190.968973,29.262069,9.039510,0.666346,11.293911,6.526161,3.237130,0.134235,254.578617,36.468994,292.124170,1697.266160
109.843560,17.553893,6.829412,0.718040,21.377742,6.257504,2.570337,0.335026,369.719019,512.199466,901.856588,9918.304213
219.464540,27.470490,9.632439,0.836331,11.654143,7.989102,2.851873,0.129212,377.287705,44.127613,424.719440,2546.364500
163.061912,29.656641,11.313972,0.711295,13.500101,5.498327,2.621240,0.173646,366.871547,65.321119,435.571024,3025.060682
211.112656,30.408588,12.825146,0.634166,16.652933,6.942534,2.371013,0.188251,664.384266,130.512992,806.345759,6907.965166
229.042903,31.421880,7.525732,0.800568,10.509186,7.289281,4.175259,0.114055,306.513692,39.928110,344.267397,1861.243090
204.273249,33.368528,11.906510,0.637571,20.377897,6.121734,2.802545,0.234184,958.617974,491.741965,1450.539429,15206.420955
189.330377,26.268156,9.601865,0.658319,14.533130,7.207600,2.735735,0.173481,387.876350,62.618606,441.925128,3304.044970
178.704883,33.590048,9.647373,0.797205,18.623589,5.320173,3.481782,0.228823,821.354695,435.392573,1249.652024,11972.658383
147.464213,30.568348,12.479453,0.679442,21.853271,4.824082,2.449494,0.295581,849.707921,1270.759198,2070.431999,23276.384656
193.653942,30.096998,9.539889,0.776202,18.382423,6.434328,3.154858,0.216967,775.505556,280.171850,1040.558162,9840.274666
157.623832,22.735080,7.142618,0.600217,22.650734,6.933067,3.183018,0.296330,567.593215,697.380648,1249.655418,14561.652812
158.846174,33.321327,9.101038,0.811862,15.309245,4.767102,3.661267,0.199512,510.605219,147.657355,664.165696,5230.802531
168.873767,21.195155,5.811357,0.745264,15.500244,7.967564,3.647195,0.195912,317.877985,65.870090,374.620236,2987.224501
86.139849,18.350020,4.952952,0.647292,20.683378,4.694265,3.704865,0.366035,229.204836,272.431058,489.047119,5203.676345
218.755004,31.974300,11.228068,0.552628,13.886734,6.841588,2.847712,0.154214,420.128079,66.275560,475.942469,3400.107869
183.388964,22.030392,10.856332,0.604165,23.750548,8.324362,2.029267,0.288065,867.794494,876.642035,1704.454637,20825.584111
156.922220,28.303668,9.948303,0.651033,11.756449,5.544236,2.845075,0.154148,232.550467,36.997734,272.202923,1646.292694
117.357097,13.803115,5.415021,0.838573,20.196925,8.502218,2.549042,0.306220,322.822627,414.098313,744.546500,7735.977228
99.241660,14.912092,4.023528,0.671447,16.026253,6.655113,3.706223,0.264234,134.396306,110.647567,248.902443,2052.103478
145.360838,19.665584,6.210089,0.576774,11.129634,7.391636,3.166715,0.151621,116.916203,16.286479,135.841289,777.769285
134.920516,14.867718,6.412291,0.751027,12.132323,9.074729,2.318628,0.171557,141.266416,17.701075,165.278185,1031.567350
109.209833,20.594826,7.565047,0.651915,12.266486,5.302780,2.722366,0.192794,136.564276,29.662042,163.181396,1029.743130
170.773095,19.629839,9.476981,0.806116,12.971752,8.699669,2.071318,0.163039,293.834881,35.475618,316.067872,2109.196708
144.197051,26.741251,11.216649,0.591408,12.046738,5.392308,2.384068,0.164776,216.114043,36.503452,255.910307,1585.971459
125.888465,15.024938,4.092507,0.849019,19.019684,8.378634,3.671329,0.278429,294.118276,314.333606,601.662139,5887.000788
157.378122,19.134230,5.220976,0.595194,22.287938,8.224952,3.664876,0.291811,430.835001,473.143261,912.650572,10464.356379
146.436852,18.034989,6.745609,0.689716,17.452287,8.119597,2.673589,0.236881,315.124803,141.186033,449.351811,4034.381478
159.562018,20.257207,9.044353,0.649810,16.774881,7.876803,2.239763,0.218121,368.021981,109.157117,485.118276,4186.443130
198.608091,30.915804,11.662865,0.741029,18.517837,6.424161,2.650790,0.215822,848.857867,290.828875,1137.745421,10838.606730
106.118177,12.703605,4.867515,0.712904,20.985514,8.353391,2.609875,0.334602,246.428999,290.323199,542.671216,5858.608763
156.055181,21.305727,8.845840,0.692772,18.689220,7.324565,2.408559,0.245729,473.065210,270.992065,751.001819,7220.549877
226.695669,30.803840,11.773020,0.849059,18.193717,7.359331,2.616477,0.198474,1059.577639,242.864175,1290.870264,12082.091730
178.608198,26.339438,12.155679,0.791077,13.969142,6.781018,2.166842,0.171681,453.760803,68.799681,497.536035,3575.463645
176.739614,22.019823,8.272222,0.780531,15.877746,8.026387,2.661899,0.196167,428.077361,85.687551,512.473030,4185.988018
152.879722,20.305010,9.015726,0.845303,23.493083,7.529163,2.252177,0.312082,848.970058,1239.063366,2081.854938,25161.040282
141.113039,31.192831,8.802357,0.689194,23.180861,4.523893,3.543691,0.320516,803.092012,1451.450805,2274.180097,27120.177005
225.674543,32.665654,8.489858,0.777502,12.874866,6.908618,3.847609,0.140768,458.486866,64.831905,529.271006,3505.572247
79.047846,14.544501,5.904011,0.809001,10.138358,5.434896,2.463495,0.187295,65.234184,11.739463,77.396903,403.672645
194.571735,26.951560,10.743082,0.766915,10.913566,7.219312,2.508736,0.128508,285.030237,35.199429,329.110040,1847.761474
156.897505,23.671124,5.875126,0.789763,14.804035,6.628224,4.029041,0.194122,314.607384,69.854405,382.140347,2910.322405
193.571822,32.601135,10.519191,0.593177,22.072630,5.937579,3.099205,0.260577,933.616640,808.402104,1711.976324,19439.716918
164.562060,32.022578,9.315278,0.608540,23.020102,5.138938,3.437641,0.294745,840.995102,1225.253360,2070.777316,24523.290788
169.445090,32.397499,8.634082,0.786201,18.700246,5.230191,3.752280,0.235959,730.935128,459.326078,1151.284212,11075.618176
108.917818,16.952467,5.920799,0.633442,19.275360,6.424895,2.863206,0.303359,248.542725,313.865700,577.458020,5726.127655
115.181847,15.844086,5.504426,0.636173,14.408742,7.269706,2.878427,0.220515,141.298560,44.409454,179.787811,1332.675532
163.377287,30.980847,9.309659,0.672618,16.970016,5.273493,3.327817,0.218067,504.886704,196.676720,702.940406,6136.756189
91.991498,14.432298,5.382803,0.747413,15.908312,6.374002,2.681186,0.272429,152.358738,145.412225,296.366065,2425.440821
144.270081,15.455235,3.887139,0.562078,16.535697,9.334706,3.975992,0.226119,169.203325,56.454418,224.308069,1908.119286
118.382156,12.667530,6.105640,0.602326,22.824873,9.345323,2.074726,0.344563,310.188622,301.457963,616.954569,7244.353906
205.228598,26.892961,9.041684,0.562694,21.386277,7.631313,2.974331,0.245200,744.848445,419.995001,1167.849512,12848.729182
122.535063,25.651681,6.294377,0.776821,11.014194,4.776882,4.075333,0.163428,155.266379,26.916814,180.277035,1021.483250
116.158453,22.348985,7.215120,0.567400,22.079132,5.197482,3.097521,0.336481,395.727216,565.304703,981.281951,11145.868358
150.355675,23.748104,8.171021,0.834542,17.519377,6.331271,2.906381,0.234673,499.616848,265.818794,764.873907,6893.608487
90.316896,19.699757,7.200557,0.708234,10.530104,4.584671,2.735866,0.181992,89.548631,17.307861,109.557717,593.490438
221.971456,32.478982,8.239886,0.758542,22.376297,6.834311,3.941678,0.246685,1226.315318,881.126458,2020.546424,23259.220470
115.886490,16.049592,4.754583,0.632468,23.416190,7.220525,3.375605,0.357276,331.424362,357.039663,695.527558,8378.546307
77.675462,14.645595,4.190018,0.818244,20.194069,5.303674,3.495354,0.376344,206.485542,216.038845,422.265630,4386.798336
142.723168,25.265053,11.452908,0.829430,19.788270,5.649035,2.205995,0.272060,715.733192,815.364428,1624.152826,16533.805335
202.983564,30.770726,9.569414,0.686351,15.331324,6.596645,3.215529,0.176747,516.400843,92.622041,623.033935,4913.935715
159.159569,21.030601,8.877550,0.810391,14.145554,7.567999,2.368965,0.184165,328.805164,53.799654,394.799423,2872.993032
132.046888,23.509451,11.720432,0.589163,16.855446,5.616758,2.005852,0.240924,362.165533,196.244608,545.365567,4728.964611
219.370861,30.256191,10.134398,0.577352,16.411024,7.250445,2.985495,0.181991,550.345598,102.424709,636.920812,5377.237743
228.640586,28.904022,12.344264,0.841432,15.645638,7.910338,2.341494,0.169950,783.692389,111.404023,900.296952,7246.314144
188.859212,24.267720,6.640789,0.766256,12.299320,7.782322,3.654343,0.146999,267.666600,35.023483,301.201287,1905.794300
184.316471,20.499328,7.876966,0.714730,17.158468,8.991342,2.602440,0.207587,443.485439,104.139823,543.577839,4798.200038
125.729978,21.291618,8.163384,0.677732,22.837518,5.905140,2.608185,0.334528,539.427497,769.965004,1347.780343,15834.564704
75.332164,16.136031,5.411613,0.726819,15.995881,4.668568,2.981742,0.302706,135.042101,202.137647,336.628982,2770.114928
138.986668,14.747823,5.777627,0.558169,23.103386,9.424216,2.552575,0.321879,359.318297,387.436778,753.818891,8959.437926
162.682588,29.296922,10.611759,0.627015,20.783558,5.552890,2.760798,0.267641,711.203983,698.262966,1413.608848,15114.272536
137.079443,20.149460,7.345317,0.752140,14.995187,6.803132,2.743171,0.210363,268.487183,74.483083,334.421847,2579.791700
89.706999,16.185132,4.029400,0.625229,23.186796,5.542556,4.016759,0.402097,242.840452,154.197261,406.828974,4852.781242
154.895272,22.222552,11.109826,0.754028,18.286165,6.970184,2.000261,0.241328,557.430815,302.954132,868.575753,8170.872472
132.687113,21.034159,5.692319,0.779738,17.586485,6.308173,3.695183,0.250766,339.022720,252.578006,576.964877,5219.952167
180.204326,26.822672,8.827734,0.776410,17.396286,6.718358,3.038455,0.212852,593.615003,187.626335,787.887828,7051.135135
187.771745,22.901238,8.821038,0.741162,21.042200,8.199196,2.596207,0.252220,766.050189,506.150444,1281.799995,13875.527766
134.610407,29.749505,10.014168,0.840909,21.244273,4.524795,2.970741,0.300750,819.365120,1494.943098,2327.102943,25432.881909
131.104013,20.814802,7.288555,0.713423,20.826385,6.298595,2.855820,0.298751,461.914984,627.210480,1126.202231,12066.140596
121.099766,18.779088,6.268672,0.797420,22.245917,6.448650,2.995704,0.332034,481.368235,730.194159,1200.162286,13734.991446
210.747036,29.154969,10.289595,0.559403,17.333567,7.228512,2.833442,0.196115,568.358154,126.282421,678.153485,6047.196171
93.449142,12.032431,4.330691,0.679705,22.578290,7.766439,2.778409,0.383625,223.090281,156.833029,384.665919,4467.996929
171.147909,28.228164,12.102173,0.620175,18.897318,6.063020,2.332487,0.237256,645.792696,334.878724,971.071819,9440.383544
156.856805,31.198045,11.059216,0.708006,22.221012,5.027777,2.821000,0.291418,916.876650,1357.033421,2297.319502,26261.729966
136.010233,20.090278,8.174840,0.725530,20.884808,6.769953,2.457574,0.294136,503.136746,632.200875,1140.928496,12258.209130
129.713272,28.542466,12.683857,0.734225,21.515152,4.544571,2.250299,0.310281,769.031043,1307.899975,2071.695806,22930.235861
136.676160,29.336388,11.098031,0.703504,10.261285,4.658929,2.643387,0.144165,183.926828,29.111081,215.235094,1136.195122
111.688792,17.998219,4.537692,0.842776,16.746332,6.205547,3.966382,0.260267,242.540006,223.717160,472.675455,4072.122767
98.914590,17.118229,8.077782,0.675368,19.814775,5.778319,2.119174,0.327237,298.152500,410.267746,713.097785,7269.027895
150.229164,27.389057,10.742591,0.592612,14.021489,5.485007,2.549576,0.187897,294.793470,62.336873,349.625178,2521.941105
220.141374,31.908082,11.613591,0.726430,23.824298,6.899236,2.747478,0.263738,1486.417521,1370.634100,2916.594761,35746.564593
180.579516,27.712633,6.651854,0.669620,10.447826,6.516144,4.166152,0.127701,180.487179,26.239495,207.794801,1116.859903
156.547478,17.405948,7.976089,0.617389,19.741079,8.993907,2.182266,0.259150,410.825011,259.463848,669.952192,6803.819681
88.906396,17.904648,5.936651,0.771566,15.578025,4.965549,3.015951,0.271362,173.787703,191.275170,363.846256,2915.871649
147.564114,25.639845,12.049153,0.619606,12.077457,5.755265,2.127938,0.163301,233.661432,37.104013,268.117724,1665.862416
202.514756,25.764482,7.191188,0.842917,22.273950,7.860230,3.582785,0.257082,1031.268332,865.569527,1896.658823,21733.244359
135.952805,28.315832,7.253678,0.591223,15.541782,4.801300,3.903652,0.218933,278.671221,112.842209,377.308420,3016.722792
176.474593,31.819992,10.543518,0.625966,23.221167,5.546029,3.017967,0.287109,978.927139,1280.069618,2339.673771,27949.719265
113.613469,21.911664,10.584295,0.557086,10.070976,5.185068,2.070205,0.155189,106.767573,16.720709,125.539397,650.413717
70.637415,14.928637,3.771827,0.639571,18.660123,4.731672,3.957933,0.364671,124.645250,145.275576,271.996383,2611.053325
191.099307,27.938805,7.665957,0.826498,10.683452,6.839924,3.644529,0.126936,260.457997,33.445696,284.902492,1565.834858
178.851926,23.708343,9.250094,0.780198,16.991040,7.543839,2.563038,0.208678,538.038476,142.716789,687.206943,6006.833552
132.001792,14.942748,6.667228,0.681050,11.653414,8.833836,2.241224,0.166597,120.517706,14.944838,137.334966,823.327081
157.684515,31.142537,8.979407,0.734919,16.572967,5.063316,3.468218,0.216775,504.538562,198.861969,685.667959,5845.911418
149.337457,26.788247,11.155644,0.806494,16.242538,5.574738,2.401318,0.218310,509.593983,190.881049,710.432433,5936.285345
105.542905,23.105188,7.333302,0.820879,18.427170,4.567931,3.150721,0.294610,374.893636,616.301715,1001.676202,9495.637102
194.209041,22.462731,6.561088,0.816596,17.434957,8.645834,3.423629,0.205490,535.579477,130.872498,670.646850,6015.238910
150.704261,32.280163,10.437205,0.619075,23.727670,4.668634,3.092798,0.317465,884.479824,1480.663635,2446.877280,29867.948281
228.284815,27.599147,7.063018,0.789300,14.180665,8.271445,3.907557,0.154156,473.177809,64.069106,542.955098,3960.943238
135.413636,15.572274,4.710842,0.695152,17.945737,8.695816,3.305624,0.253299,245.411633,151.646383,397.435139,3669.151724
203.502561,24.982869,11.783523,0.829814,17.607173,8.145684,2.120153,0.202725,788.064073,178.624811,987.767574,8947.104509
156.848453,17.201535,8.490914,0.825024,18.788257,9.118282,2.025876,0.246405,495.179419,271.422312,767.590058,7419.146452
150.975301,32.978540,10.515220,0.605747,22.038569,4.577986,3.136267,0.294601,769.064775,1154.779764,1909.554355,21649.781628
225.624406,29.102468,8.712435,0.607713,21.640337,7.752759,3.340337,0.236633,902.618489,442.792960,1338.685394,14903.238270
165.478981,25.581765,10.736685,0.822872,19.573817,6.468630,2.382650,0.249924,772.735572,563.057531,1358.227367,13676.850613
148.468653,25.735740,10.461440,0.779540,19.017776,5.768968,2.460057,0.256357,625.923293,528.637679,1165.253152,11400.348569
212.096981,22.949610,6.391837,0.612332,13.878297,9.241856,3.590456,0.156521,284.643375,38.686362,334.815455,2390.450701
137.538603,27.478270,8.986806,0.608442,16.684556,5.005359,3.057624,0.233672,355.014716,186.554396,542.635815,4657.589564
192.936104,31.856062,11.925765,0.618907,14.285250,6.056496,2.671197,0.168921,446.078655,77.147296,519.654961,3818.924167
224.253680,24.916298,8.547149,0.687953,14.831954,9.000281,2.915159,0.162679,446.596125,60.568144,505.324344,3855.730861
67.886894,12.627637,5.764572,0.780694,19.419006,5.376057,2.190559,0.387113,170.558897,133.789625,311.964109,3116.518748
104.151513,17.611037,5.154604,0.608513,19.264163,5.913991,3.416565,0.310042,221.668971,302.004000,523.612712,5189.176507
124.782613,19.504906,7.762541,0.566628,16.432748,6.397499,2.512696,0.241622,233.714210,120.564354,372.299022,3147.314927
220.548047,24.315125,8.171742,0.789032,20.791799,9.070406,2.975513,0.229956,918.141069,379.875888,1314.124564,14056.160442
192.973716,21.494653,6.358151,0.648591,22.236969,8.977755,3.380645,0.262924,642.416160,484.158068,1146.995690,13121.258286
156.741183,24.721292,10.198296,0.814617,12.317607,6.340331,2.424061,0.161599,293.300225,41.406341,335.724987,2127.394997
173.685072,33.831326,9.404780,0.764488,12.674737,5.133853,3.597248,0.157965,370.456128,62.742097,429.915409,2803.238773
86.713620,15.321890,3.763675,0.742873,22.537377,5.659460,4.070991,0.397524,249.225357,176.901888,427.001637,4950.750275
93.610578,20.112172,8.078805,0.796627,13.776177,4.654424,2.489498,0.233867,182.021080,98.793984,279.008624,1977.354102
141.467764,25.036987,12.108749,0.582935,11.134143,5.650351,2.067677,0.153756,183.686109,28.169701,214.405968,1228.094431
209.612983,31.287143,11.549277,0.660887,20.947341,6.699652,2.709013,0.237642,1013.207845,539.374490,1618.475757,17441.073362
149.972222,19.866048,6.801182,0.742169,23.891141,7.549172,2.920970,0.320431,658.689551,927.602853,1608.898008,19774.409195
193.940810,22.262301,9.786711,0.591253,12.428715,8.711625,2.274748,0.146587,251.934865,31.819385,273.327388,1747.621923
204.369381,28.674501,9.881009,0.702289,21.990765,7.127217,2.901981,0.252660,1017.130687,734.441789,1775.794635,20089.595020
184.582181,22.649085,8.447651,0.564826,17.757212,8.149653,2.681110,0.214676,425.287713,119.359317,533.899806,4877.223379
185.367730,29.805871,12.901925,0.725149,19.011239,6.219168,2.310188,0.229349,846.573045,386.787013,1221.130716,11942.924443
148.508226,32.335289,9.567038,0.741381,17.535205,4.592760,3.379864,0.236341,563.984972,359.639010,934.457883,8429.633478
123.583123,17.164875,4.102781,0.845904,10.749512,7.199768,4.183717,0.158823,108.535370,14.295458,122.479280,677.313082
121.604675,20.156492,6.020592,0.560121,17.796995,6.033028,3.347925,0.265079,236.099744,200.858976,426.204113,3902.136283
134.286827,17.487340,5.679310,0.579250,17.275693,7.679088,3.079131,0.244863,224.754382,117.074897,341.796832,3037.677100
180.211835,29.392125,10.903365,0.670979,13.429140,6.131297,2.695693,0.164309,367.656337,59.304762,434.618109,3002.576706
171.055778,20.321145,7.958549,0.754668,13.097493,8.417625,2.553373,0.164484,263.523123,34.193732,303.272925,2043.430792
149.079978,16.465485,7.835253,0.698890,23.027740,9.054090,2.101462,0.309774,560.091797,651.068809,1169.277188,13851.821863
188.212962,27.451929,8.331780,0.816608,18.987947,6.856092,3.294846,0.227330,760.448658,343.163636,1091.149072,10658.600970
129.444267,18.995506,6.876845,0.755049,19.163444,6.814468,2.762241,0.276653,381.621687,402.113417,789.106140,7779.417536
119.509009,22.358985,8.679709,0.578146,11.161531,5.345010,2.576006,0.167698,125.555413,21.240038,148.728168,853.994579
115.373131,19.996009,9.995623,0.581546,16.484776,5.769808,2.000477,0.252078,260.506955,169.031397,426.638810,3618.107894
114.488885,23.603076,6.631188,0.665863,20.517095,4.850592,3.559404,0.314947,388.217496,635.040543,1017.294971,10737.442880
138.229747,25.960661,9.347575,0.703865,22.570205,5.324585,2.777262,0.315310,703.535328,1128.590186,1805.353712,20962.154308
176.859075,25.333938,9.567535,0.693844,21.533511,6.981113,2.647906,0.265953,784.461497,698.907640,1454.315079,16110.590218
195.417375,23.226379,10.341521,0.746136,19.698947,8.413596,2.245934,0.231454,766.073619,317.054412,1044.517577,10585.146611
140.438971,20.680991,6.865384,0.676007,21.667940,6.790727,3.012358,0.300315,487.613631,637.641205,1152.785700,12850.035239
229.017126,32.420406,12.145116,0.662266,12.943249,7.063981,2.669419,0.140479,462.955684,65.257612,533.923087,3555.168007
117.954759,17.297937,6.260101,0.605048,14.397801,6.819007,2.763204,0.217742,154.070167,46.917997,198.934595,1473.481126
132.585036,21.767545,10.488078,0.721183,19.591124,6.090950,2.075456,0.279457,512.178163,565.896098,1116.393763,11251.614968
61.848077,13.496166,6.098471,0.816226,14.771596,4.582640,2.213041,0.308509,104.974669,162.685172,271.132240,2060.377040
165.228510,28.501651,10.358514,0.747847,12.330680,5.797156,2.751519,0.157561,308.421827,46.981226,354.055393,2245.930717
186.301383,21.111445,5.417220,0.694564,12.941385,8.824663,3.897099,0.155731,223.164196,29.585860,253.152253,1685.390912
212.549836,24.945171,9.733713,0.629064,11.976363,8.520681,2.562760,0.134927,281.208464,35.262340,306.761405,1890.008502
187.602409,25.909240,8.501666,0.691990,16.566318,7.240753,3.047549,0.198660,483.174968,109.783743,600.364529,5116.572299
155.399732,33.268619,8.015506,0.594132,15.180128,4.671061,4.150532,0.200011,345.393406,102.668567,440.165739,3437.397641
154.282484,29.846529,8.520047,0.618355,11.814258,5.169193,3.503094,0.156225,212.995367,36.928665,245.717593,1493.416006
184.556851,25.623191,11.986616,0.807972,11.414343,7.202727,2.137650,0.138003,319.353706,38.468367,369.889353,2172.005219
216.568853,30.855070,9.826653,0.781486,15.529325,7.018907,3.139937,0.173324,643.875590,105.787757,758.821150,6062.197959
223.951611,32.402665,11.671873,0.659862,20.211128,6.911518,2.776132,0.221828,1026.200346,386.269700,1360.746023,14148.348008
115.776840,17.881799,6.494709,0.821405,21.127333,6.474563,2.753287,0.322506,427.166269,656.107614,1098.365806,11937.950919
199.036802,25.647822,11.730599,0.728685,23.452028,7.760378,2.186403,0.273034,1184.878423,1142.597277,2340.062676,28232.283029
188.927712,22.040763,10.678081,0.672705,16.597894,8.571741,2.064113,0.198339,488.492370,96.512244,595.747946,5086.905084
87.985352,13.351673,5.103037,0.836258,13.506445,6.589837,2.616417,0.236505,112.991020,54.798726,162.173277,1126.830180
192.657829,32.012347,7.720155,0.789920,16.137349,6.018235,4.146594,0.190960,594.343795,137.332264,717.890464,5959.756113
125.959641,13.268676,6.436603,0.584937,21.059084,9.493007,2.061441,0.308196,289.892560,292.902442,600.682436,6507.624857
164.356595,31.705298,9.614081,0.551253,16.161992,5.183884,3.297798,0.207064,402.457351,125.376400,531.834238,4421.903772
120.809230,18.939563,7.769304,0.560385,20.458411,6.378670,2.437742,0.305721,335.519103,415.136280,728.979461,7672.295136
96.458818,15.358519,3.812382,0.691836,21.935293,6.280477,4.028589,0.366839,242.805084,260.747417,509.248516,5746.604510
98.420842,21.176551,7.834275,0.557494,18.500137,4.647633,2.703065,0.306292,246.180001,352.035476,594.548202,5658.484235
214.073333,23.800138,6.996767,0.763341,15.151975,8.994626,3.401591,0.170095,442.579672,62.636715,495.551005,3862.742079
107.277907,19.561527,6.930960,0.609116,21.760892,5.484127,2.822340,0.345084,347.257841,456.340855,801.401473,8971.497618
223.284457,23.726616,6.049864,0.625267,16.474846,9.410717,3.921843,0.181091,417.422338,69.083603,497.081373,4212.956332
65.580077,14.025205,5.586453,0.744457,13.161473,4.675873,2.510574,0.266945,79.768977,76.390443,157.047893,1063.346278
212.983898,24.991549,6.189908,0.665210,20.969192,8.522237,4.037467,0.236000,696.502787,335.004123,1068.952757,11531.300976
133.105933,26.084024,11.143889,0.776064,23.421847,5.102968,2.340657,0.333446,869.813450,1448.347865,2283.237455,27511.250555
171.423063,18.973866,8.827045,0.727898,23.640023,9.034694,2.149515,0.296563,784.896406,887.583462,1624.010508,19750.351699
135.235056,20.465757,6.925046,0.785683,22.965906,6.607870,2.955324,0.324371,607.324718,932.369325,1557.599551,18402.528517
206.194494,27.243948,6.604449,0.684836,20.882402,7.568451,4.125090,0.238861,748.701535,411.329361,1165.335080,12518.992266
193.506530,31.190041,8.652719,0.578491,10.074391,6.204113,3.604652,0.118953,187.346742,28.486424,217.375813,1126.595773
118.458742,23.697108,6.153627,0.693938,20.942247,4.998869,3.850917,0.316041,420.951664,706.577847,1159.249991,12489.310843
211.386716,30.181982,12.585081,0.767687,13.529258,7.003739,2.398235,0.152841,525.187887,71.980311,602.429358,4192.935912
153.557298,29.786634,8.195594,0.702542,20.597295,5.155242,3.634469,0.273010,665.824331,797.964602,1442.582934,15285.832041
172.176284,18.637833,6.524489,0.799531,22.258121,9.237999,2.856596,0.278616,663.143220,665.478871,1341.326739,15358.938194
228.469302,24.280849,9.038740,0.609677,21.569837,9.409445,2.686309,0.234389,838.343018,344.328334,1196.536449,13277.334669
169.900208,21.373247,6.997346,0.730718,11.173971,7.949200,3.054479,0.140804,183.420093,22.588885,208.321309,1197.510505
104.233739,19.852411,8.061069,0.590579,20.255269,5.250432,2.462752,0.325865,314.301671,442.515323,741.763899,7729.329526
134.374986,21.413999,8.921799,0.582601,11.642024,6.275100,2.400188,0.164958,150.086757,23.181565,169.914945,1017.649351
151.960086,26.906960,7.098680,0.682255,20.648678,5.647613,3.790418,0.275126,571.789479,666.719377,1246.260741,13238.515208
116.438478,25.663652,7.643926,0.836425,20.774022,4.537097,3.357391,0.316210,566.674009,1088.558310,1697.684142,18143.270982
129.786504,23.844660,11.592332,0.817034,20.469032,5.443001,2.056934,0.295112,674.921987,1001.696928,1649.651962,17371.116760
117.543216,21.495732,6.877608,0.669999,20.576233,5.468212,3.125467,0.311724,385.353107,579.980713,966.947363,10235.447080
130.455907,24.733396,11.989468,0.713900,23.395782,5.274484,2.062927,0.336441,797.619042,1211.079403,1940.685305,23357.738272
87.484220,14.456601,3.514918,0.596961,22.360975,6.051507,4.112927,0.392672,188.169977,131.690260,323.373358,3719.915530
167.918871,26.263338,11.953635,0.689020,10.428379,6.393661,2.197100,0.132181,217.381300,28.878208,247.101288,1325.653212
178.789366,20.804548,7.721728,0.803071,15.103573,8.593763,2.694287,0.185529,380.608019,61.611439,434.273954,3374.283727
151.354063,24.177022,11.984878,0.631626,21.752835,6.260244,2.017294,0.290417,709.280096,839.545716,1517.574374,16982.591151
92.041010,12.505633,4.797600,0.623763,23.491807,7.359964,2.606644,0.402188,236.482101,121.756793,357.944622,4325.839221
113.530402,16.799360,8.237641,0.651767,15.716524,6.758019,2.039341,0.242272,211.749582,106.838187,318.407331,2574.409776
138.737298,19.650048,6.055383,0.556723,18.160662,7.060405,3.245054,0.253244,270.271307,174.959925,458.670110,4285.191293
212.422941,33.825967,10.596622,0.669177,15.049583,6.279878,3.192146,0.169601,559.555639,97.679905,666.047148,5156.648785
152.691616,33.008658,10.748341,0.806119,17.700027,4.625805,3.071047,0.235272,679.552586,431.985309,1146.727017,10441.720777
137.695473,27.568502,9.000226,0.601703,11.445613,4.994666,3.063090,0.160207,174.186654,30.345895,199.394208,1174.058437
182.392792,31.971467,12.884237,0.798045,20.454572,5.704862,2.481440,0.248766,1089.317873,835.075222,1973.508643,20766.702131
126.627333,26.377311,8.636905,0.786763,19.253225,4.800616,3.054024,0.281024,526.870460,732.732579,1311.149863,12986.554352
145.461169,20.513851,8.223467,0.793822,19.744500,7.090876,2.494550,0.268891,530.594374,504.904554,1060.977127,10776.811111
106.435538,15.767426,6.568800,0.717666,19.349242,6.750343,2.400351,0.308052,276.410577,361.067516,654.762562,6517.573002
105.304501,18.003117,5.048316,0.771364,16.986315,5.849237,3.566163,0.271881,222.649023,239.352227,460.995689,4028.414402
192.956801,31.771797,8.543735,0.668104,17.656682,6.073210,3.718725,0.208777,612.063160,190.931131,791.953075,7193.606186
101.242212,10.831637,4.352496,0.785321,15.603847,9.346898,2.488603,0.254715,129.550531,76.456284,205.078207,1646.225461
169.479270,30.778760,7.845811,0.773138,17.885167,5.506371,3.922955,0.225652,617.162773,298.070104,948.303794,8725.264457
196.257330,26.843015,7.602200,0.577011,15.238670,7.311300,3.530954,0.178664,356.347979,63.997390,421.803394,3306.703321
146.372276,30.072108,10.685349,0.808422,14.922171,4.867377,2.814331,0.202584,449.528737,129.833931,593.394178,4555.262505
198.940457,27.448761,8.287314,0.747516,21.180293,7.247703,3.312142,0.246646,890.639755,587.442057,1466.916185,15983.628550
226.753870,27.525934,7.375279,0.598428,14.690535,8.237827,3.732189,0.160237,389.212827,58.717288,457.492419,3457.479490
162.273822,27.508881,10.438174,0.769870,18.425577,5.898961,2.635411,0.237575,652.602419,373.738191,1023.074548,9697.649733
119.226161,23.615282,10.609641,0.711244,13.726448,5.048687,2.225832,0.206479,248.331524,70.452296,317.884762,2244.739640
68.459675,13.589955,5.955854,0.758053,13.488215,5.037520,2.281781,0.267757,89.272994,83.905016,172.125355,1194.365980
175.650408,20.227043,8.580070,0.776593,11.385834,8.683939,2.357445,0.141105,220.175172,24.637789,243.365882,1425.484977
122.316467,25.081114,10.667396,0.697138,23.396913,4.876835,2.351194,0.347472,701.497003,1026.977762,1777.871123,21399.170857
139.341300,26.299749,6.309782,0.619999,15.453300,5.298199,4.168092,0.215023,265.474715,96.118920,364.837471,2900.405975
205.966449,30.907355,7.874469,0.633868,20.050033,6.663995,3.925008,0.229467,745.533606,346.510888,1077.724839,11116.321452
155.950285,18.883387,6.987359,0.597783,23.577608,8.258597,2.702507,0.310106,541.464422,640.311567,1174.815759,14249.762032
166.193645,32.213078,8.106905,0.716415,21.963184,5.159198,3.973536,0.279828,859.264602,1176.266833,2118.443564,23935.930093
175.545201,22.288148,10.973828,0.751343,10.949497,7.876168,2.031028,0.135739,235.423258,27.303263,264.565236,1490.270251
163.977112,32.815678,12.770019,0.844706,11.287701,4.996914,2.569744,0.144783,349.212219,51.207019,397.702814,2309.416467
103.684040,16.456670,6.936513,0.617354,10.297980,6.300427,2.372470,0.166111,76.866211,11.195335,88.357040,468.092087
211.127939,30.781541,8.088018,0.753146,15.843335,6.858914,3.805820,0.179092,583.832603,106.966764,696.338123,5675.509805
172.308022,22.084615,10.704399,0.634586,15.727451,7.802175,2.063135,0.196793,390.297060,77.747582,470.961435,3810.498602
158.169675,27.860434,7.620018,0.621838,16.115870,5.677215,3.656216,0.210473,358.502985,114.474217,490.251146,4064.531301
209.146108,22.177886,9.716373,0.781413,19.704670,9.430390,2.282527,0.223794,804.262888,270.231873,1037.780991,10519.933499
216.384722,30.132690,12.544679,0.641010,23.227667,7.181062,2.402029,0.259356,1259.682975,977.852073,2371.584688,28338.857640
206.251937,23.207035,9.370091,0.801572,10.767486,8.887475,2.476714,0.123146,264.030998,28.555197,288.905462,1600.324931
151.729514,31.733652,10.562907,0.789870,18.208936,4.781344,3.004254,0.242802,676.187875,493.837059,1142.857161,10705.689368
118.682504,23.994644,8.930652,0.585987,21.039136,4.946208,2.686774,0.317204,434.920576,651.361919,1100.706271,11913.447514
193.754849,23.820634,6.318772,0.812765,10.512618,8.133908,3.769820,0.124048,211.005116,24.943158,231.271355,1250.750936
220.219047,32.416155,12.991220,0.687275,22.922202,6.793497,2.495236,0.253707,1397.407685,1041.918086,2535.686802,29901.298481
206.901354,29.080901,10.003203,0.787133,10.161303,7.114682,2.907159,0.116030,273.303248,33.854894,305.316159,1596.016254
225.953413,25.266037,8.900626,0.750820,13.584653,8.942970,2.838681,0.148437,424.869138,52.130110,477.359914,3336.050322
161.895979,21.843704,6.469581,0.576039,23.619907,7.411563,3.376371,0.304904,568.160781,713.795207,1325.481996,16106.089887
215.228011,33.592722,11.266862,0.846513,20.477481,6.406983,2.981551,0.229261,1305.600435,654.436284,1999.056476,21059.094706
121.954817,25.496212,8.378439,0.730279,10.734510,4.783252,3.043074,0.159656,153.242035,25.230023,181.373951,1001.602151
204.901709,23.264231,6.409047,0.805884,15.608345,8.807586,3.629905,0.179097,455.626052,71.147769,540.552185,4340.428404
161.323438,19.271808,8.451578,0.782809,17.103151,8.370955,2.280262,0.221172,427.837495,137.688791,547.061027,4813.378593
112.250897,22.702005,10.959938,0.825897,14.951883,4.944537,2.071362,0.231795,316.695347,163.419052,490.057285,3769.474787
149.200098,17.826019,8.699052,0.638931,16.296502,8.369793,2.049191,0.219136,299.263458,85.695191,376.126906,3153.311690
166.173929,27.853515,11.012067,0.646947,15.876609,5.965995,2.529363,0.202293,444.395170,114.035043,557.332735,4552.085481
200.343432,27.538117,9.626831,0.811327,12.594739,7.275132,2.860559,0.146152,390.949616,50.427820,437.016755,2831.557375
150.606711,24.647018,10.095422,0.756925,19.338230,6.110545,2.441405,0.258820,610.477035,517.097750,1129.895132,11240.689970
164.206482,32.634524,9.529118,0.740447,18.621953,5.031680,3.424716,0.238690,690.466051,450.713199,1097.201304,10511.136086
181.181160,22.414818,9.633663,0.821685,20.691016,8.083097,2.326718,0.252481,819.425606,565.579256,1416.138318,15073.898569
227.879108,27.660093,9.436130,0.573629,20.150471,8.238552,2.931296,0.219248,766.908736,246.506043,1044.477776,10827.358396
196.042007,24.596711,10.375446,0.562365,16.953600,7.970253,2.370665,0.198880,475.222531,101.103700,564.722205,4925.325232
159.003930,33.233572,11.931725,0.611520,19.269886,4.784437,2.785312,0.251003,670.983495,524.339358,1217.292779,12067.360888
116.122108,16.019936,5.849486,0.593811,10.063262,7.248600,2.738691,0.153386,71.186151,9.416136,82.369448,426.425371
157.506698,24.033545,9.301107,0.588598,17.185357,6.553619,2.583945,0.224912,389.213603,146.837840,529.711198,4683.125743
159.603719,23.553654,11.312209,0.606517,15.701483,6.776177,2.082145,0.204137,373.893393,89.983176,476.038600,3845.217844
174.911828,33.738045,10.360665,0.599101,23.487916,5.184409,3.256359,0.291701,981.216497,1382.173619,2421.232313,29256.276276
131.624175,21.028094,8.742852,0.609614,14.323014,6.259444,2.405176,0.205055,220.545071,55.123408,269.793371,1987.942391
212.524581,30.729020,9.139508,0.718703,15.820224,6.916087,3.362218,0.178243,584.047336,104.476366,671.541152,5465.417712
79.569609,17.191388,5.942176,0.752950,10.268716,4.628457,2.893114,0.189080,69.087715,14.309529,82.409738,435.344224
80.251259,13.965519,3.556150,0.600681,17.763744,5.746386,3.927146,0.325696,112.273148,153.543229,275.436980,2517.067551
115.464174,17.243527,4.724442,0.783592,15.731904,6.696088,3.649855,0.240470,201.455750,113.681123,314.354073,2544.125153
194.202056,25.292416,11.302645,0.624199,11.244709,7.678272,2.237743,0.132533,249.913415,32.023903,286.579487,1657.797343
218.029943,32.183087,7.996503,0.796152,19.116200,6.774675,4.024645,0.212641,931.287552,316.694664,1256.029072,12352.059272
124.464186,22.198096,5.976323,0.688744,10.564597,5.606976,3.714340,0.155537,114.700665,17.841326,133.756799,726.953952
112.731788,24.275967,8.329089,0.565060,23.891958,4.643761,2.914601,0.369600,499.422242,558.090589,1059.812343,13026.232230
176.689973,27.342013,7.302104,0.724528,18.412030,6.462215,3.744402,0.227509,568.914873,257.857365,828.553274,7848.022220
216.556485,31.873363,8.559920,0.607801,21.465985,6.794278,3.723558,0.239590,898.457560,508.002633,1372.259943,15153.931413
69.480849,14.284559,4.359260,0.811113,15.689933,4.864053,3.276831,0.309166,115.725257,186.045039,301.961097,2437.306726
150.650858,23.245926,7.106898,0.630160,10.693385,6.480742,3.270896,0.143098,140.582873,20.159300,162.083086,891.642992
226.098419,29.293714,12.306025,0.573782,23.440743,7.718325,2.380437,0.256051,1194.866156,819.602996,2001.165033,24131.947874
189.592690,30.831453,8.563943,0.602264,14.765577,6.149327,3.600147,0.176134,385.759095,73.364227,444.706828,3378.020915
170.740504,33.685301,8.289120,0.623194,13.539902,5.068695,4.063797,0.170197,321.887874,64.053520,380.802750,2652.489590
199.796864,21.945338,10.478389,0.841483,17.824677,9.104296,2.094343,0.207124,710.391716,166.172118,888.385018,8146.311107
121.724029,23.765750,7.300961,0.703723,13.890915,5.121826,3.255154,0.206798,216.611881,64.380963,285.718950,2041.775658
220.434423,33.699962,8.885547,0.794012,17.273069,6.541088,3.792672,0.191088,828.249167,185.121864,1035.620505,9202.551254
142.651002,28.600773,11.960178,0.800231,18.631041,4.987663,2.391333,0.256214,673.151391,614.657075,1264.294060,12117.787087
226.623151,31.670474,12.796331,0.562728,18.562505,7.155660,2.474965,0.202529,806.701488,199.280722,1022.602990,9765.213425
162.756938,27.435785,11.146184,0.652836,18.698082,5.932287,2.461451,0.240730,596.795018,340.861151,931.398347,8959.228727
130.402926,25.590855,7.806255,0.774771,11.565609,5.095685,3.278250,0.166352,192.940968,32.366394,222.502730,1323.859637
158.005311,33.192412,12.484254,0.555487,17.240183,4.760284,2.658742,0.225273,514.497064,232.195076,746.061055,6616.896542
179.253367,26.254985,9.434314,0.628694,18.497530,6.827403,2.782925,0.226926,555.007511,223.304098,769.662917,7324.068778
98.301016,15.579617,5.040751,0.839715,11.059449,6.309591,3.090734,0.183214,93.889459,15.655421,108.186304,615.522433
172.574136,32.003711,7.851813,0.741835,17.981438,5.392316,4.075964,0.224823,622.208357,297.244912,902.362978,8347.257024
147.705107,31.320971,10.620820,0.805091,14.283753,4.715853,2.949016,0.193040,424.937876,104.733376,526.377527,3867.922689
151.358652,16.707740,6.551343,0.654122,23.133900,9.059194,2.550277,0.308851,497.873701,570.994975,1060.743040,12624.004609
142.436471,29.238604,11.939365,0.619335,12.766027,4.871521,2.448925,0.175691,266.569554,51.314042,315.313110,2070.789245
111.000206,17.391601,8.005900,0.693734,13.575897,6.382403,2.172348,0.211646,166.290315,45.360811,212.848686,1486.543480
227.567977,32.163086,12.827454,0.648881,22.332986,7.075440,2.507363,0.243162,1290.523722,749.684511,1998.949595,22966.072868
176.591598,26.115124,12.190697,0.722203,19.021054,6.762043,2.142217,0.235100,735.499895,359.016005,1114.046145,10901.239226
207.828027,25.749915,12.861864,0.754178,11.801915,8.071018,2.002036,0.134463,366.767525,43.062140,403.542853,2450.079989
109.187224,14.449256,5.312687,0.694877,20.242183,7.556598,2.719764,0.318182,257.751698,326.621944,574.430900,5981.818596
154.454687,29.266103,11.074079,0.697089,19.463372,5.277597,2.642757,0.257230,671.392054,582.244493,1251.151941,12527.553043
108.422323,11.988935,5.643013,0.843125,10.971252,9.043533,2.124563,0.173061,91.073434,10.703252,100.045498,564.666282
117.526084,18.412368,5.294916,0.696799,21.614471,6.382997,3.477368,0.327477,358.360203,520.585047,877.971627,9762.548583
147.147190,27.396930,9.901172,0.751873,19.211407,5.370937,2.767039,0.260128,617.813092,578.442265,1248.577279,12339.930289
205.367251,27.021335,9.468797,0.607635,17.411186,7.600189,2.853724,0.199557,551.273765,124.860354,693.702636,6213.550247
166.466581,20.572859,9.785762,0.763613,11.942502,8.091563,2.102326,0.152032,243.348815,29.065408,283.602868,1742.384761
144.037188,17.845968,5.040076,0.844882,17.411532,8.071133,3.540813,0.238289,335.505391,174.683087,518.631311,4645.514662
153.946475,18.567532,8.300140,0.608194,15.043638,8.291165,2.237014,0.199146,253.192435,50.140172,297.557118,2302.827021
161.459108,24.471607,9.802197,0.822642,14.802886,6.597814,2.496543,0.191346,419.116459,83.385093,514.525918,3918.246414
191.814550,30.012188,9.759583,0.805158,21.105874,6.391222,3.075151,0.250303,1043.849920,808.860853,1878.020375,20391.151070
116.937538,13.728176,5.552951,0.816383,13.247591,8.518068,2.472231,0.201216,143.083425,28.102650,178.310152,1215.209353
219.112306,28.259775,9.249175,0.564397,15.117777,7.753505,3.055383,0.167748,427.240664,68.131523,493.997502,3841.941965
170.626762,25.627460,7.278033,0.771033,10.853978,6.657966,3.521207,0.136480,209.233423,27.995916,232.580718,1298.675755
163.533027,30.833239,9.474872,0.812164,23.212021,5.303790,3.254212,0.298136,1103.674393,1865.366931,3023.976502,36110.165480
161.886388,26.763217,12.034148,0.617739,11.411068,6.048839,2.223940,0.147307,231.453456,33.979942,263.729040,1548.183280
160.495140,19.949215,8.495849,0.656584,23.132642,8.045186,2.348113,0.299915,655.321468,765.254038,1392.965885,16576.919220
141.056733,27.258953,7.499147,0.606703,20.540362,5.174694,3.634941,0.284063,491.586476,628.326816,1080.108373,11413.360334
149.305265,33.024517,10.983085,0.636303,10.531815,4.521043,3.006853,0.141569,202.817761,34.530158,232.135499,1257.716901
158.332722,25.199201,12.596464,0.589964,13.966934,6.283244,2.000498,0.182314,320.190590,58.022759,387.197863,2782.096161
131.305805,17.044535,4.358759,0.713031,20.828998,7.703690,3.910410,0.298559,332.733155,424.088193,777.318053,8329.237199
133.492845,21.452175,9.470775,0.701837,19.821383,6.222812,2.265092,0.281779,484.641838,542.945399,1020.815367,10409.245663
73.424800,12.406061,3.619425,0.813388,19.955186,5.918462,3.427633,0.382506,162.659852,143.022812,311.863639,3201.537740
160.432280,28.437224,12.637643,0.651580,16.987608,5.641629,2.250200,0.220288,533.635722,198.710869,736.017186,6432.181340
119.816179,25.726094,9.904130,0.797538,21.443278,4.657379,2.597512,0.321764,650.421677,1170.763381,1851.096061,20420.117360
134.657071,22.872248,10.568618,0.675077,10.287280,5.887356,2.164166,0.145609,150.978340,20.965994,172.365527,912.197956
160.987096,27.002604,9.349906,0.594064,20.535294,5.961910,2.888008,0.265833,594.293795,538.027103,1131.817772,11956.816033
164.151774,22.920953,6.840263,0.614817,23.258316,7.161647,3.350888,0.298167,621.230052,778.609207,1365.814339,16342.106805
160.375683,20.819025,10.361253,0.562952,18.784520,7.703323,2.009315,0.243632,449.635242,223.864240,647.692706,6259.032697
133.925782,28.704802,12.937775,0.723242,10.699659,4.665623,2.218681,0.151859,213.219379,33.643136,245.066057,1348.935567
170.729172,23.020861,8.555272,0.557779,16.308282,7.416281,2.690839,0.205002,340.663840,82.722747,421.863043,3539.303470
94.577439,20.971072,10.291591,0.566911,13.783460,4.509900,2.037690,0.232792,160.306148,77.078631,231.698437,1642.931558
166.114204,32.790125,9.028490,0.583359,23.024915,5.065983,3.631851,0.293426,819.001995,1184.648957,2062.611780,24431.697283
137.588101,23.125086,5.839731,0.712407,22.882952,5.949734,3.959957,0.320424,560.441521,902.617338,1407.564948,16569.850567
158.123203,21.999221,6.817953,0.841112,19.583453,7.187673,3.226661,0.255797,576.721061,465.743039,1011.098452,10186.402160
176.286993,20.236976,9.858213,0.736888,10.519428,8.711133,2.052804,0.130132,194.319491,21.267689,221.610373,1199.279295
109.131928,17.580872,6.127296,0.681924,13.843259,6.207424,2.869271,0.217654,147.965421,47.716212,197.317257,1405.210945
153.186116,31.542756,8.704111,0.626717,19.954516,4.856460,3.623892,0.264810,597.329064,617.240836,1217.153857,12494.669952
209.486534,32.740107,8.758601,0.793815,17.853280,6.398468,3.738052,0.202602,822.880770,228.019953,1055.497852,9694.233442
114.764705,23.873122,6.010655,0.612254,22.561234,4.807277,3.971800,0.345909,417.291744,623.036347,1024.561799,11891.568014
219.696256,32.627966,9.237100,0.692374,17.595294,6.733373,3.532274,0.194979,737.682125,171.971291,911.531996,8250.999384
202.269050,25.514300,12.409305,0.648965,23.437635,7.927674,2.056062,0.270678,1119.711023,972.603318,2071.967740,24982.441332
105.660849,20.484386,5.817481,0.795970,17.265962,5.158116,3.521178,0.275891,272.752366,338.134798,613.450431,5448.894039
143.896462,17.023631,5.909594,0.626345,16.247702,8.452748,2.880677,0.222469,227.494139,71.498599,301.942343,2523.794908
111.913382,18.680765,6.612594,0.648745,17.155962,5.990835,2.825028,0.266365,231.725065,202.921916,436.536805,3852.778491
139.160922,26.052527,12.200403,0.630649,12.909859,5.341552,2.135382,0.179749,258.771208,48.362469,296.174648,1967.014115
98.998178,15.899086,7.534244,0.647962,13.327207,6.226659,2.110243,0.220003,127.713351,40.632634,171.069808,1172.872014
159.799230,25.644459,9.820542,0.625801,14.269481,6.231336,2.611308,0.185406,309.837578,59.762513,380.667966,2794.425935
111.697340,13.793566,5.379130,0.840899,19.605907,8.097785,2.564274,0.304698,292.458187,379.451824,676.626643,6824.552001
96.009170,14.982488,7.479597,0.613194,14.731817,6.408093,2.003114,0.246947,139.523180,75.688165,210.770086,1597.362159
100.087812,20.014660,6.946165,0.748465,21.972546,5.000725,2.881397,0.360739,405.713661,527.743450,952.617796,10768.052876
145.623727,24.294346,7.220600,0.572271,20.646703,5.994141,3.364588,0.281021,447.010423,498.408798,935.443106,9935.876719
149.144512,31.021366,11.459689,0.656742,22.904524,4.807800,2.706999,0.308050,880.726872,1422.674741,2324.640279,27391.456611
169.423353,28.519899,9.687037,0.821379,13.383767,5.940531,2.944130,0.168887,393.417971,63.252673,469.656523,3233.678493
220.887602,24.160205,6.401354,0.592952,13.997275,9.142621,3.774233,0.154690,300.601018,41.721456,349.592266,2517.348898
140.548345,27.635163,8.078032,0.630716,11.101194,5.085852,3.421027,0.153801,166.299544,28.014142,187.381400,1070.124394
218.777685,28.790155,11.361616,0.626960,23.885142,7.599045,2.533984,0.265234,1223.625381,1019.471478,2247.735150,27619.199042
207.474068,30.937731,7.546795,0.568949,17.937040,6.706182,4.099453,0.204537,544.451722,152.170387,683.297560,6305.198192
117.830050,24.542736,8.323389,0.560698,22.949380,4.801015,2.948647,0.347253,480.822298,669.166679,1172.593533,13843.839595
164.094525,21.605675,9.080092,0.574817,10.376314,7.594973,2.379456,0.133045,144.224427,18.573905,166.683839,889.763707
174.383216,21.040162,7.127751,0.817991,21.615156,8.288112,2.951866,0.268850,725.123615,679.954110,1403.682763,15608.653893
170.136173,24.758797,10.320204,0.762407,19.791236,6.871746,2.399061,0.249217,722.652155,487.294966,1195.856068,12175.587788
130.349882,28.712663,9.956852,0.766431,14.392819,4.539805,2.883709,0.207059,340.066296,109.166400,455.029764,3369.176480
105.456683,12.192243,5.822857,0.654918,22.470939,8.649490,2.093859,0.359408,277.889239,250.050634,535.016731,6184.814708
205.417101,25.492078,6.338992,0.617250,17.654837,8.058076,4.021472,0.202325,465.595983,112.779634,581.581923,5282.174251
126.428242,26.865115,12.789353,0.849577,22.650362,4.706038,2.100584,0.330869,926.907403,1679.942117,2616.603362,30489.558960
81.969562,13.701812,5.892520,0.802294,15.566803,5.982389,2.325289,0.282408,143.750461,163.022003,297.698316,2384.042078
182.885377,27.045108,12.115933,0.673922,10.767802,6.762235,2.232194,0.130780,249.200281,32.851452,276.916163,1533.958055
95.734580,16.572268,7.271315,0.681663,11.014412,5.776794,2.279130,0.184897,90.670202,16.011169,107.504919,609.154951
165.561595,27.715290,9.700058,0.588487,15.601225,5.973656,2.857229,0.199151,372.332307,91.713208,469.695641,3769.756778
191.870369,23.992639,6.204132,0.833027,15.819127,7.997051,3.867203,0.187578,462.640178,85.395686,537.677232,4375.646910
112.082714,24.227521,6.827047,0.742543,20.365937,4.626256,3.548756,0.315965,429.863486,762.396086,1195.915966,12529.771991
192.230018,27.717572,12.547934,0.606918,23.913729,6.935312,2.208935,0.283296,1105.506905,1190.255001,2292.782745,28206.442040
94.897756,15.392868,5.609805,0.551082,14.670495,6.165047,2.743922,0.247355,109.964331,62.228288,174.672951,1318.282637
131.082273,15.671324,6.772474,0.719066,23.964424,8.364467,2.313973,0.343794,501.177910,579.194976,1112.589659,13716.399170
95.718729,11.771044,5.687762,0.815434,20.990625,8.131711,2.069539,0.352396,265.022244,290.075901,578.764982,6249.794198
102.286536,16.675368,8.193112,0.798078,18.981256,6.133990,2.035291,0.308262,326.342585,465.898550,775.565932,7573.241179
195.108571,22.837378,11.382665,0.792340,17.242349,8.543388,2.006330,0.202750,655.263859,142.424726,770.931671,6838.335863
178.778021,25.227416,11.347558,0.836316,20.789467,7.086656,2.223158,0.255382,957.727187,753.344113,1672.778378,17890.392730
126.457600,26.178033,12.612007,0.801115,21.185786,4.830676,2.075644,0.309439,755.725644,1287.695478,2000.973960,21808.416292
171.033748,28.898370,12.026949,0.605530,10.249961,5.918457,2.402801,0.128732,202.771521,29.433094,231.525726,1220.842274
105.396774,21.695069,8.247376,0.786731,11.426310,4.858098,2.630542,0.182808,147.783138,28.278763,179.680412,1056.196761
112.834321,14.080573,6.023112,0.670143,23.356396,8.013475,2.337757,0.361151,352.340964,335.123687,687.478278,8260.434821
120.930470,20.711810,5.949653,0.736650,10.237510,5.838721,3.481180,0.152908,107.743438,15.602480,122.944895,647.504750
229.301163,32.344042,8.127922,0.551096,23.223563,7.089441,3.979374,0.251901,995.192659,708.420728,1678.538915,20053.877853
84.565475,13.067520,4.937692,0.555104,10.705846,6.471425,2.646483,0.191218,47.950967,8.795641,57.902459,318.901159
178.620573,25.119240,7.813530,0.554742,21.326382,7.110907,3.214839,0.262093,584.176956,461.823207,1027.479014,11272.707604
176.853126,25.789711,9.393363,0.638780,22.350609,6.857507,2.745525,0.276049,784.042212,796.455650,1570.794931,18061.214896
164.525351,22.165857,6.283904,0.797860,10.466470,7.422467,3.527402,0.134025,169.508537,20.814673,192.904837,1038.679234
152.411909,18.016647,6.444277,0.695455,15.654712,8.459505,2.795759,0.208276,262.280462,62.662931,331.275706,2667.919880
220.576870,24.403422,7.426748,0.667877,22.369397,9.038768,3.285883,0.247388,862.337680,498.338144,1357.176042,15618.113017
115.750964,16.876250,4.024423,0.645380,13.638886,6.858809,4.193458,0.208219,118.147237,31.586360,147.272992,1033.332525
154.578270,31.106090,9.599657,0.685840,15.581648,4.969389,3.240333,0.205846,424.012764,131.023666,540.560108,4333.067729
181.723659,24.045237,9.898438,0.798748,23.972100,7.557574,2.429195,0.292081,1108.271479,1431.497349,2627.802270,32406.853665
179.536074,29.830329,9.690245,0.589579,17.505443,6.018575,3.078387,0.214586,516.152633,172.403912,709.361914,6388.208357
99.271301,11.477857,3.834845,0.583313,13.058294,8.648941,2.993043,0.215267,68.238779,16.952349,84.332310,566.524315
187.244664,26.825754,11.869612,0.605371,17.530692,6.980034,2.260036,0.210425,574.872395,159.037497,747.451123,6740.932375
194.989571,21.731020,5.979040,0.609034,15.886442,8.972868,3.634533,0.186864,319.645945,56.226512,380.154367,3106.881837
208.834827,24.509032,11.347097,0.828895,10.790209,8.520729,2.159939,0.122640,312.096667,33.541602,345.798133,1919.511095
167.377777,22.694354,7.491323,0.625868,11.267562,7.375305,3.029419,0.143049,170.432298,23.063383,189.003748,1095.565858
169.179479,33.875052,12.581339,0.583125,22.065255,4.994220,2.692484,0.278637,912.103638,1090.425321,2065.624338,23447.600244
135.889005,24.868289,6.842526,0.712258,23.631397,5.464349,3.634373,0.332967,654.485753,1065.534484,1676.006428,20375.260879
157.081029,19.456278,8.181389,0.790526,21.024598,8.073540,2.378114,0.275530,615.692022,608.642457,1238.250775,13392.893549
164.662650,28.639243,11.706609,0.826895,23.346681,5.749546,2.446417,0.298835,1193.153629,1895.673393,3164.724439,38010.113213
113.009863,18.121290,5.321594,0.846002,14.281870,6.236303,3.405237,0.220664,193.648167,72.562737,267.810733,1967.665025
193.454982,32.778641,8.843694,0.679076,19.874974,5.901861,3.706442,0.234704,804.279091,446.410230,1284.905871,13137.598438
134.956261,15.336669,4.750982,0.571614,17.936044,8.799581,3.228105,0.253591,205.187388,118.452062,328.892619,3034.721852
167.347353,30.856472,12.838942,0.649432,20.306770,5.423412,2.403350,0.257831,810.419458,682.727884,1428.726487,14925.471560
110.661858,14.684804,4.030901,0.555343,14.738086,7.535807,3.643058,0.230115,105.975546,40.438481,148.050899,1122.510073
211.642338,33.242622,8.482592,0.826554,22.791686,6.366596,3.918923,0.257323,1374.251839,1313.346814,2637.081474,30919.902010
156.871527,22.185027,5.522025,0.810720,10.239151,7.071054,4.017553,0.134275,152.105596,19.277785,171.689340,904.368381
150.117752,19.433569,9.476415,0.673906,12.209328,7.724662,2.050730,0.163674,199.121454,26.489257,226.500687,1422.654274
172.591588,29.819110,12.580108,0.749049,15.720717,5.787952,2.370338,0.196547,566.926176,133.831944,718.075534,5807.384537
173.156139,21.943265,6.418916,0.647531,12.270540,7.891084,3.418531,0.153161,194.386726,26.667346,221.989777,1401.311778
206.067356,24.046126,11.802331,0.626585,17.670478,8.569670,2.037405,0.202184,616.654508,132.133421,744.766696,6770.280472
147.730153,26.926575,9.145694,0.609597,16.202652,5.486407,2.944181,0.218955,356.781849,131.715232,475.629036,3964.537955
203.193895,23.079141,10.511307,0.733692,11.747220,8.804223,2.195649,0.135358,297.043356,33.878470,323.852137,1957.131381
154.261270,31.900118,10.769754,0.672164,16.723831,4.835759,2.962010,0.221162,506.043859,214.968159,685.690695,5899.322350
128.800654,25.531289,7.511600,0.849786,13.508029,5.044816,3.398915,0.195495,278.012616,68.651238,340.904115,2368.985190
145.387519,20.830237,7.581472,0.689722,18.377663,6.979638,2.747519,0.250340,394.264532,254.755642,626.586362,5923.921791
92.790719,13.958275,4.306461,0.764740,18.362588,6.647721,3.241240,0.313102,183.439151,257.920438,441.168853,4167.511841
105.538977,21.733148,7.932008,0.585581,18.505175,4.856129,2.739930,0.295863,276.631356,370.236531,638.367361,6077.178292
181.928825,30.702965,9.766774,0.726378,17.800588,5.925448,3.143614,0.216764,661.196225,241.884709,915.054365,8379.524010
192.740129,31.163710,9.681907,0.553327,12.137736,6.184762,3.218757,0.143600,268.777206,42.817011,322.320080,2012.626378
124.136139,27.424758,9.145371,0.632463,11.974485,4.526426,2.998758,0.176527,181.611410,36.431512,228.970459,1410.504273
150.745541,19.493720,7.924892,0.556854,21.784018,7.733031,2.459809,0.291420,466.251092,489.058723,942.278127,10559.787868
153.584896,30.450231,10.860619,0.785024,22.645045,5.043801,2.803729,0.300125,1008.876315,1688.604172,2699.556154,31448.769963
187.173956,29.486250,11.303049,0.845138,21.352487,6.347839,2.608699,0.256348,1155.567492,1014.014720,2129.798979,23395.115053
152.959866,27.633126,11.715182,0.723898,20.022195,5.535380,2.358745,0.265905,723.307200,715.662364,1451.065050,14946.402202
128.316643,23.702961,7.431113,0.644069,10.720186,5.413528,3.189692,0.155441,129.393169,20.551464,151.810907,837.227317
220.321115,31.759162,10.994446,0.716429,11.679463,6.937246,2.888655,0.129240,374.318948,50.599250,426.789602,2564.335302
181.125194,22.257830,7.299825,0.719189,15.068249,8.137594,3.049091,0.183898,348.722803,58.680337,396.492681,3073.520123
119.910489,19.892601,7.449644,0.567711,11.576518,6.027894,2.670275,0.173641,115.962030,19.419334,132.657321,790.036747
148.004703,32.333827,8.055080,0.840494,23.149510,4.577395,4.014091,0.312541,1022.022744,2087.560384,3167.213237,37718.742460
153.988012,25.012514,8.157747,0.723057,15.122458,6.156439,3.066106,0.200162,344.493039,84.791140,444.267785,3456.251345
129.746040,24.228492,10.183611,0.625363,22.357417,5.355102,2.379165,0.322387,594.759442,879.388261,1481.850892,17043.713953
130.550641,18.326756,8.636255,0.554798,20.027357,7.123500,2.122072,0.287897,357.824856,363.393208,700.312935,7215.291696
194.393055,24.742840,8.829232,0.593290,12.014084,7.856538,2.802377,0.141532,237.151470,31.925090,265.600215,1641.561581
154.180930,29.512449,12.279817,0.734206,11.586363,5.224268,2.403330,0.153262,280.080130,43.136401,326.661914,1947.079694
122.753774,15.888229,5.961116,0.677664,14.833672,7.726083,2.665311,0.219905,173.019825,52.722375,223.834710,1708.103614
208.527870,25.372196,11.126402,0.678236,20.343551,8.218755,2.280359,0.231392,859.276809,353.330854,1209.486570,12658.024062
191.682434,32.351257,8.923676,0.658455,10.166535,5.925038,3.625328,0.120611,219.195911,32.904755,250.268159,1308.930712
115.895402,13.156744,6.536580,0.823087,14.659893,8.808821,2.012787,0.223667,182.678575,57.129478,234.205814,1766.308585
156.766088,21.057942,6.859864,0.677043,14.917352,7.444511,3.069732,0.195690,269.123084,55.442196,310.468782,2382.581570
174.193743,28.986848,12.956923,0.657848,11.371870,6.009406,2.237171,0.141520,278.088119,40.060704,314.956936,1842.558016
190.600042,24.652006,11.644057,0.726576,15.053637,7.731624,2.117132,0.179095,483.187654,76.077792,553.407714,4285.729453
197.421267,32.820023,9.442098,0.605892,19.567304,6.015269,3.475925,0.228738,737.049891,343.529246,1066.913589,10739.853137
121.518329,23.211724,7.577092,0.743803,13.223587,5.235213,3.063408,0.197030,208.350026,50.541660,259.810553,1767.437986
195.895400,29.940050,8.635463,0.785576,12.570335,6.542922,3.467104,0.147516,372.795163,53.047013,443.642818,2868.919842
178.198258,33.692059,9.053592,0.560657,17.165478,5.289028,3.721402,0.211207,493.397159,169.523914,658.465658,5814.697809
121.473443,19.959917,6.981926,0.759625,21.134980,6.085869,2.858798,0.314967,452.462350,690.364535,1142.579243,12422.994309
129.327017,24.850657,10.520250,0.798902,10.970015,5.204169,2.362174,0.158440,199.573752,29.693829,216.501767,1221.818708
206.589152,30.539860,12.106441,0.795105,20.903871,6.764574,2.522613,0.238878,1193.591493,688.814273,1914.816646,20591.691104
229.315107,31.736356,9.559429,0.623279,14.250550,7.225628,3.319901,0.154568,466.913541,71.602353,539.945194,3958.397440
123.575778,21.852742,7.893648,0.645412,20.590640,5.654932,2.768396,0.304233,418.823608,584.984068,1017.691363,10780.130921
198.193157,25.090439,9.233505,0.721058,22.936811,7.899151,2.717325,0.267604,988.333860,883.105237,1954.088431,23057.666860
150.719394,31.637736,11.482607,0.581200,21.453184,4.763912,2.755275,0.287019,720.354083,956.645801,1731.822224,19113.189508
148.615881,20.131264,7.557589,0.714840,12.673537,7.382342,2.663715,0.170753,202.581635,29.484940,228.005574,1486.556442
174.335162,23.776177,8.095842,0.738723,12.378788,7.332346,2.936838,0.153989,260.117623,35.052613,292.711456,1864.043116
171.747305,20.608955,8.557961,0.571462,20.717205,8.333625,2.408162,0.259651,517.820592,346.349047,878.571124,9363.672005
149.838609,24.433974,9.301684,0.772312,21.960064,6.132388,2.626833,0.294663,754.506532,1066.657882,1812.896435,20480.695163
109.754419,16.303232,4.469878,0.681740,22.175717,6.732065,3.647355,0.347672,301.095769,380.004980,694.742797,7925.740204
199.833732,32.690365,11.284861,0.622113,22.070554,6.112924,2.896834,0.256438,1032.415542,826.186641,1846.653063,20967.016833
212.835986,22.607606,6.538287,0.774300,21.934153,9.414353,3.457726,0.246946,845.272979,504.549293,1374.808221,15513.189297
159.283303,30.249715,11.435856,0.631550,12.266397,5.265613,2.645164,0.159638,275.423365,46.392496,329.442649,2078.906443
120.922469,19.511048,8.042234,0.786934,22.164751,6.197641,2.426073,0.331065,536.187708,805.955486,1337.506478,15250.948903
208.445834,23.685868,6.841970,0.774155,19.942466,8.800430,3.461849,0.226875,727.102388,286.167076,1024.650081,10512.174306
147.960455,21.019351,5.574785,0.717458,23.965871,7.039249,3.770433,0.323612,605.647502,899.693732,1512.959883,18653.431291
176.412722,26.393508,9.981763,0.733071,15.602576,6.683944,2.644173,0.192946,468.848902,97.898717,573.810696,4605.778612
172.009177,26.593141,8.723160,0.577804,11.232565,6.468178,3.048567,0.140672,190.361609,28.231717,221.408883,1279.416927
107.534601,13.531859,4.996915,0.692897,17.058091,7.946772,2.708043,0.270184,172.600561,140.357777,318.557662,2795.481304
214.760596,25.952671,11.269726,0.721795,15.900789,8.275086,2.302866,0.178215,596.121039,92.440804,679.758274,5560.467358
187.122490,25.540459,8.709497,0.676036,19.973767,7.326512,2.932484,0.239828,672.320002,356.466239,1046.281125,10750.940695
219.771954,31.226495,10.162252,0.613432,11.993424,7.037996,3.072793,0.132880,327.142949,46.928857,371.574325,2292.593228
207.619066,33.084919,10.505450,0.807804,11.776321,6.275339,3.149310,0.134239,410.051385,56.324694,462.551761,2802.257842
184.897393,26.570980,12.751294,0.657647,12.441639,6.958622,2.083787,0.150285,329.453055,45.372841,379.877992,2431.419162
119.365189,18.210535,6.657981,0.603806,13.743703,6.554733,2.735144,0.206618,150.814882,37.696082,179.696048,1270.516721
123.385884,19.421674,7.670706,0.758876,20.125218,6.353000,2.531928,0.297585,428.875578,579.564246,1047.735886,10847.521689
139.249352,24.063530,6.682740,0.602501,16.377423,5.786738,3.600848,0.227957,279.379890,123.166542,397.981765,3353.102599
168.101692,29.848760,12.299103,0.837399,16.961559,5.631781,2.426905,0.214874,706.709631,251.028146,974.346070,8501.921995
214.702874,27.909646,8.232011,0.710357,22.127189,7.692784,3.390380,0.248034,989.507272,647.372441,1601.356812,18228.563959
181.594864,29.655535,11.782319,0.784002,12.274105,6.123473,2.516952,0.149603,376.274251,52.957515,434.827868,2745.650967
223.918589,30.043011,12.333154,0.664385,16.189184,7.453267,2.435955,0.177698,671.004319,112.606214,792.343850,6598.979326
172.720589,27.866746,7.290307,0.571741,16.398058,6.198090,3.822438,0.204939,365.033918,102.409579,462.838405,3904.450403
143.175350,31.609909,10.543729,0.574322,21.481304,4.529445,2.997982,0.294870,656.386405,962.877999,1641.124048,18135.943209
205.579098,28.078268,11.797086,0.586357,10.528025,7.321645,2.380102,0.120604,238.051878,31.720563,278.820559,1510.114208
229.424196,32.322640,11.138424,0.760734,16.660506,7.097941,2.901904,0.180664,813.547650,145.342568,949.148943,8135.058120
134.278490,29.798719,12.024993,0.820977,19.764492,4.506183,2.478065,0.280147,751.619021,1079.669692,1882.406498,19139.790260
109.558290,18.695524,6.370424,0.723779,20.075469,5.860135,2.934738,0.315026,331.812411,494.915445,818.566593,8453.913742
216.002235,31.522540,11.305195,0.773318,14.539425,6.852311,2.788323,0.162488,602.653644,90.152791,708.400379,5298.636312
163.679833,21.367539,6.429269,0.559972,23.440964,7.660210,3.323479,0.300941,544.530441,653.073594,1190.186875,14352.538738
197.406151,30.146338,10.140045,0.821150,22.640616,6.548263,2.972998,0.264674,1269.680523,1291.824942,2510.269739,29237.938267
158.784302,19.707062,9.549010,0.658481,10.399514,8.057228,2.063781,0.135554,153.531462,18.126409,171.466293,917.339135
71.937090,11.315423,3.621050,0.725347,17.310910,6.357437,3.124901,0.335233,102.714791,134.058891,239.689076,2134.549573
105.685740,22.511064,6.875963,0.833313,22.915106,4.694835,3.273878,0.366115,551.314848,755.209905,1304.171918,15374.281353
154.859199,16.454989,7.034031,0.802914,18.983768,9.411079,2.339340,0.250563,433.718948,254.948308,674.829040,6590.438124
206.866815,25.179271,9.369701,0.665952,12.648583,8.215759,2.687308,0.144444,314.836073,40.597200,345.945260,2251.061527
116.665106,25.691834,11.240331,0.837257,20.807028,4.540941,2.285683,0.316405,667.492957,1224.523603,1943.311034,20801.299928
139.297404,28.801488,8.848340,0.734909,12.691815,4.836466,3.255016,0.176626,260.383058,50.758294,304.365047,1987.268825
170.099048,28.685448,10.396034,0.700425,17.916252,5.929803,2.759268,0.225632,602.608308,258.280099,892.715184,8228.074164
120.507479,18.190816,8.225456,0.597904,17.975767,6.624633,2.211527,0.268958,278.553657,230.882540,513.423684,4747.898612
203.421498,26.969471,11.429478,0.641195,10.100566,7.542658,2.359642,0.116319,225.430511,28.498907,252.863411,1313.922622
131.841944,23.533747,11.079498,0.723685,17.297671,5.602250,2.124081,0.247437,432.800577,289.063732,719.698960,6404.372774
126.683339,15.175426,4.456031,0.640477,10.915407,8.347926,3.405593,0.159288,81.436542,10.551365,88.779891,498.531562
134.740533,19.622590,4.696639,0.798139,13.305631,6.866603,4.178006,0.188274,186.761456,36.041107,217.042176,1485.654119
123.866658,27.369325,12.754126,0.614488,20.987752,4.525748,2.145919,0.309736,598.763416,921.989559,1539.862271,16625.928265
178.372308,19.861641,6.712534,0.833757,22.020955,8.980744,2.958889,0.270817,736.830468,693.166395,1445.175201,16371.736684
200.644330,25.503432,6.362140,0.650742,17.568216,7.867346,4.008625,0.203713,475.389940,119.224901,608.506437,5499.597946
224.525390,27.409586,7.776707,0.658142,12.322777,8.191491,3.524575,0.135076,307.817166,40.986608,345.167469,2188.147212
226.490224,32.349133,11.696226,0.695671,16.066121,7.001431,2.765775,0.175344,705.360005,120.495490,848.735106,7014.897032
139.749099,28.386164,12.044608,0.819721,19.016818,4.923141,2.356753,0.264221,703.416896,755.406435,1457.222128,14256.132065
214.107058,25.242985,12.570393,0.660684,12.304193,8.481844,2.008130,0.138115,356.197216,43.376709,391.389306,2477.423241
80.168318,16.340937,7.867952,0.573688,16.209363,4.905981,2.076898,0.297350,145.878634,180.173831,324.599655,2706.774620
173.983719,27.328145,12.294907,0.639657,18.581913,6.366466,2.222721,0.231387,645.351142,289.128801,906.903003,8669.406342
155.257020,31.489087,7.822702,0.807367,23.143586,4.930502,4.025347,0.305076,988.630055,1853.606955,2792.345615,33245.886828
138.568354,19.904817,6.064541,0.846423,20.693207,6.961549,3.282164,0.288735,516.020022,689.309008,1187.826791,12645.005287
136.201357,26.998229,7.386591,0.717275,20.474673,5.044826,3.655032,0.288157,547.307738,796.027447,1352.825401,14249.408149
192.197487,32.352379,7.867148,0.643524,12.789986,5.940753,4.112339,0.151530,315.075088,52.561794,361.881789,2381.085068
134.144801,26.654142,7.970795,0.784951,10.434672,5.032794,3.343976,0.147977,170.968010,25.979364,195.352971,1048.665334
89.271101,18.441780,9.204729,0.591022,15.835994,4.840699,2.003511,0.275292,180.414836,181.247916,356.582652,2904.983327
85.285705,18.342782,7.628996,0.551155,18.197761,4.649551,2.404351,0.323656,192.535843,274.762720,465.908882,4361.712585
194.755327,32.072195,11.442955,0.616669,12.149080,6.072404,2.802790,0.142989,325.430582,49.979338,370.730023,2317.070542
165.422192,32.118608,9.725703,0.688249,11.479030,5.150354,3.302446,0.146593,260.582334,42.373443,297.846141,1758.876144
105.087360,17.683745,5.589937,0.682302,19.353009,5.942596,3.163496,0.310082,258.795768,366.706930,601.366603,5987.229660
179.606806,21.272830,10.497985,0.663367,19.412027,8.443014,2.026373,0.237910,604.645463,269.896639,891.177179,8899.652404
89.594449,15.954741,7.523438,0.774398,13.397425,5.615538,2.120671,0.232479,138.077291,63.335134,200.099736,1379.132372
71.007469,14.354058,6.348798,0.698833,21.468290,4.946857,2.260909,0.418455,216.882521,101.732036,325.740461,3597.553475
170.306255,33.854251,10.075624,0.642814,10.424882,5.030572,3.360015,0.131208,219.487637,35.725243,245.180685,1314.908441
116.321522,21.438186,6.874579,0.802492,20.383706,5.425903,3.118473,0.310425,447.197396,741.845600,1205.343102,12639.559357
149.534167,29.077329,11.694314,0.626075,13.222587,5.142638,2.486450,0.177603,295.425946,56.790635,348.257898,2368.947838
146.584655,28.589162,7.050592,0.791157,23.162401,5.127281,4.054860,0.314227,832.915817,1551.628097,2372.404081,28268.994034
113.780066,22.449124,9.759213,0.742472,18.729779,5.068352,2.300301,0.288405,414.832720,560.628722,1007.037166,9703.228526
179.526101,19.212331,9.288363,0.795955,15.922030,9.344316,2.068430,0.195181,435.996947,77.062435,487.229847,3990.896235
195.022271,21.150220,5.295898,0.797575,16.133321,9.220815,3.993698,0.189752,403.462448,72.366681,465.673390,3864.944752
124.293845,25.689550,12.388167,0.625300,23.735651,4.838304,2.073717,0.349687,732.435794,998.305287,1708.492177,20861.822286
96.105305,18.786427,4.586050,0.739300,15.367335,5.115678,4.096428,0.257471,162.262258,143.866975,307.164879,2428.332941
172.697544,21.916314,9.614819,0.638136,11.542845,7.879863,2.279431,0.144269,206.697841,26.204642,228.733205,1358.251532
204.739750,30.620805,8.504754,0.761473,11.220374,6.686295,3.600434,0.128798,305.448519,41.793722,347.092228,2003.504504
133.297380,28.368969,11.380292,0.819117,20.318151,4.698704,2.492816,0.289053,744.662295,1159.022219,1894.367671,19800.974024
173.953227,28.693323,9.866478,0.758311,21.725869,6.062498,2.908163,0.270561,930.627924,1015.887924,1901.458381,21252.111674
171.247664,21.825855,7.748093,0.814605,23.115069,7.846092,2.816933,0.290126,852.736945,1078.626747,1889.816867,22472.584490
200.586876,27.455485,9.105429,0.721023,23.604659,7.305894,3.015287,0.273747,1103.196345,1148.137561,2233.016197,27116.130351
80.649302,13.046778,5.645566,0.623488,18.116798,6.181549,2.310978,0.331348,143.977125,177.235190,312.548882,2912.980015
207.420703,33.443492,12.934291,0.576441,18.004908,6.202125,2.585646,0.205338,741.469351,205.210200,924.932482,8567.202647
175.572881,18.813956,9.237526,0.572417,17.218221,9.332056,2.036688,0.213434,374.016584,91.637023,452.839909,4011.170192
217.156904,23.091460,9.566427,0.590681,17.845664,9.404208,2.413802,0.198907,550.473814,109.038882,665.809047,6112.523154
158.766010,22.626671,6.138511,0.637746,17.958936,7.016764,3.686019,0.234102,363.637950,171.845234,526.388178,4863.230348
219.939644,24.905883,8.147409,0.830163,11.472795,8.830831,3.056909,0.127064,320.748194,35.850453,349.529680,2062.962885
148.896312,24.301406,9.240745,0.812270,17.390735,6.127066,2.629810,0.234088,506.553613,263.949548,756.014356,6763.727311
160.859637,28.954446,9.150478,0.780616,12.113759,5.555611,3.164255,0.156877,291.846547,45.228527,336.097664,2094.510488
196.533639,26.678708,8.742233,0.756354,15.720192,7.366685,3.051704,0.184180,511.379343,91.905718,590.767472,4777.630040
180.420926,32.119543,9.850578,0.655024,11.497616,5.617170,3.260676,0.140594,270.530619,42.491388,305.820860,1808.893579
74.851875,10.699874,4.665874,0.627807,16.438130,6.995584,2.293220,0.312072,92.958639,105.450603,196.271902,1659.772790
177.232855,26.698714,9.827160,0.760538,10.404891,6.638254,2.716829,0.128372,227.982679,29.307273,259.162752,1387.229164
83.018936,15.121178,6.993937,0.591706,14.334352,5.490243,2.162041,0.258400,110.275398,78.460397,189.464974,1397.156650
154.083011,31.386762,12.863229,0.822326,12.658214,4.909172,2.440038,0.167494,389.998250,65.852603,448.292525,2919.254933
203.621461,26.857753,12.775059,0.669789,21.920048,7.581478,2.102358,0.252309,1059.511099,694.767103,1685.015363,19001.306688
199.591264,22.543000,9.206958,0.724021,13.525254,8.853802,2.448474,0.157246,348.491668,43.580682,384.811426,2677.512424
152.075402,25.191970,8.564349,0.829016,21.135962,6.036662,2.941493,0.281511,752.855667,988.202349,1740.478908,18924.694765
218.033922,32.271696,9.175825,0.647993,14.612597,6.756197,3.517035,0.162543,481.375474,78.939767,557.140916,4188.230384
127.222289,13.731209,4.138505,0.830235,22.443992,9.265192,3.317915,0.326830,373.576009,495.053439,867.323328,10014.268783
218.513529,31.249104,12.949184,0.823817,17.946391,6.992633,2.413210,0.199408,1018.264060,240.316624,1229.605858,11352.229376
133.166461,16.024190,6.558001,0.564715,23.618582,8.310340,2.443456,0.336171,405.185838,448.822034,841.432695,10223.775816
198.442068,31.279365,11.879611,0.839079,10.003096,6.344185,2.633029,0.116633,307.189738,38.522358,339.688927,1748.050326
148.669053,25.312055,9.995037,0.691199,17.011041,5.873449,2.532462,0.229152,440.951573,197.665549,647.980806,5670.627870
164.295837,26.785189,11.632185,0.643449,21.250609,6.133831,2.302679,0.272309,763.614967,757.445656,1474.189599,16116.206754
140.682037,23.002427,7.418072,0.728710,23.493705,6.115965,3.100864,0.325339,671.163474,1042.059726,1694.531251,20480.436527
208.303190,33.701365,9.610776,0.791663,20.036518,6.180853,3.506623,0.228023,1068.512212,526.845963,1593.916561,16429.560417
190.245528,28.621282,9.353722,0.801824,21.917288,6.646995,3.059882,0.260996,1057.786623,984.551183,2005.177387,22608.811080
76.791180,14.992800,6.165475,0.606456,12.938162,5.121870,2.431735,0.242505,80.717635,43.890291,122.228280,813.546551
175.960802,33.847041,9.032832,0.713508,12.272271,5.198706,3.747113,0.151957,323.778208,54.527245,377.384162,2382.575732
136.954171,30.044423,9.402106,0.695780,20.931047,4.558389,3.195499,0.293770,654.316219,1024.324215,1690.298279,18200.881291
86.803398,16.937961,7.089378,0.648788,17.968817,5.124784,2.389203,0.316778,199.616625,283.646532,475.075483,4391.574146
141.835436,26.625827,8.478257,0.806616,19.226138,5.326987,3.140483,0.265157,593.989009,639.620541,1217.245518,12039.497328
214.063347,28.153222,10.043138,0.754382,13.684112,7.603511,2.803230,0.153620,463.251225,62.639889,507.181057,3570.407329
140.959357,22.142947,5.647756,0.808879,14.894646,6.365880,3.920663,0.206057,281.090073,78.812409,357.439881,2738.869332
205.692097,30.949300,11.462256,0.778968,22.693718,6.646099,2.700106,0.259897,1337.291015,1199.439687,2518.410551,29401.554350
104.168375,22.846017,8.687827,0.652521,13.763302,4.559586,2.629658,0.221492,183.933975,73.871779,253.342173,1793.776163
194.697172,32.257189,7.706025,0.745126,16.875464,6.035776,4.185970,0.198646,614.968282,163.134673,792.690492,6881.727686
226.186888,30.971601,10.540790,0.634133,17.262243,7.303041,2.938262,0.188524,691.915359,137.880685,821.112251,7291.852318
184.303356,30.866566,8.884579,0.717938,23.521568,5.970971,3.474173,0.284579,1078.071312,1444.947949,2552.946251,30892.001078
123.249920,21.619019,5.555658,0.783923,14.926324,5.700995,3.891351,0.220833,237.653811,95.271605,325.600882,2500.210261
136.197355,18.431529,7.511054,0.715510,22.310635,7.389368,2.453920,0.314001,516.404460,687.055393,1189.726322,13655.170110
183.099313,29.064068,12.891540,0.631605,18.815655,6.299851,2.254507,0.228391,722.300275,307.374884,1034.757930,10016.043738
182.653327,22.854920,10.991477,0.770142,13.482948,7.991860,2.079331,0.163861,373.177786,48.793728,420.748806,2918.407058
180.796092,31.747132,11.630688,0.814464,19.604076,5.694879,2.729601,0.239472,970.944051,620.023476,1611.233977,16249.615784
153.319029,22.211987,5.929371,0.581348,16.274860,6.902535,3.746095,0.215885,263.778828,83.968460,337.126059,2822.589295
128.851091,28.525005,12.381869,0.840176,22.897356,4.517128,2.303772,0.331318,967.814868,1801.387079,2728.560607,32140.827406
197.316323,28.120922,7.088720,0.573670,19.974362,7.016709,3.966996,0.233558,591.081853,284.697125,888.820918,9133.248612
166.962969,21.075043,9.114213,0.806347,18.323546,7.922307,2.312327,0.232918,561.670267,249.021448,810.127611,7636.618124
166.467290,32.053508,9.933014,0.772523,20.202938,5.193419,3.226967,0.257190,854.393037,815.551752,1633.774144,16980.272584
61.005467,12.251296,5.519342,0.670234,16.185154,4.979511,2.219702,0.340358,93.174579,120.821703,213.466052,1777.394235
193.447387,23.773051,8.666933,0.797092,14.441292,8.137255,2.742960,0.170541,422.150508,59.650188,479.803048,3564.570038
91.770168,15.319279,6.517543,0.653244,15.867289,5.990502,2.350468,0.272054,151.909742,137.542373,287.116174,2343.681002
200.116846,31.634568,10.570599,0.786132,18.690598,6.325892,2.992694,0.217013,896.061425,327.636752,1149.211356,11049.972633
223.531899,30.293415,9.563737,0.833434,21.486585,7.378894,3.167529,0.236048,1277.356306,702.136124,2009.698953,22214.498130
189.875566,33.373765,12.401807,0.714618,14.880317,5.689366,2.691040,0.177370,561.675413,105.186143,669.577793,5125.678293
163.231932,33.138201,9.346774,0.841739,14.853686,4.925793,3.545416,0.190957,517.257369,125.271163,641.845711,4904.593029
146.424413,17.295826,8.272821,0.696663,21.940150,8.465881,2.090681,0.297808,529.184833,592.584178,1095.514970,12365.053978
170.536983,23.039044,10.463728,0.644843,19.273763,7.402086,2.201801,0.242416,578.055723,301.583878,908.121470,9004.270911
204.295380,26.113977,11.929048,0.789894,23.855898,7.823220,2.189108,0.274139,1372.910117,1405.446636,2760.937946,33883.675595
94.604445,12.736211,4.740491,0.759169,22.613461,7.427990,2.686686,0.381869,269.615180,208.641617,470.796240,5476.941794
152.551900,31.905645,8.825469,0.824501,14.607426,4.781345,3.615178,0.194253,441.568555,114.258340,543.594379,4084.950125
142.292025,31.609318,8.358173,0.612168,21.295045,4.501585,3.781845,0.293219,611.153014,933.602077,1583.972769,17352.593253
150.236796,31.836851,8.024662,0.621254,19.940831,4.718959,3.967376,0.267214,566.810682,623.295921,1179.385673,12098.658333
208.155856,30.087379,8.558872,0.632164,14.933786,6.918378,3.515344,0.170012,438.928607,74.670174,514.478537,3952.531066
178.686978,25.805194,6.796610,0.846140,18.864786,6.924458,3.796774,0.231798,667.926543,341.681304,996.777337,9673.600379
218.745979,30.710617,7.644391,0.725533,18.116009,7.122813,4.017405,0.201185,728.990503,188.017028,922.148155,8594.118538
218.386190,28.998906,6.999109,0.791819,21.114549,7.530842,4.143228,0.234678,995.814353,533.984318,1499.006984,16282.593378
143.745780,29.230572,8.177115,0.638188,11.175720,4.917652,3.574680,0.153102,180.345556,31.069849,206.827416,1189.109186
202.942813,22.355654,7.802285,0.613559,13.311564,9.077919,2.865270,0.153478,273.586431,35.558272,304.987264,2088.569281
132.068041,28.614772,9.382049,0.731096,22.099690,4.615380,3.049949,0.315857,714.412764,1268.689674,1972.502244,22425.482656
156.840185,24.378843,10.415831,0.725588,13.870040,6.433455,2.340557,0.181908,328.791858,57.634693,405.955325,2896.636977
152.377827,32.019798,8.159957,0.668919,13.972126,4.758863,3.924015,0.185911,318.379157,74.306817,393.392383,2827.655727
93.923772,18.540951,5.986083,0.696355,16.340568,5.065747,3.097343,0.276938,184.684862,209.755414,394.902671,3319.673253
140.057308,25.196570,11.703356,0.836733,21.335473,5.558586,2.152935,0.296110,825.487595,1261.748361,2123.800748,23310.637763
180.832553,33.190520,9.514442,0.617529,13.063410,5.448319,3.488436,0.159559,328.505177,58.005591,397.230466,2669.544820
134.056304,27.773647,6.966134,0.696424,16.193019,4.826745,3.986953,0.229714,336.511627,177.540624,510.520029,4252.836905
158.368906,17.385381,7.758722,0.758712,23.878937,9.109315,2.240753,0.311662,695.209281,863.169471,1575.850706,19358.342296
102.364426,20.738499,6.234989,0.606511,14.267612,4.935961,3.326148,0.231622,148.272857,71.833378,216.647563,1590.168684
167.269088,28.957074,9.707870,0.793926,17.851600,5.776450,2.982845,0.226711,651.074608,303.537245,993.008584,9119.441572
168.007161,23.974691,11.364825,0.658744,10.939268,7.007688,2.109552,0.138621,213.599001,27.744036,234.783871,1321.279258
124.048973,15.205948,4.941876,0.762388,23.002133,8.157924,3.076959,0.339215,399.063133,508.274378,913.598785,10810.897125
145.818440,29.872437,7.286355,0.641609,23.944738,4.881371,4.099778,0.325692,742.640268,1280.029586,2035.004871,25067.651069
116.614640,19.540121,8.335142,0.742937,15.266913,5.967959,2.344306,0.232209,248.795968,114.886703,368.078178,2890.875573
173.084333,32.371348,10.256714,0.721609,17.149365,5.346837,3.156113,0.214103,618.170176,223.211013,833.692527,7355.158961
207.213453,33.522424,11.097477,0.700563,19.985798,6.181339,3.020725,0.228043,987.887063,458.161221,1483.842903,15256.240110
126.926867,23.084358,7.089460,0.643933,19.102843,5.498393,3.256152,0.278500,365.097066,416.577752,793.427210,7797.281220
168.545638,20.784171,9.560651,0.712970,16.877512,8.109327,2.173928,0.213527,439.611401,119.160644,576.502968,5005.506940
85.629438,18.503455,7.454877,0.654043,10.096878,4.627754,2.482061,0.179217,72.521624,13.373194,85.981950,446.614169
164.569345,28.288840,11.722213,0.844080,23.307388,5.817465,2.413268,0.298416,1206.856283,1919.731844,3212.293408,38516.509448
206.274125,27.246202,10.804254,0.724877,12.505003,7.570748,2.521803,0.143010,370.064810,47.833536,427.293296,2748.830694
159.622593,21.327135,10.118349,0.799373,14.621779,7.484484,2.107768,0.190089,370.997038,66.310783,435.479369,3275.713458
182.031289,29.105476,8.145561,0.743310,11.968493,6.254194,3.573170,0.145704,289.434101,42.414327,323.313335,1990.678757
162.641635,31.230444,10.949853,0.792526,13.901725,5.207791,2.852134,0.179043,436.269268,83.839805,542.282570,3878.219929
169.045866,30.931125,9.093372,0.658306,18.764385,5.465235,3.401502,0.237048,609.123889,353.454486,944.661874,9119.033838
148.266540,18.550000,4.527990,0.641932,18.300825,7.992805,4.096740,0.246861,280.230243,162.651585,443.124017,4171.901762
110.014682,21.905110,9.844992,0.712126,12.448442,5.022330,2.225000,0.194937,179.071393,40.494806,218.721771,1400.699961
211.821873,31.557416,8.227572,0.652975,12.525724,6.712269,3.835569,0.141358,334.300458,50.578593,388.769561,2505.146993
191.011080,32.288718,7.722791,0.763094,17.592428,5.915722,4.180965,0.209074,672.002776,221.654647,893.332691,8084.945780
143.834422,26.721187,8.973624,0.602031,19.905222,5.382786,2.977748,0.272608,501.275240,525.523433,1019.241024,10437.152266
222.201902,23.995144,10.684684,0.658888,11.737763,9.260286,2.245751,0.129335,300.560433,34.873483,333.968201,2016.640932
124.340704,21.897132,8.607887,0.600636,23.112533,5.678401,2.543845,0.340443,515.640059,691.499251,1231.730770,14645.406772
167.290822,21.663247,9.979382,0.783755,17.682918,7.722334,2.170801,0.224554,542.381992,197.555963,735.857124,6693.997512
103.243274,15.772183,6.443823,0.758814,18.485605,6.545909,2.447644,0.298818,257.949538,333.589804,599.651808,5702.573917
185.923904,20.908346,7.678885,0.673737,20.706813,8.892330,2.722836,0.249430,602.591871,347.418731,946.614517,10083.807148
103.580358,14.079337,6.087847,0.668738,23.842067,7.356906,2.312695,0.384777,341.340949,240.702467,585.313210,7179.105655
198.827736,26.616345,6.537068,0.627648,18.802116,7.470137,4.071603,0.219014,537.925190,187.665597,698.508110,6756.414645
206.403918,29.367540,8.353739,0.629140,17.319550,7.028301,3.515497,0.198007,559.265354,132.545846,707.393853,6302.835715
62.093985,13.142445,3.718178,0.710782,11.565970,4.724690,3.534647,0.241080,46.339942,27.043669,73.523065,437.465471
117.911740,18.463636,6.207999,0.646443,22.871686,6.386160,2.974169,0.345958,399.929464,504.993079,921.743881,10845.424385
127.241898,27.899940,11.031318,0.743212,16.318560,4.560651,2.529157,0.237613,420.888218,259.787876,684.168981,5743.588453
171.548494,24.952924,6.531524,0.727831,16.533729,6.874885,3.820383,0.207339,411.824776,115.979732,510.432065,4341.570505
193.261752,20.417314,5.778068,0.574258,18.443983,9.465582,3.533588,0.217914,379.687319,109.900312,478.717048,4542.257092
100.161878,21.545894,9.896553,0.715788,11.451634,4.648769,2.177111,0.187940,141.165349,29.193080,174.679214,1029.074467
102.581744,12.948404,5.853324,0.724887,21.023370,7.922346,2.212146,0.340934,269.249231,311.613240,567.034796,6132.677883
229.756406,26.867150,9.408833,0.763708,18.222255,8.551573,2.855524,0.197457,808.096212,169.324583,986.403174,9246.868509
73.567341,11.892309,4.203847,0.788344,16.938860,6.186128,2.828911,0.324373,119.768377,169.266802,280.620415,2445.352868
194.864906,26.149692,12.419328,0.768456,23.852086,7.451901,2.105564,0.280649,1309.929309,1465.133025,2774.169021,34040.614187
98.050008,17.919617,5.391401,0.800803,21.539894,5.471657,3.323740,0.357292,347.527566,471.333025,825.493162,9147.346908
202.878781,28.842933,8.468487,0.617883,17.164206,7.033916,3.405913,0.197929,530.718154,124.620229,655.040229,5784.020042
209.386856,28.960001,7.284594,0.730219,21.451600,7.230209,3.975513,0.243494,918.176931,583.226308,1498.942111,16541.796039
137.745772,15.761537,6.211783,0.682035,11.465695,8.739361,2.537361,0.160459,120.446417,14.731714,134.647297,794.211443
145.026313,31.738966,11.260944,0.823716,14.258332,4.569346,2.818500,0.194468,440.922402,112.312244,570.709279,4186.217257
179.583238,29.651265,12.251784,0.656222,13.104935,6.056512,2.420159,0.160622,365.339605,57.559623,428.536818,2889.090273
151.485639,33.042433,12.325077,0.825082,21.094929,4.584579,2.680911,0.281511,1017.201775,1524.267764,2544.881489,27617.459597
135.849722,22.376937,5.810142,0.601774,17.572604,6.070970,3.851358,0.247634,281.656520,183.668654,470.113802,4249.885566
185.191006,29.447962,9.252994,0.601290,21.548032,6.288755,3.182533,0.260077,773.655297,643.578792,1401.993077,15541.451936
136.363064,18.958576,8.034849,0.672459,17.596668,7.192685,2.359544,0.247506,329.045484,189.957309,530.964401,4806.555294
160.696249,26.992762,6.486417,0.706456,20.729661,5.953309,4.161429,0.268592,606.699687,650.408652,1256.050981,13394.841300
129.765612,24.936406,11.476444,0.663625,22.242533,5.203862,2.172834,0.320707,666.760055,1018.346624,1633.742862,18694.164523
128.006559,22.956104,9.437411,0.606806,12.847893,5.576145,2.432458,0.186517,190.193572,37.703532,232.680742,1537.908411
146.961766,32.531498,8.949097,0.735300,17.161585,4.517522,3.635171,0.232519,521.063159,309.467390,824.367963,7278.076358
93.732645,19.484296,6.681309,0.810497,23.498263,4.810677,2.916239,0.398652,456.682679,345.061096,830.141345,10035.197281
229.238587,33.083451,8.813359,0.740838,14.646858,6.929101,3.753784,0.158893,574.863298,89.298795,651.409987,4908.366440
204.152186,23.403771,6.333973,0.717636,16.278808,8.723046,3.694959,0.187132,434.720984,77.504831,515.564204,4317.610583
117.504426,21.871205,6.291877,0.835623,20.836558,5.372563,3.476102,0.315720,481.685351,849.961848,1309.359103,14035.337505
146.069700,18.824411,7.310729,0.562191,21.404367,7.759589,2.574902,0.290888,416.314291,433.872281,839.230142,9241.055467
136.667684,29.061419,9.235323,0.848386,18.672836,4.702719,3.146768,0.262350,628.614284,702.831838,1361.973392,13083.291533
155.918965,26.903666,8.715600,0.575343,21.166990,5.795454,3.086840,0.278428,575.924857,633.694596,1218.409595,13267.543361
152.975731,30.894094,9.329621,0.656686,23.647237,4.951617,3.311399,0.314031,869.804409,1455.680598,2270.060481,27615.692785
96.529690,20.881400,8.142576,0.655039,16.584528,4.622760,2.564471,0.277253,226.451160,258.861705,469.427903,4005.070037
92.933517,16.660238,4.911161,0.632505,13.348574,5.578163,3.392322,0.227432,99.146784,40.838774,139.744022,959.635292
111.353346,24.555703,8.793004,0.801782,23.343699,4.534724,2.792641,0.363347,665.941958,932.379864,1536.443530,18451.189850
100.925453,16.500971,8.242551,0.835434,21.433353,6.116334,2.001925,0.350424,422.621075,560.507483,950.656076,10482.180857
216.529719,25.187353,11.387155,0.816048,10.494342,8.596764,2.211909,0.117139,305.829925,32.939265,328.459281,1773.269973
150.156036,33.209617,12.452131,0.807985,23.776295,4.521462,2.666983,0.318696,1245.720643,2396.055868,3692.533218,45165.487500
105.451166,16.752910,5.745536,0.553463,15.268953,6.294498,2.915813,0.244223,137.524507,74.314858,212.120209,1666.208739
118.505090,26.172785,7.432425,0.640971,23.492167,4.527798,3.521433,0.354453,555.637767,801.775090,1352.849739,16349.735849
226.865797,28.882306,10.648500,0.732007,17.687658,7.854837,2.712336,0.192881,798.015181,160.272016,972.180946,8846.175511
203.366699,23.222551,7.513377,0.695934,15.478273,8.757294,3.090827,0.178273,407.841061,63.388962,471.640930,3755.537381
182.139879,27.745322,7.172690,0.771055,23.246514,6.564706,3.868189,0.282917,969.213983,1277.664334,2215.306313,26492.913487
159.338287,26.580874,7.360023,0.565477,17.612933,5.994471,3.611520,0.229179,376.917916,170.386829,555.056993,5029.298114
161.787366,22.398658,6.426608,0.678807,16.154529,7.223083,3.485300,0.208605,324.921909,88.415435,404.932203,3365.229850
170.846473,26.676063,10.026283,0.647278,18.713463,6.404486,2.660613,0.235155,578.952724,285.995921,887.444434,8543.452944
180.395223,24.138422,8.003727,0.617496,20.538063,7.473364,3.015898,0.251160,591.768037,378.817209,967.543376,10222.756635
180.315070,24.541770,8.426010,0.584231,13.854867,7.347272,2.912621,0.169469,279.263840,44.172665,320.234477,2282.488274
217.305717,30.763179,9.087326,0.713057,11.060796,7.063825,3.385284,0.123241,301.248828,40.721273,331.412983,1885.793010
137.067629,19.117628,6.371686,0.650677,19.122832,7.169699,3.000403,0.268280,337.687204,290.279717,628.407413,6182.037157
170.128289,21.472936,8.551004,0.811752,15.862574,7.922917,2.511160,0.199751,430.333399,91.687762,528.751331,4314.825449
160.997214,21.433331,7.666818,0.603322,19.439959,7.511535,2.795597,0.251646,436.229157,270.889218,727.032521,7270.885390
199.437347,25.279042,11.896114,0.594020,15.521057,7.889435,2.124983,0.180518,464.120948,76.498005,544.669387,4349.029491
147.037449,15.805444,7.780047,0.844340,16.240462,9.302962,2.031536,0.219982,334.205678,98.057873,438.740477,3665.592476
156.137779,31.286519,7.895173,0.771609,21.879699,4.990577,3.962740,0.287601,849.182106,1335.538590,2122.598959,23891.719221
171.192537,30.586360,12.418848,0.563405,14.514692,5.597022,2.462898,0.182209,386.303970,77.601638,459.287812,3429.500251
113.696777,19.041591,8.503375,0.714941,18.564272,5.970970,2.239298,0.285961,338.014281,398.084787,712.176188,6801.480747
175.879226,21.114145,10.441755,0.740237,12.482161,8.329924,2.022088,0.154592,282.300422,34.209864,310.550553,1994.160810
175.248032,20.663985,9.742224,0.722548,22.296007,8.480844,2.121075,0.276633,781.523000,734.071612,1517.893344,17410.308088
168.589041,28.058999,7.117291,0.660665,18.655538,6.008377,3.942371,0.235992,515.184816,284.467257,810.288772,7776.527174
171.900971,23.353335,9.602852,0.716144,15.111725,7.360875,2.431917,0.189312,388.228663,71.737353,473.131200,3678.186471
88.409277,12.973228,6.075988,0.595105,19.003105,6.814748,2.135164,0.331955,170.826919,197.805478,361.219664,3531.295399
147.094938,32.074646,12.944915,0.773948,17.624941,4.586019,2.477780,0.238689,666.070816,437.425866,1077.591464,9770.570404
166.246656,29.491520,8.166787,0.828049,12.196310,5.637100,3.611153,0.155366,314.550440,48.116575,369.154718,2316.194230
170.575635,21.642681,7.966535,0.579583,11.379251,7.881447,2.716699,0.143106,166.676655,22.007327,190.570464,1115.597111
221.491754,31.146019,8.948006,0.577521,23.893123,7.111399,3.480777,0.263692,1079.232921,926.251280,1952.509100,23999.604607
213.007705,29.775785,11.964638,0.587526,12.990035,7.153723,2.488649,0.146190,377.934487,54.539657,415.679954,2777.841867
83.311827,18.339711,7.758228,0.565697,22.412123,4.542701,2.363905,0.403305,286.493203,179.892748,462.809433,5336.092066
78.243533,16.012397,4.911361,0.639786,11.152168,4.886435,3.260277,0.207080,60.376505,16.836498,77.014239,441.843469
134.849648,15.592412,4.294041,0.724974,20.226978,8.648415,3.631174,0.286095,307.740749,329.072675,635.188278,6609.545140
178.974580,21.903544,7.384387,0.738414,15.755149,8.171033,2.966197,0.193433,383.234746,73.647980,464.085910,3761.482194
123.930703,19.917566,7.160369,0.604539,12.196992,6.222181,2.781639,0.179956,135.404651,23.678475,163.042230,1023.036057
166.645455,33.981981,8.155351,0.558527,22.080728,4.903936,4.166832,0.280944,717.242003,938.747178,1610.128125,18289.925513
113.662138,16.538321,4.989139,0.648656,16.267841,6.872653,3.314865,0.250626,174.882602,109.574877,284.551023,2381.377122
84.589172,14.495756,6.123653,0.586099,20.851987,5.835444,2.367175,0.372386,204.684904,181.824088,372.982570,4001.050969
206.629656,32.015923,12.857781,0.757007,22.968349,6.453965,2.490004,0.262444,1433.019670,1335.991877,2702.474328,31932.245043
180.274002,20.560759,7.027366,0.672974,22.835605,8.767867,2.925813,0.279351,670.073346,645.364682,1304.827586,15328.644687
195.381084,23.788568,11.604395,0.589044,14.055853,8.213234,2.049962,0.165166,361.092183,50.901515,407.457683,2946.305736
105.045478,20.307649,5.074875,0.553240,10.248687,5.172705,4.001606,0.164242,68.413740,12.048694,81.511529,429.759384
83.498059,16.695300,4.622047,0.650997,12.533726,5.001291,3.612101,0.225292,80.604321,33.422874,115.197555,742.782357
212.128841,22.760412,8.670619,0.628992,16.532808,9.320079,2.625004,0.186445,463.135850,76.821925,530.550220,4512.437667
197.836493,31.322139,10.583650,0.790972,15.255633,6.316187,2.959484,0.178148,606.329414,108.308582,716.302999,5621.666987
144.155944,21.222273,7.356490,0.835979,22.877391,6.792672,2.884837,0.312964,712.958037,1115.310371,1799.992242,21184.354495
202.666620,28.642518,12.700268,0.784938,11.908552,7.075726,2.255269,0.137395,397.570904,50.008089,446.936801,2738.061487
142.466857,26.227588,9.670979,0.792081,15.647603,5.431947,2.711989,0.215325,415.562018,147.486035,561.470100,4519.730789
107.234889,17.574704,4.634446,0.652623,19.492514,6.101661,3.792191,0.309174,236.401177,332.146346,595.677107,5973.335063
143.220183,25.446935,7.508048,0.675500,12.811923,5.628190,3.389288,0.175839,217.101221,39.775149,256.315979,1689.382956
206.976137,32.710380,9.007042,0.670850,13.509365,6.327537,3.631645,0.154233,410.425896,65.743005,482.824478,3355.539311
163.808899,22.223810,10.554588,0.797876,22.880767,7.370874,2.105607,0.293633,915.795939,1175.387764,2060.964584,24259.353037
160.657830,30.507587,8.186459,0.604949,16.947992,5.266160,3.726591,0.219620,424.258097,170.300504,607.306527,5294.979807
160.104929,26.705877,9.082046,0.673853,14.423448,5.995120,2.940513,0.187228,332.256451,67.492575,393.821017,2922.174038
188.635219,24.557343,5.966366,0.621931,18.119648,7.681418,4.115963,0.216692,436.371277,141.621472,577.249415,5380.855843
152.538566,22.122730,8.286771,0.837209,15.369763,6.895106,2.669644,0.204400,382.631959,95.682908,472.004059,3732.080567
191.615164,32.648981,8.722887,0.787579,20.716908,5.868948,3.742910,0.245818,995.738888,748.536979,1684.556852,17953.482960
158.480523,27.053940,10.639680,0.651604,19.591986,5.857946,2.542740,0.255620,616.697165,477.293883,1081.255700,10897.954309
86.168464,14.940863,6.993407,0.817571,23.588169,5.767301,2.136421,0.417372,378.400436,176.025072,556.409396,6751.912400
97.490709,20.687201,9.608748,0.615338,17.694374,4.712610,2.152955,0.294345,266.114519,348.859876,607.795699,5532.621220
180.572988,30.598399,8.403533,0.556904,15.213377,5.901387,3.641135,0.185953,362.125737,78.608863,438.095192,3428.721568
216.379276,31.129369,9.110247,0.743570,23.254044,6.950969,3.416962,0.259654,1274.832135,1130.734773,2461.557627,29447.375872
155.764901,27.834427,11.034415,0.697750,17.473477,5.596124,2.522511,0.229958,537.024550,254.305394,749.730123,6739.418257
169.928148,31.230874,10.181162,0.659883,23.276124,5.441031,3.067515,0.293279,970.224436,1386.560001,2331.422804,27917.067823
194.002799,33.965584,11.395278,0.583679,12.405342,5.711746,2.980672,0.146288,332.232549,54.432585,382.449640,2440.737647
185.088082,32.176914,11.809673,0.656143,15.408754,5.752201,2.724624,0.186030,521.025717,108.628516,619.964776,4914.424327
99.181529,14.573486,4.728910,0.775245,20.357104,6.805615,3.081785,0.335741,254.746647,352.293214,616.248844,6453.721565
115.425453,25.407321,8.737062,0.714537,13.879181,4.543000,2.907994,0.212186,235.304912,81.441712,317.936687,2270.087465
110.541293,13.081952,4.509658,0.577568,15.141963,8.449908,2.900875,0.236550,113.589477,45.279413,159.035330,1238.836234
161.851553,26.965269,10.012191,0.712156,17.675515,6.002223,2.693243,0.228201,542.644955,242.989849,790.677927,7189.683856
209.820324,23.191010,6.693429,0.754923,17.704911,9.047485,3.464743,0.200758,557.250503,121.796388,691.685968,6300.003753
97.370057,12.278389,5.894208,0.773022,18.182004,7.930198,2.083128,0.302644,203.065810,238.894834,443.025884,4143.897093
138.888681,16.568641,4.530480,0.822521,20.388984,8.382624,3.657149,0.284162,388.963506,446.863555,845.338332,8866.745821
151.760934,27.728937,12.966196,0.576754,17.784765,5.473017,2.138556,0.237122,507.143163,264.850464,793.475157,7259.715166
159.322096,24.375944,11.254821,0.710613,14.913302,6.536038,2.165822,0.194062,389.654955,80.637830,479.530944,3678.989452
222.020943,32.029988,12.823765,0.756571,23.478644,6.931659,2.497705,0.258809,1587.293138,1350.321799,2953.025439,35667.962275
177.040964,28.579572,12.074384,0.802980,15.666140,6.194668,2.366959,0.193388,590.283236,127.473299,719.649842,5799.911044
192.830338,26.349161,12.973866,0.602806,11.407539,7.318272,2.030941,0.134930,273.462596,36.129988,307.300097,1803.402841
138.579636,29.974981,9.021763,0.675155,17.451794,4.623177,3.322519,0.243497,448.527184,316.326891,756.419032,6791.107975
91.748714,13.032360,5.794863,0.648342,19.506176,7.040069,2.248951,0.334484,193.038967,227.892455,416.914810,4183.671506
152.859762,32.961129,9.669322,0.734873,17.073002,4.637577,3.408836,0.226812,553.934579,284.394599,814.715084,7155.726917
195.205087,33.943295,12.264522,0.842130,16.483156,5.750918,2.767600,0.193775,825.938622,193.482092,1028.010613,8717.181119
201.700360,33.880870,10.726005,0.682621,14.068137,5.953223,3.158760,0.162700,483.075680,81.250309,547.858769,3965.000998
176.025762,25.983305,12.500225,0.568979,18.263910,6.774572,2.078627,0.226105,571.317088,216.004550,798.322429,7500.844957
95.045515,19.083724,4.685129,0.749566,17.551164,4.980449,4.073255,0.295695,212.956167,326.359698,518.088943,4677.872088
132.969911,24.113221,7.560679,0.560805,11.436788,5.514399,3.189293,0.162904,136.718220,23.279514,158.920165,935.020602
96.206414,19.440937,7.921896,0.627508,13.865646,4.948651,2.454076,0.232189,148.231715,69.594481,222.997132,1590.660470
129.240281,22.417882,7.765688,0.683854,20.449927,5.765053,2.886786,0.295458,455.030762,616.928549,1103.289006,11606.977774
223.631576,31.628333,10.674748,0.810068,21.379321,7.070609,2.962911,0.234818,1316.056667,704.872619,2060.326887,22660.430316
198.188472,31.960678,12.821957,0.664482,13.108105,6.201010,2.492652,0.152934,427.557165,65.146685,499.236217,3366.542399
196.720239,30.095795,9.504256,0.722615,21.805864,6.536469,3.166560,0.255360,1007.020696,816.920129,1783.124325,20002.903175
202.426625,33.228235,9.091887,0.845968,14.791679,6.092006,3.654713,0.170760,616.554054,105.258848,711.234877,5412.135181
211.470960,27.859306,8.859135,0.805802,16.056046,7.590676,3.144698,0.181350,625.087141,107.199309,745.565756,6158.325955
113.790196,20.867353,5.696131,0.736076,17.965521,5.453025,3.663426,0.276625,289.622597,344.262058,649.878400,6006.341480
156.018499,20.389784,5.066626,0.837435,16.521384,7.651798,4.024332,0.217251,353.552106,119.181232,472.145485,4012.918828
194.403541,25.682226,10.777405,0.796406,19.766589,7.569575,2.382969,0.232854,879.156887,409.447551,1253.923765,12750.903635
109.265004,14.859972,5.246015,0.579527,21.151390,7.352975,2.832621,0.332355,242.906118,287.366316,537.724302,5851.088665
175.121980,32.254821,12.244749,0.790201,11.295489,5.429327,2.634176,0.140197,335.665828,48.442324,378.811697,2201.235638
174.021825,32.194393,11.194787,0.564733,20.995753,5.405346,2.875838,0.261417,763.489686,678.405651,1430.021950,15445.865766
131.854783,18.203578,7.025405,0.816136,16.848440,7.243345,2.591107,0.240999,324.417260,176.830773,504.999771,4377.125446
189.378642,30.508927,10.899675,0.687728,19.817321,6.207319,2.799068,0.236528,831.297409,449.511853,1336.049685,13620.895661
160.828074,19.064465,6.858788,0.825053,12.088731,8.436013,2.779568,0.156568,212.611029,25.309227,242.918024,1510.701159
157.858296,28.572710,12.802431,0.672234,19.113979,5.524792,2.231819,0.249874,679.681814,484.364729,1138.482758,11194.782650
133.035541,15.200004,5.433941,0.710286,19.167970,8.752336,2.797234,0.272958,292.635031,249.204858,546.375844,5387.728780
127.808832,18.335706,6.064032,0.798092,20.725212,6.970489,3.023682,0.301108,429.763758,600.218072,1035.136223,11036.582080
200.158968,31.862046,9.326509,0.699443,12.796548,6.282050,3.416289,0.148562,373.883408,57.052399,446.552269,2939.701462
214.249831,30.722409,8.679343,0.575649,21.974369,6.973732,3.539716,0.246581,874.585064,550.948659,1405.052568,15883.532080
113.056939,21.706504,5.425746,0.555270,12.763746,5.208436,4.000648,0.197167,117.891845,29.709228,145.532934,955.603071
180.336611,27.935785,7.034848,0.598249,10.672629,6.455398,3.971057,0.130537,173.617795,26.191078,198.260858,1088.545322
124.798694,17.466012,8.269177,0.742664,13.580732,7.145231,2.112183,0.199674,199.035456,41.323513,243.708555,1702.676162
137.298071,26.385743,9.804901,0.575363,21.594528,5.203495,2.691077,0.302702,561.947504,793.247093,1301.370274,14457.150353
187.496522,27.432891,10.127669,0.620495,23.262527,6.834734,2.708707,0.279038,930.364797,982.951575,1924.276304,23028.329491
190.097244,30.780560,8.317860,0.645166,10.960865,6.175886,3.700538,0.130575,231.903910,34.965951,273.028623,1539.540543
192.349161,30.341557,7.463562,0.679667,11.556872,6.339462,4.065292,0.136867,258.419420,38.994920,305.160234,1814.288485
127.961555,19.326669,5.203282,0.802232,11.347199,6.620984,3.714323,0.164760,136.597412,19.757070,156.005562,910.682203
191.258000,21.570391,6.950623,0.771136,23.361492,8.866691,3.103375,0.277456,858.931150,876.032247,1712.532233,20581.519312
207.916556,31.519541,10.248804,0.556407,15.116980,6.596433,3.075436,0.172196,449.753363,80.359461,523.640927,4072.271593
149.960368,21.816689,7.425882,0.705875,15.794280,6.873654,2.937926,0.211844,316.575386,91.506630,410.613048,3336.342846
189.627475,27.444807,7.513933,0.748953,12.480545,6.909412,3.652522,0.148863,305.422682,43.309710,350.358367,2249.490495
90.683098,12.381935,5.133324,0.768903,21.383221,7.323823,2.412070,0.368819,241.871210,225.867563,476.682216,5243.728290
122.862788,15.162167,7.531480,0.793119,22.972424,8.103247,2.013172,0.340408,496.679710,613.484063,1078.944086,12750.989028
157.566087,20.976294,7.799761,0.774695,23.770393,7.511627,2.689351,0.311035,777.954502,1103.664948,1977.791386,24185.493520
227.552398,33.502790,10.874638,0.677018,11.603191,6.792043,3.080819,0.126340,370.312790,52.139310,416.953911,2488.877921
188.866446,30.204781,7.299182,0.697622,17.272175,6.252866,4.138105,0.206430,548.948382,163.922054,713.171538,6336.933336
194.477667,30.066766,10.678732,0.794498,17.598270,6.468194,2.815575,0.207271,768.678422,221.251418,956.626344,8660.648574
199.199786,22.544481,9.413115,0.650168,10.936021,8.835856,2.395008,0.127268,215.119999,25.267366,248.549157,1398.330251
174.502186,25.241007,9.653053,0.553652,21.679601,6.913440,2.614821,0.269559,656.894843,576.964585,1170.400345,13053.405879
105.880530,18.159796,5.500195,0.559375,21.698997,5.830491,3.301664,0.346366,274.913280,345.507996,622.266800,6946.313818
149.701787,23.518210,5.749567,0.669704,11.896588,6.365356,4.090431,0.159703,167.032538,26.342532,193.262926,1182.793897
97.639382,12.377761,4.507056,0.790722,10.690001,7.888291,2.746307,0.177692,68.277273,9.328716,78.212808,430.124054
172.752957,27.689543,7.534631,0.676974,20.397545,6.238924,3.674970,0.254899,645.417426,516.267355,1155.802783,12128.294930
180.919087,28.154263,12.019845,0.824559,13.652237,6.425993,2.342315,0.166711,472.265727,70.248120,537.914204,3777.939011
210.398297,26.665289,9.254166,0.576947,10.131066,7.890344,2.881436,0.114720,192.023746,25.129293,210.762698,1098.466946
155.630131,16.517955,4.353778,0.762642,18.068163,9.421877,3.793936,0.237887,309.841662,144.597021,457.449544,4252.019985
217.865330,24.987059,10.608724,0.634579,12.050709,8.719127,2.355331,0.134098,306.090421,37.556136,341.584107,2117.621649
193.003992,24.421051,6.034491,0.703017,14.752278,7.903181,4.046911,0.174413,340.441583,55.344594,387.871702,2943.643952
155.978758,21.365503,5.120805,0.831196,16.820547,7.300496,4.172294,0.221213,375.673743,143.188745,515.420698,4460.053679
185.692426,22.561923,8.441850,0.741645,20.779271,8.230346,2.672628,0.250459,720.757332,459.517963,1174.227917,12552.227979
158.317672,25.861916,6.639740,0.779303,19.282794,6.121653,3.895019,0.251715,567.867354,456.580954,1024.185457,10159.835367
135.314170,23.363143,11.482892,0.843733,12.592001,5.791779,2.034605,0.177798,286.075120,46.990466,318.810176,2065.213866
163.906371,20.682564,6.928604,0.739747,13.645543,7.924857,2.985098,0.175064,255.673337,38.288474,293.912240,2063.225051
159.187051,18.675444,4.475319,0.712896,20.078847,8.523870,4.172986,0.261390,393.078913,308.957741,685.291629,7078.680419
198.462085,32.613919,12.142858,0.653204,15.661153,6.085196,2.685852,0.182595,580.105659,113.726486,681.101004,5487.485033
182.177381,29.092645,9.514627,0.623563,20.720294,6.261974,3.057676,0.252146,734.726791,530.520615,1282.428067,13669.953147
128.439226,27.612746,9.685234,0.582492,23.271263,4.651447,2.851015,0.337268,627.189173,960.345702,1583.378040,18955.824409
224.551947,29.890537,7.624379,0.703229,13.780058,7.512476,3.920390,0.151041,424.029879,61.883421,487.838566,3458.320722
196.120592,28.347094,11.519468,0.614511,22.491122,6.918543,2.460799,0.263787,977.424821,811.518231,1777.393723,20565.197199
143.632235,20.396805,10.031879,0.574666,11.804106,7.041899,2.033199,0.161775,168.675661,24.011234,197.410023,1198.782555
126.812426,25.655943,6.160822,0.572402,14.787976,4.942809,4.164370,0.215691,205.033775,76.222263,285.747978,2173.852122
138.704258,30.097637,11.479353,0.697167,21.215934,4.608477,2.621893,0.295884,743.030844,1152.370091,1891.397680,20643.490086
151.117553,23.536210,7.110164,0.784174,22.859505,6.420641,3.310220,0.305431,728.694331,1127.708313,1825.959736,21473.168178
218.618645,30.820828,10.920332,0.595389,10.121955,7.093211,2.822334,0.112441,237.567204,32.665567,265.608988,1383.073603
100.560844,20.299905,7.239543,0.707603,17.133483,4.953759,2.804031,0.280630,248.682215,302.659592,539.604030,4756.187294
96.889446,12.648884,5.044015,0.617766,19.434878,7.659921,2.507701,0.324300,177.336898,204.994136,377.568492,3774.988747
129.445027,27.782637,12.123610,0.595542,22.828855,4.659206,2.291614,0.329568,697.199433,1077.112503,1780.713832,20913.001369
193.854330,28.631351,8.334741,0.609808,12.097044,6.770701,3.435182,0.142707,258.702658,38.588975,295.560757,1839.348948
176.438756,19.011329,5.308513,0.605210,23.713885,9.280716,3.581291,0.293231,543.892320,580.032846,1146.065807,13981.390515
137.675714,22.172828,5.419385,0.663324,16.697435,6.209209,4.091392,0.233736,273.887344,137.338300,405.495560,3483.164481
201.258753,30.921594,12.697537,0.804976,11.268801,6.508680,2.435243,0.130468,380.853157,49.037441,432.809139,2509.066955
166.359609,22.235035,7.500679,0.616662,17.577779,7.481869,2.964403,0.223843,381.575571,135.565608,533.533317,4824.626007
148.065102,17.884050,4.908687,0.654900,11.128437,8.279171,3.643347,0.150214,113.159214,14.606499,131.311614,751.753430
177.988060,29.582878,11.453510,0.813294,10.058086,6.016590,2.582866,0.123829,260.595350,33.798044,296.697580,1535.208777
200.403142,26.010915,9.149185,0.820027,17.717914,7.704579,2.842976,0.205572,710.411043,181.416442,881.919785,8038.588269
223.119980,26.486499,12.073483,0.785936,19.215636,8.423914,2.193774,0.211295,995.239266,269.850014,1250.081185,12357.513348
137.264862,23.223363,6.770030,0.593650,19.979394,5.910637,3.430319,0.280096,389.751794,433.349871,806.783175,8292.342897
168.792832,18.620556,9.078545,0.607155,20.069307,9.064865,2.051051,0.253722,495.140915,282.498647,765.321942,7901.592761
200.524133,31.217177,9.275486,0.581327,15.970303,6.423519,3.365557,0.185239,474.979807,97.822268,574.942455,4723.627550
118.344809,24.979312,6.508465,0.574978,13.594187,4.737713,3.837973,0.205250,166.683477,50.557367,215.422708,1506.547471
206.729244,31.424866,10.621940,0.805533,23.616205,6.578524,2.958486,0.269782,1464.810000,1614.479775,3159.790714,38388.976842
139.979758,23.424560,6.830535,0.759973,17.172527,5.975769,3.429389,0.238399,378.802261,219.965618,601.491985,5313.762639
199.210128,32.882759,12.438125,0.806910,22.082966,6.058194,2.643707,0.256984,1374.251383,1238.257517,2632.861779,29910.493201
206.259008,31.799762,8.296409,0.633283,11.368858,6.486181,3.832955,0.130021,266.975618,40.231615,310.601748,1816.598047
179.147277,26.107977,6.503051,0.585286,22.010142,6.861783,4.014728,0.270098,612.609018,586.588689,1214.270911,13749.172147
193.493980,30.304141,8.551530,0.768303,10.640099,6.385067,3.543710,0.125636,264.617043,36.261986,294.178067,1610.252776
132.150632,18.349249,8.082036,0.665846,17.293530,7.201964,2.270375,0.247089,303.353472,171.183492,480.221244,4272.313635
187.706955,25.520427,12.423380,0.630388,23.733700,7.355165,2.054226,0.284531,1051.495611,1115.880930,2188.928614,26726.073502
182.629173,28.395751,10.886593,0.720950,20.315024,6.431567,2.608323,0.246908,846.207215,562.236409,1411.941750,14756.121710
229.501344,33.322297,10.774873,0.563987,16.051358,6.887321,3.092593,0.174029,584.535000,105.280596,684.845357,5655.127524
126.433220,23.159014,10.103536,0.763296,20.610043,5.459353,2.292169,0.301059,576.689042,864.123673,1437.477287,15241.158940
172.559043,33.366717,12.229521,0.553890,22.654581,5.171592,2.728375,0.283264,917.904916,1136.516606,2136.558455,24900.549109
194.113743,28.006707,8.575533,0.769294,15.023766,6.930973,3.265885,0.177115,483.344284,82.428861,572.653864,4425.976671
130.431513,21.600870,5.448968,0.649673,12.443360,6.038253,3.964213,0.178958,145.569917,26.893129,172.814524,1106.256952
149.518094,18.249505,6.746248,0.577315,18.230804,8.192995,2.705134,0.244885,302.760970,152.815550,437.165652,4100.057551
150.760639,27.480875,9.669732,0.681125,13.331401,5.486020,2.841948,0.178335,287.290676,53.923431,339.126537,2325.817745
125.949320,25.686518,8.419210,0.838597,17.147299,4.903324,3.050942,0.250958,440.009754,375.752665,810.413250,7148.918936
200.019269,26.344416,12.351567,0.809211,15.773605,7.592473,2.132880,0.183189,647.866817,107.689904,757.956112,6150.538474
114.811944,15.474904,6.693862,0.719702,19.851600,7.419234,2.311805,0.304303,310.231594,382.492476,704.563840,7195.383766
142.704018,31.512496,9.696355,0.668587,11.099449,4.528490,3.249932,0.152611,207.246443,36.179925,252.858362,1443.832629
213.739812,22.882440,5.579300,0.706189,15.201484,9.340779,4.101310,0.170784,368.135783,53.975838,409.425419,3201.834652
163.542081,24.477538,9.450999,0.714560,13.455947,6.681312,2.589942,0.172824,303.865607,48.262710,356.791544,2469.829183
70.038299,14.988620,4.743491,0.786256,10.018024,4.672765,3.159829,0.196616,51.914274,11.982099,63.574168,327.642969
180.815335,23.478324,7.190054,0.687518,12.430397,7.701373,3.265389,0.151835,238.462642,32.413877,273.910477,1751.587118
90.309769,17.052510,7.087492,0.556818,22.448143,5.295981,2.406001,0.387987,280.161859,210.130888,483.251265,5580.736589
93.328565,13.041301,5.979632,0.656766,10.933120,7.156385,2.180954,0.185883,68.118929,10.804351,78.498133,441.511020
178.602554,29.928042,7.437125,0.841910,20.273861,5.967733,4.024141,0.249170,866.830605,715.330901,1575.807550,16435.304475
81.577665,13.844491,4.724912,0.719018,15.320177,5.892428,2.930106,0.278600,113.812732,119.755525,228.426431,1800.313947
196.139837,21.578376,10.566113,0.689274,19.918192,9.089648,2.042225,0.233599,713.885196,286.973175,1024.730625,10500.204203
138.601111,29.670463,9.184495,0.552384,13.617925,4.671350,3.230495,0.189990,238.383179,57.778858,286.809490,2009.289740
143.340835,28.942992,7.025744,0.760396,21.035739,4.952523,4.119562,0.288587,657.663578,1031.432118,1682.476333,18207.270389
158.075753,18.134747,6.150699,0.769500,19.079414,8.716733,2.948405,0.249250,425.443570,256.575590,691.028758,6782.647614
80.663413,15.618911,6.643696,0.550533,20.423820,5.164471,2.350937,0.373510,195.767249,179.742060,372.124108,3909.875080
226.581760,31.029339,8.607245,0.745250,13.625627,7.302178,3.605026,0.148678,475.467529,67.573144,553.519572,3879.962870
190.143948,21.134661,7.999285,0.694536,15.497643,8.996783,2.642069,0.184598,375.503781,60.120706,434.236831,3462.026774
138.098242,29.397788,8.813870,0.564504,20.872234,4.697573,3.335401,0.291728,525.597520,738.919076,1248.244627,13403.145844
140.186711,22.661972,7.664161,0.656416,16.423443,6.185989,2.956876,0.227832,311.932935,131.262503,435.456301,3679.144931
112.660855,19.887771,9.795344,0.848195,20.826682,5.664831,2.030329,0.322283,536.406348,869.022588,1406.360689,15067.975463
99.556990,19.427405,8.074885,0.719447,18.766071,5.124565,2.405905,0.308916,304.792564,458.234452,759.353949,7330.873269
109.896564,16.591023,5.215473,0.813179,21.532479,6.623857,3.181115,0.337369,366.291624,536.922294,898.924882,9957.619867
177.402628,32.084836,12.341753,0.647782,15.202810,5.529174,2.599698,0.187477,494.119480,105.987213,589.803506,4612.849976
127.915377,13.891797,5.182724,0.651398,18.218393,9.207979,2.680405,0.264577,221.776566,152.747616,371.114206,3478.209568
76.337191,12.570740,3.577899,0.812066,14.869890,6.072609,3.513442,0.279540,97.241999,110.364424,202.843421,1551.696496
180.138503,24.161521,7.359469,0.655104,10.627821,7.455595,3.283052,0.130060,174.107382,22.941715,200.903175,1098.421835
153.791273,20.235620,8.757958,0.660786,23.651049,7.600028,2.310541,0.313248,677.022473,863.592188,1535.691860,18684.978036
160.254668,26.009270,11.739293,0.754307,21.870988,6.161444,2.215574,0.283770,895.070027,1106.980372,1966.528776,22126.198812
141.669625,26.053710,9.751908,0.643072,23.707147,5.437599,2.671653,0.327148,744.254028,1132.532150,1879.280278,22919.701148
205.187877,29.252212,12.411358,0.770622,11.358947,7.014440,2.356890,0.130246,361.420578,45.543898,410.034046,2396.051177
119.659754,20.978754,7.946818,0.771730,12.521550,5.703854,2.639894,0.188013,185.132708,36.043488,215.263625,1386.650005
80.969217,11.527954,5.169019,0.835132,16.273626,7.023728,2.230201,0.297049,137.795568,169.197414,314.356107,2631.748146
158.357351,31.653553,12.715973,0.555066,13.388447,5.002830,2.489275,0.174749,316.275602,62.052334,375.632465,2587.208574
134.988910,21.537915,9.764775,0.570112,20.401100,6.267501,2.205675,0.288409,447.513577,495.971106,967.372309,10152.788343
110.028574,15.256577,5.654645,0.636693,14.321929,7.211878,2.698061,0.224260,133.404814,44.879888,177.523655,1307.964206
228.332999,29.584318,11.614367,0.736774,16.607553,7.718042,2.547218,0.180520,756.238443,127.458323,889.689395,7601.200047
131.498314,16.706468,8.320059,0.726322,12.253956,7.871102,2.007975,0.175517,165.275563,22.996886,189.766517,1196.283201
169.075343,17.850865,8.823755,0.839492,12.129309,9.471549,2.023046,0.153214,245.759684,26.105704,276.438776,1724.936615
123.683676,18.470780,8.609456,0.744442,10.932166,6.696181,2.145406,0.161456,138.427759,18.437677,154.707101,870.070728
77.417477,11.708849,3.920400,0.793024,19.414864,6.611878,2.986647,0.362425,156.448981,169.507928,318.336214,3179.497558
164.379511,20.620954,6.767998,0.571671,15.495102,7.971480,3.046832,0.198506,256.496940,54.042619,316.679532,2524.367230
74.314853,13.960635,3.810237,0.635215,16.701229,5.323171,3.663981,0.318210,101.190666,143.452864,241.106730,2071.552102
185.873928,21.737764,6.714367,0.621047,16.749113,8.550738,3.237500,0.201784,362.235194,79.920050,449.487080,3872.996727
167.363696,27.310481,8.445285,0.708950,22.577153,6.128186,3.233814,0.286644,824.370170,1077.606700,1834.797839,21310.591875
184.328516,19.476198,8.932455,0.796450,11.548391,9.464296,2.180386,0.139710,241.374289,25.422302,271.747396,1614.451414
165.399522,26.246654,7.877524,0.644092,21.078837,6.301737,3.331841,0.269205,622.586765,608.464179,1316.329314,14274.118609
222.329204,26.836060,10.691688,0.627357,19.937799,8.284719,2.509993,0.219625,827.063388,263.458730,1110.691086,11392.226560
198.024923,33.277769,11.356640,0.849303,23.540184,5.950667,2.930248,0.274760,1580.024752,2024.956122,3554.609074,43046.694967
151.822477,22.992533,8.924457,0.743745,12.069046,6.603121,2.576351,0.160882,226.985978,32.186511,255.645687,1587.265266
143.759333,23.128986,9.769359,0.784495,16.810804,6.215549,2.367503,0.230289,443.894117,203.727603,644.788303,5576.269462
189.259959,21.751374,6.368710,0.815455,13.527440,8.701058,3.415350,0.161506,314.593749,40.521000,355.876659,2476.584983
147.111267,22.598679,10.631081,0.655056,22.691749,6.509729,2.125718,0.307290,699.274980,929.238454,1660.686365,19386.244666
98.153482,15.853962,7.091048,0.835344,21.262249,6.191101,2.235771,0.352501,370.156905,481.134414,857.118317,9375.362936
220.031956,28.713361,9.852272,0.702858,23.750039,7.663051,2.914390,0.262981,1253.731383,1069.361010,2350.092613,28713.585026
172.363757,27.766502,10.089152,0.815026,22.890879,6.207615,2.752115,0.286380,1085.439021,1494.285958,2557.918809,30122.244712
215.952273,33.859338,12.372099,0.786381,23.706387,6.377924,2.736750,0.264966,1665.022571,1696.797096,3325.274563,40553.746119
119.686864,23.196593,9.128807,0.593858,20.195114,5.159674,2.541032,0.303198,407.368785,566.083553,1023.878445,10637.334279
153.477270,23.768404,8.342244,0.718736,12.514252,6.457197,2.849162,0.165915,234.688905,35.737562,273.479899,1760.631265
183.446154,23.891676,11.393653,0.689785,10.008097,7.678246,2.096928,0.121367,202.425692,24.148610,228.189803,1174.859253
141.504062,16.588482,4.649558,0.814385,19.309997,8.530260,3.567755,0.266625,356.497828,313.079343,660.869496,6565.019379
125.508351,26.460396,8.962628,0.649523,15.375933,4.743253,2.952303,0.225428,290.942746,130.778585,429.540337,3397.688385
127.603905,24.808899,12.023537,0.747768,12.450140,5.143473,2.063361,0.181028,250.409010,46.286165,297.859230,1907.758550
207.306649,25.528383,11.626379,0.749281,11.007504,8.120634,2.195729,0.125570,301.935863,35.048754,344.365451,1950.053544
168.118630,30.774697,9.860382,0.835674,10.562764,5.462885,3.121045,0.133805,269.802503,37.686896,313.844618,1705.416092
189.888931,27.478696,10.878642,0.606288,22.768219,6.910405,2.525931,0.271383,920.143744,856.409344,1811.006196,21212.267442
132.744144,16.872533,6.224473,0.796811,23.031581,7.867470,2.710677,0.328337,519.840786,718.170538,1205.886638,14287.897985
186.095552,25.947538,8.440312,0.756866,19.321138,7.171993,3.074239,0.232631,697.062703,333.904299,1002.551367,9965.003316
135.736405,22.652281,9.729853,0.634562,19.072693,5.992174,2.328122,0.268886,438.494164,401.871720,813.627798,7983.179780
203.565679,32.721856,10.154341,0.623334,18.271424,6.221092,3.222450,0.210341,702.398883,219.042454,928.987006,8732.128990
213.765059,30.660912,11.638221,0.742750,12.669393,6.971908,2.634502,0.142328,441.972762,59.738429,499.634581,3256.464947
144.538197,27.454557,11.001083,0.550121,20.402635,5.264634,2.495623,0.278740,553.534601,615.704148,1185.383374,12441.799675
189.025725,30.393622,8.464410,0.657488,14.403206,6.219256,3.590755,0.172069,391.686078,70.141590,461.666303,3420.782566
211.864108,28.640885,9.484720,0.844066,20.232925,7.397261,3.019687,0.228315,1062.614242,481.060080,1537.894493,16007.492861
160.417510,33.509987,9.134908,0.736387,22.460437,4.787155,3.668344,0.291270,957.981615,1545.926498,2524.409612,29168.637205
81.598229,12.711960,4.333870,0.849993,14.367260,6.419012,2.933166,0.261238,109.894241,91.654471,203.604396,1504.870733
205.380976,24.418043,10.515659,0.581664,17.649251,8.411033,2.322065,0.202279,548.779004,120.518198,668.275582,6067.642267
159.427695,26.602610,11.420072,0.701866,21.014735,5.992934,2.329461,0.273367,773.352164,817.260685,1594.422489,17237.149381
70.685626,13.737833,4.628885,0.718315,20.237864,5.145326,2.967849,0.395369,167.095407,117.513920,287.113158,2989.206139
140.094955,17.476407,7.852670,0.594095,18.151186,8.016233,2.225537,0.251882,307.724980,175.433582,462.880536,4322.271327
118.006574,15.737604,3.911124,0.754349,13.704081,7.498382,4.023805,0.207205,134.009055,33.947541,171.390337,1208.298820
111.282478,21.467496,7.719725,0.566964,19.580250,5.183766,2.780863,0.304866,307.876044,424.385128,731.657146,7369.940026
125.699752,17.588990,7.571324,0.571814,16.405539,7.146502,2.323106,0.240340,221.703043,104.331309,319.851656,2699.462000
155.394406,28.373584,12.333849,0.560535,22.000869,5.476728,2.300465,0.289885,743.532267,923.866252,1678.796579,19000.980548
168.134645,20.393965,8.294403,0.581512,14.648339,8.244333,2.458762,0.185551,262.763811,44.201601,305.085121,2299.045215
94.416009,20.275191,6.074552,0.749445,10.684167,4.656726,3.337726,0.180602,95.619588,18.489274,113.859934,625.820380
123.732625,16.948237,7.961246,0.596346,17.080783,7.300619,2.128842,0.252214,245.731952,144.373426,380.955382,3347.495504
218.046775,23.860059,10.782639,0.683614,13.230031,9.138568,2.212822,0.147160,382.355226,46.040574,434.017119,2953.968317
140.498165,30.248228,11.863912,0.843914,13.971078,4.644840,2.549600,0.193597,420.834407,102.666258,517.719992,3721.028137
187.407891,28.198027,7.125406,0.576734,10.486133,6.646135,3.957392,0.125813,170.066129,25.460728,199.160283,1074.375808
87.378832,15.585869,3.793424,0.598792,15.936910,5.606285,4.108654,0.280030,107.942271,116.895548,235.379406,1929.792785
100.884685,13.972144,6.644624,0.737470,13.710204,7.220416,2.102774,0.224200,134.061518,44.710267,174.344855,1229.677269
211.447849,27.564518,10.767715,0.817330,21.177185,7.671016,2.559923,0.239205,1149.777722,635.724496,1772.991671,19315.814941
106.101114,20.537310,5.440066,0.638711,22.747101,5.166262,3.775195,0.362718,360.149917,439.157053,828.013694,9689.506836
212.444645,27.930493,9.029137,0.780962,21.981591,7.606190,3.093374,0.247708,1105.903925,742.892446,1874.321061,21195.380398
171.107313,20.180938,10.009074,0.820437,20.785548,8.478660,2.016264,0.260994,756.281963,584.724707,1323.640092,14153.683784
209.636865,23.426018,11.415344,0.666850,12.472961,8.948890,2.052152,0.141494,331.220916,39.352705,375.742320,2411.003158
154.795141,26.323867,11.875459,0.639256,21.474644,5.880410,2.216661,0.283499,737.666193,853.652913,1619.171211,17887.796651
210.630138,23.706734,8.566868,0.590117,12.969210,8.884823,2.767258,0.146777,281.536918,36.569417,315.480864,2104.866937
183.675947,23.934319,7.482695,0.600947,21.649324,7.674166,3.198623,0.262375,626.180539,486.887489,1131.621866,12603.285394
195.588113,21.882516,5.398593,0.715697,14.234778,8.938100,4.053374,0.167180,293.215346,41.808535,332.180786,2432.558620
152.915950,30.500896,12.846270,0.678558,17.836527,5.013490,2.374300,0.236912,606.010300,348.102502,942.711803,8650.223976
173.072273,27.953953,12.477270,0.563643,16.028793,6.191335,2.240390,0.200120,451.766989,109.124989,556.567122,4589.406057
117.515326,24.919747,10.451804,0.650187,13.533818,4.715751,2.384253,0.205058,225.905494,64.438513,277.995488,1935.513346
141.448842,21.685076,8.125390,0.790670,14.338866,6.522866,2.668804,0.198024,290.615556,64.631967,354.980702,2618.530662
148.651040,26.847970,9.831284,0.712303,17.671624,5.536770,2.730871,0.238065,498.751444,286.400988,768.675287,6988.073952
218.095567,27.995999,10.224832,0.583296,10.960025,7.790241,2.738040,0.121897,249.449119,33.148391,273.716791,1543.302602
184.990444,20.487257,10.048315,0.690214,15.675109,9.029537,2.038875,0.189295,411.337220,67.954252,478.309144,3857.068453
130.115589,21.328903,7.792137,0.803530,14.150306,6.100435,2.737234,0.203753,260.910051,66.642227,342.121978,2490.490590
104.114630,19.419575,9.267443,0.576473,10.156821,5.361324,2.095462,0.163495,90.515435,14.189765,101.025305,527.868896
132.848269,23.649166,10.519838,0.734788,23.415526,5.617461,2.248054,0.333680,761.442678,1161.467671,1909.844095,23005.937720
218.564302,30.634747,7.335346,0.652165,16.448978,7.134523,4.176319,0.182748,537.694599,105.304941,639.890670,5414.804821
118.180582,25.207056,8.710263,0.773093,11.796305,4.688393,2.893949,0.178228,190.077112,36.251146,223.388019,1355.638775
165.900862,28.606875,8.566138,0.647442,17.594187,5.799335,3.339530,0.224362,486.972822,205.626894,687.607883,6223.692851
229.063721,29.869646,10.122045,0.799181,15.109459,7.668779,2.950950,0.163974,651.987846,93.494023,757.431731,5887.494713
119.993289,24.644562,8.010106,0.705474,19.224856,4.868956,3.076684,0.288263,418.954402,587.238319,971.485636,9608.101518
188.090545,30.251741,8.370645,0.750549,15.422211,6.217511,3.614027,0.184700,501.138161,101.097472,587.922852,4664.499863
163.460669,27.539798,8.262371,0.613035,14.870479,5.935435,3.333159,0.191039,321.949445,71.374248,394.280486,3016.257101
195.936764,24.975013,8.787146,0.694781,13.031242,7.845312,2.842221,0.152908,318.806780,42.802779,371.715502,2491.922914
111.567217,12.002182,5.231852,0.787623,21.198289,9.295578,2.294060,0.329637,289.088875,343.532284,620.106053,6762.462801
83.318649,13.310584,6.380636,0.624860,13.836795,6.259579,2.086090,0.248982,96.598407,54.278046,153.966162,1095.970555
107.418579,12.496463,5.608321,0.810105,11.732671,8.595919,2.228200,0.185935,100.286907,14.505032,112.659278,679.989135
124.324349,18.179798,7.710325,0.786419,22.032774,6.838599,2.357851,0.324560,511.977453,740.017792,1219.987072,13828.100190
157.939079,32.235840,11.002656,0.621771,19.368405,4.899487,2.929824,0.253135,646.196363,524.805416,1219.364616,12149.700223
158.136135,27.547845,8.188450,0.616593,10.307727,5.740418,3.364232,0.134633,157.607086,24.058755,182.038458,965.304149
154.664883,29.663542,9.165457,0.654940,17.354851,5.213972,3.236450,0.229207,474.684851,232.336814,718.892850,6418.346363
127.818843,21.211209,8.164439,0.623460,23.091814,6.026005,2.598000,0.335478,520.020515,706.434192,1236.345449,14687.097843
78.210656,13.567082,6.529087,0.573470,18.818893,5.764737,2.077945,0.349514,156.300343,173.437006,324.773601,3144.219856
177.359846,33.788976,8.870832,0.704966,20.992598,5.249045,3.808997,0.258906,875.605566,851.458625,1725.233134,18631.682946
197.224841,28.305187,8.430644,0.634755,20.722548,6.967799,3.357417,0.242363,745.764918,431.752218,1166.956430,12440.444375
118.316729,17.596246,8.444716,0.590697,23.054743,6.723976,2.083699,0.348129,433.356068,487.395528,946.747784,11228.782796
126.594121,23.624346,6.306763,0.715269,10.937031,5.358630,3.745875,0.159660,136.874092,22.157406,163.273668,918.657641
91.245937,16.618468,4.002839,0.719248,15.743217,5.490635,4.151670,0.270701,138.667928,145.584078,290.755322,2354.828427
172.632595,18.832158,7.088079,0.818690,20.084476,9.166905,2.656877,0.251075,585.230534,368.404709,935.086346,9661.628199
204.952439,27.344533,8.589564,0.774107,19.444794,7.495189,3.183460,0.223090,816.171489,315.971892,1173.689257,11740.715873
104.810305,18.982765,6.329344,0.667098,14.796942,5.521340,2.999168,0.237396,168.260895,88.318432,258.720348,1969.430536
153.885900,31.553959,11.243507,0.807795,23.738667,4.876913,2.806416,0.314312,1178.683609,2183.577853,3343.688317,40833.839423
229.876198,29.852345,8.632270,0.815060,20.006276,7.700440,3.458226,0.216732,1064.721219,367.471927,1408.564732,14497.101069
227.471676,29.626362,11.830328,0.668287,14.340292,7.678016,2.504272,0.156170,529.352215,74.787851,592.265425,4369.306143
134.106976,18.908548,9.202907,0.575673,19.659883,7.092400,2.054628,0.278842,381.382988,351.914475,740.429293,7488.634434
173.912377,29.191550,9.294554,0.808545,12.584186,5.957627,3.140715,0.156734,351.834315,52.519891,396.987242,2570.039469
135.351553,21.250584,5.717561,0.753588,22.929043,6.369310,3.716721,0.323711,551.804121,872.411959,1426.586204,16827.595038
217.421094,27.011009,9.336148,0.643318,10.269862,8.049351,2.893164,0.114398,223.831563,28.223964,249.636674,1318.897619
146.932833,30.901291,10.818034,0.830755,23.773220,4.754909,2.856461,0.322131,1137.112711,2177.578491,3348.251205,40949.080527
217.474349,25.341770,6.227800,0.638254,17.848459,8.581656,4.069137,0.198793,509.385476,113.637847,609.290420,5594.524492
70.139625,10.881926,3.865247,0.595002,20.759190,6.445516,2.815325,0.407129,119.574670,58.097737,182.011802,1943.784263
150.215471,28.522600,10.203407,0.569445,18.869818,5.266542,2.795400,0.252880,496.627231,372.383904,863.829460,8385.593801
164.988127,33.164395,11.278827,0.629281,21.252514,4.974857,2.940412,0.271761,829.083065,930.800294,1748.212093,19113.602284
147.370730,20.557289,5.090711,0.804273,19.383558,7.168782,4.038196,0.262260,436.857285,398.629919,852.028176,8496.216143
92.460931,15.043289,5.905584,0.824547,15.643194,6.146324,2.547299,0.267208,174.546321,163.961076,331.091980,2664.478283
196.904344,29.696467,7.360386,0.730891,12.319883,6.630565,4.034635,0.144206,313.811876,46.176493,358.701626,2273.411358
227.100843,25.705070,12.393883,0.681259,13.632768,8.834866,2.074013,0.148586,466.147023,57.588788,528.080300,3703.583196
94.328477,20.821076,5.605184,0.631119,14.222536,4.530432,3.714611,0.240524,136.398046,84.449730,215.925573,1579.862273
125.239237,21.124757,9.701289,0.779879,12.026353,5.928553,2.177520,0.176509,198.609470,32.008344,232.608566,1439.122446
139.127160,24.755202,7.973394,0.587398,19.055575,5.620118,3.104726,0.265350,399.261892,362.658541,726.943730,7126.248369
206.026691,28.174485,7.339117,0.793645,20.326223,7.312527,3.838947,0.232594,880.420640,446.977418,1317.172847,13773.285819
214.082263,26.117595,12.376269,0.691249,14.359375,8.196860,2.110296,0.161194,497.573199,67.125702,575.986992,4254.870302
146.007978,18.542245,7.450995,0.765432,15.867577,7.874342,2.488560,0.215688,307.960717,89.094401,401.202553,3275.008381
157.537991,20.666127,8.870089,0.767575,19.639481,7.623005,2.329867,0.257005,566.386398,415.806521,995.687989,10059.847121
96.740817,18.068886,6.922603,0.778660,20.048148,5.354000,2.610129,0.334790,324.605854,500.872407,836.218825,8624.467787
191.080545,30.752515,9.922261,0.782434,23.167787,6.213493,3.099345,0.275283,1229.166420,1482.946018,2788.935173,33240.004124
180.596139,20.327513,9.926919,0.614809,10.065561,8.884320,2.047716,0.123023,158.727434,18.143482,171.966026,890.468861
140.134411,27.147701,12.946893,0.716727,21.749681,5.161926,2.096851,0.301776,808.997843,1224.134909,2040.019207,22825.760837
84.144710,18.044566,4.899925,0.611993,18.129171,4.663161,3.682621,0.324615,164.502263,252.996931,411.170417,3834.757526
190.327846,31.463552,12.844168,0.764605,10.596180,6.049153,2.449637,0.126154,312.001838,41.938877,354.554098,1932.724439
111.196956,18.367451,5.566006,0.629928,20.797834,6.054022,3.299934,0.323948,295.471102,415.006077,697.974090,7467.848845
193.388656,20.492262,7.773949,0.595521,18.376727,9.437155,2.636017,0.217048,448.030439,122.925849,579.098069,5474.675651
114.372935,19.080413,7.757079,0.573884,22.574397,5.994259,2.459742,0.346703,392.651678,476.277329,857.946458,9963.558060
122.780564,16.026969,6.432130,0.791932,22.696796,7.660872,2.491705,0.336437,462.791282,614.147608,1088.276317,12706.964974
185.420571,28.382915,6.876539,0.730522,23.579066,6.532823,4.127500,0.284414,955.269807,1265.485243,2228.674285,27034.062635
117.453652,25.671752,9.416086,0.699345,15.857020,4.575210,2.726372,0.240321,312.546230,198.345695,515.262853,4203.281821
223.204290,28.048788,12.595826,0.698198,16.319196,7.957716,2.226832,0.179412,691.591961,112.068261,825.098133,6926.956459
146.328057,25.162997,9.205328,0.579965,12.534894,5.815208,2.733525,0.170200,203.513162,35.053675,243.605822,1570.892439
206.605621,25.189544,6.386664,0.751056,11.130767,8.202039,3.944085,0.127191,237.267635,29.656607,265.801021,1522.018195
168.854504,21.510752,6.691166,0.582731,20.877058,7.849772,3.214799,0.263886,474.800655,365.838594,846.195126,9088.201031
111.491524,24.753765,8.894608,0.769171,23.817720,4.504023,2.783008,0.370495,670.092605,838.678107,1468.090862,17988.345765
206.227102,31.566553,7.960149,0.665301,18.755085,6.533089,3.965573,0.214511,700.972263,241.727154,969.819780,9357.249013
155.231493,28.244976,12.814428,0.680301,18.693445,5.495897,2.204154,0.246435,645.477617,430.323932,1091.263775,10494.389760
138.657005,24.956637,6.498173,0.646346,22.799270,5.555917,3.840562,0.318019,557.426949,881.601709,1473.406454,17281.506989
167.905861,25.963036,10.482779,0.793652,15.304260,6.467112,2.476732,0.193992,474.083571,100.661943,585.444349,4609.311526
137.815703,28.765423,7.521712,0.788331,22.340558,4.791020,3.824319,0.312571,754.414194,1417.458291,2094.409726,24070.979694
131.072649,16.468376,6.937887,0.551126,18.897901,7.959051,2.373688,0.271120,270.001293,211.376651,481.287020,4679.029856
162.979353,21.670155,10.214341,0.785455,23.535822,7.520913,2.121542,0.302808,919.805439,1239.436382,2090.852468,25315.754441
136.111631,22.406536,7.066909,0.609355,14.111541,6.074640,3.170627,0.198669,205.694278,48.634238,261.136765,1895.747863
200.785161,29.787535,8.477391,0.842940,15.744392,6.740576,3.513762,0.182500,621.981590,115.418029,735.129718,5954.262614
229.128028,24.450268,6.141578,0.554314,21.233124,9.371187,3.981105,0.230398,635.250946,251.746099,870.667504,9510.521496
180.159362,29.911608,7.332314,0.718868,19.343615,6.023058,4.079423,0.236708,668.948106,392.658392,1029.669990,10246.458853
170.796154,24.832894,12.399294,0.656653,13.779693,6.877819,2.002767,0.173183,355.156055,55.693012,407.843870,2891.156426
207.659584,31.427426,10.923753,0.805998,12.241536,6.607591,2.876981,0.139529,432.978827,58.067068,476.525898,3000.962199
177.820082,20.406235,5.143427,0.640209,19.615073,8.714007,3.967439,0.241603,415.406519,212.176973,603.014042,6084.928348
99.732564,11.029024,3.506727,0.557848,21.436201,9.042737,3.145104,0.352560,157.061303,145.915479,304.882784,3362.163499
166.545557,22.125536,5.615127,0.776469,20.655407,7.527300,3.940344,0.262888,571.593023,513.714551,1082.500578,11502.705278
145.615886,27.261337,7.669455,0.648573,22.382410,5.341480,3.554534,0.304653,635.645827,980.259108,1654.139539,19046.584041
181.952611,24.540960,7.824840,0.560922,14.954687,7.414242,3.136289,0.182097,303.719306,54.651532,350.248251,2694.581970
132.145564,22.949058,10.492266,0.590005,13.522896,5.758213,2.187236,0.193218,223.038522,47.539278,268.304491,1866.533335
193.685009,26.668760,10.588875,0.565263,16.914421,7.262618,2.518564,0.199624,493.687876,112.194364,604.182060,5257.303867
218.527912,30.530814,11.164803,0.769086,20.271221,7.157618,2.734559,0.225232,1103.868813,455.443387,1627.539324,16972.644200
208.428983,25.314253,8.741046,0.808055,21.225057,8.233661,2.896021,0.241476,981.228955,553.730787,1607.301370,17550.289158
167.423965,19.782187,9.558827,0.661979,22.482261,8.463370,2.069520,0.285387,687.453468,683.876719,1366.785673,15808.057802
193.735354,22.037876,6.750032,0.753668,14.649778,8.791018,3.264855,0.172874,353.498875,50.919552,415.638719,3132.457225
144.532533,17.328138,5.793623,0.736127,17.231431,8.340915,2.990898,0.235419,295.362039,130.803633,431.363822,3823.870434
175.973201,30.011755,12.929147,0.836209,19.534429,5.863476,2.321248,0.241869,981.903256,643.855289,1659.065019,16672.557928
105.892844,19.844118,6.940488,0.656832,16.102657,5.336233,2.859182,0.257021,209.717212,165.256689,370.019544,3065.210548
110.990535,20.468261,7.986556,0.753842,16.714332,5.422568,2.562839,0.260585,287.992616,254.694442,528.679771,4545.899351
197.090287,28.179962,10.096795,0.605006,20.751564,6.993987,2.790981,0.242785,777.725052,436.343032,1220.127388,13025.491473
214.943414,30.746741,11.053553,0.780039,22.564518,6.990771,2.781616,0.252794,1349.921111,1040.362131,2444.059334,28371.083289
167.169293,23.382618,11.469614,0.808042,14.505048,7.149298,2.038658,0.184266,428.834062,72.056273,508.888788,3797.346012
92.177974,11.695950,3.752972,0.670533,11.429630,7.881188,3.116450,0.195534,56.189929,10.141924,66.543240,391.267904
163.497116,22.960061,7.964363,0.647566,16.442542,7.120936,2.882850,0.211211,361.647430,101.420871,467.693152,3956.107346
92.731380,10.097113,4.428350,0.647549,10.258844,9.183950,2.280107,0.174980,44.844487,5.528374,50.196511,264.917136
149.391983,31.987474,12.265354,0.603672,19.783713,4.670328,2.607954,0.265857,657.090559,663.783519,1348.960502,13729.197281
172.279878,27.118463,6.963682,0.704120,11.726029,6.352863,3.894271,0.146736,226.713978,33.826788,257.103823,1550.949286
89.101781,14.111303,4.009057,0.597258,21.982006,6.314213,3.519856,0.382497,192.632578,151.335882,344.596480,3896.873034
209.283434,22.298128,5.327313,0.833493,14.455129,9.385695,4.185624,0.164119,381.298466,50.280189,441.909248,3286.193722
121.340260,20.297331,7.902383,0.791193,20.210316,5.978139,2.568508,0.301352,461.242893,676.585608,1113.564646,11577.816180
223.327450,32.370481,9.247453,0.799319,12.897501,6.899108,3.500475,0.141755,481.397299,66.416899,539.217483,3577.730632
141.930974,18.117848,4.419317,0.704715,16.015836,7.833766,4.099694,0.220808,224.619333,76.500397,311.668791,2567.917269
225.485394,24.518743,8.108076,0.620390,15.903728,9.196450,3.023990,0.173958,452.246734,68.053109,531.591001,4349.253072
111.618319,17.035213,7.283323,0.822152,12.724784,6.552212,2.338934,0.197827,163.771643,34.128410,202.522374,1325.749658
95.199637,11.927391,5.034521,0.552425,10.611853,7.981598,2.369121,0.178639,50.327182,7.197436,57.067291,311.541976
221.525088,31.593381,10.151169,0.632446,20.401706,7.011756,3.112290,0.225143,922.675083,371.698300,1281.633000,13451.424476
159.369230,24.369301,8.761068,0.822241,12.456034,6.539754,2.781544,0.162062,284.931726,40.330083,336.520854,2156.402716
137.217230,22.690305,6.319177,0.588549,14.961787,6.047395,3.590706,0.209789,215.296542,63.506810,285.147684,2194.782163
199.949072,31.954421,11.181827,0.836785,11.067019,6.257321,2.857710,0.128551,368.130388,48.187048,423.005104,2408.320974
129.735063,27.752010,11.499995,0.692210,17.496243,4.674799,2.413219,0.252301,465.127565,374.211328,849.762488,7648.573714
130.894758,21.342309,7.316950,0.802161,13.572282,6.133111,2.916831,0.194848,235.957427,50.947912,294.043434,2053.063917
222.385754,24.041554,10.344405,0.662135,15.869301,9.250057,2.324112,0.174787,523.684413,75.559121,599.729444,4896.111233
91.082170,16.211655,4.395573,0.816824,23.563965,5.618314,3.688178,0.405541,343.276123,216.790018,564.490424,6842.944978
136.752443,22.390458,7.237304,0.662025,11.655976,6.107622,3.093757,0.163714,156.629629,24.448073,178.687180,1071.470290
100.812454,21.421742,10.610115,0.818328,14.187723,4.706081,2.018992,0.232091,247.633916,128.694739,375.973743,2744.152951
124.179250,25.776395,11.551065,0.599431,12.934881,4.817557,2.231517,0.190652,218.982799,48.948162,267.750164,1781.682457
175.160135,20.869479,7.361810,0.782164,12.969561,8.393124,2.834830,0.160958,268.440715,34.222016,303.921361,2027.797670
96.519429,19.574370,8.307819,0.720074,14.273351,4.930909,2.356138,0.238628,181.090209,101.985899,270.392532,1985.448998
140.917992,19.581009,4.728247,0.691768,23.449855,7.196666,4.141283,0.324460,483.294823,700.359554,1157.504585,13963.715238
207.090111,30.984176,11.096248,0.601553,14.974904,6.683738,2.792311,0.170918,481.810277,82.233424,567.004461,4368.060369
174.735775,27.353686,12.196165,0.749862,18.341211,6.388016,2.242810,0.227898,721.074324,313.295996,1039.743474,9810.526492
147.969172,31.781685,10.096499,0.777208,14.435297,4.655800,3.147793,0.194914,413.790766,107.189932,518.392781,3849.663423
157.753887,17.204620,8.532542,0.798808,15.473157,9.169275,2.016353,0.202345,335.830686,67.087161,394.703983,3141.872413
178.715640,28.931409,10.923459,0.707401,11.934372,6.177219,2.648557,0.146630,304.255295,43.866544,361.459448,2219.204154
128.174899,28.477415,8.874715,0.830664,18.487831,4.500932,3.208826,0.268218,554.606627,688.263471,1232.277311,11720.132371
186.234869,33.411227,10.805381,0.825986,13.342936,5.574021,3.092091,0.160592,491.793614,78.198883,562.967011,3864.314312
164.497281,31.904312,7.805426,0.664455,22.404348,5.155958,4.087453,0.286917,804.486836,1157.538604,1979.203147,22811.864510
205.566926,28.594929,8.199852,0.586335,14.643498,7.188929,3.487249,0.167754,373.880507,62.033955,433.292691,3264.106324
203.668920,30.388250,8.055722,0.585340,20.260371,6.702226,3.772256,0.233179,701.170935,343.320650,1019.554864,10626.643285
110.358171,23.086397,11.061155,0.822357,10.242943,4.780225,2.087160,0.160150,155.149901,23.161570,177.037479,932.884975
204.545484,29.879385,11.921943,0.690893,12.004416,6.845706,2.506251,0.137864,358.854782,48.966997,415.604968,2566.609979
159.451789,28.019870,11.741882,0.757892,23.792091,5.690668,2.386318,0.309472,1091.021598,1743.919516,2855.003716,34944.384356
170.408058,19.675656,4.863658,0.685697,14.103960,8.660858,4.045444,0.177460,220.202890,34.529272,259.973989,1886.292651
195.789245,26.032028,8.584854,0.692962,15.455588,7.521091,3.032320,0.181424,443.734152,76.922786,528.009165,4198.219170
77.803152,17.156054,5.173838,0.613073,15.232136,4.535026,3.315924,0.283639,110.469423,133.385954,252.673559,1979.970412
103.864547,16.299923,3.996660,0.733588,18.253342,6.372088,4.078387,0.294179,205.825991,274.460687,490.591202,4606.809456
111.181423,16.508600,7.189529,0.619014,14.034298,6.734758,2.296200,0.218614,148.966949,45.161569,194.446975,1403.880005
214.742615,24.202842,11.136097,0.780330,23.145337,8.872620,2.173368,0.259423,1244.235876,932.361172,2195.102443,26137.040672
122.925370,18.379994,6.354970,0.579470,18.162065,6.687998,2.892224,0.269059,248.059447,210.236311,446.929471,4175.825450
194.942257,23.494637,10.722623,0.818343,17.590966,8.297309,2.191128,0.206938,691.399866,168.720372,843.554434,7633.802185
214.559417,26.351785,11.829717,0.711912,17.344144,8.142121,2.227592,0.194483,715.339014,140.260284,862.630101,7696.895325
159.291109,21.567899,7.566074,0.778598,20.939627,7.385565,2.850606,0.272506,623.949888,628.554144,1279.321889,13781.195341
130.516418,25.814346,8.096243,0.704488,10.231211,5.055964,3.188435,0.147095,142.426288,22.115788,164.770485,867.250478
187.802502,22.104612,6.827382,0.616615,14.549717,8.496078,3.237641,0.174384,283.647468,43.698958,316.649065,2370.122851
119.882153,21.666283,9.420008,0.626398,12.761357,5.533120,2.300028,0.191436,176.656964,36.813353,219.666658,1442.112392
201.609000,31.950176,11.578878,0.825016,16.263056,6.310106,2.759350,0.188127,762.847693,155.200844,906.826215,7586.899707
155.299990,33.055328,12.139311,0.795275,12.474759,4.698183,2.722999,0.164418,370.953382,64.056545,435.083328,2792.175586
191.878933,30.119027,10.174829,0.655812,22.976788,6.370688,2.960151,0.272445,1024.439277,1064.895491,2206.552676,26082.050492
152.364772,18.592899,6.471932,0.673122,10.558832,8.194783,2.872852,0.140500,124.093817,15.024898,135.431300,735.653052
130.314493,22.769523,9.781806,0.601251,14.516280,5.723198,2.327742,0.208864,244.729649,68.518700,313.242493,2339.236391
86.049297,14.552955,5.007643,0.678436,11.936389,5.912840,2.906149,0.211350,74.744467,20.696976,94.138287,578.065898
95.378518,15.317965,4.671352,0.637333,17.324149,6.226579,3.279129,0.291360,154.889738,180.710958,331.076896,2950.658106
154.908699,24.453084,11.812340,0.654257,15.121054,6.334935,2.070130,0.199548,374.608636,85.752781,461.582010,3590.616664
88.010803,18.951458,8.308411,0.633938,14.208010,4.644012,2.280997,0.248753,146.667393,98.600144,245.952661,1797.723511
143.861645,25.270678,11.748424,0.632182,21.214008,5.692829,2.150985,0.290505,654.164267,813.162546,1438.887810,15703.185577
144.904133,26.928257,10.816371,0.797912,23.924045,5.381118,2.489583,0.326436,1005.175175,1720.509693,2741.724726,33744.000891
131.758855,19.418333,7.683070,0.797319,16.979836,6.785282,2.527418,0.242967,346.678182,201.743723,534.078113,4665.265590
123.857588,20.012538,9.160276,0.771773,16.241549,6.188999,2.184709,0.239701,323.281044,176.522084,492.485596,4114.898228
137.268826,20.920999,5.992089,0.728676,13.856614,6.561294,3.491436,0.194256,211.314673,45.129812,254.329215,1812.973635
178.458637,19.400861,8.937632,0.669378,17.506003,9.198490,2.170694,0.215239,437.931217,114.956083,538.188859,4846.852663
184.622602,33.334247,11.899332,0.815763,15.385490,5.538526,2.801354,0.185983,652.999801,135.962305,786.687236,6226.608140
221.723913,32.965718,10.025597,0.758022,13.198200,6.725894,3.288155,0.145583,492.634065,70.578806,550.144045,3735.332209
170.296872,29.778863,8.134542,0.615448,21.425476,5.718716,3.660792,0.269669,691.236704,718.146248,1423.497012,15690.079770
207.316135,23.458811,9.719936,0.591475,13.188493,8.837453,2.413474,0.150447,304.761824,39.434449,344.879195,2339.915989
181.415516,28.452214,10.939028,0.553026,18.046960,6.376148,2.600982,0.220075,544.552675,193.219184,732.862603,6804.006562
164.161980,29.477564,12.462270,0.809601,23.760981,5.569048,2.365345,0.304601,1258.389584,2075.647751,3441.306263,42065.474297
149.904995,21.557100,6.131698,0.691665,23.777489,6.953857,3.515682,0.318979,613.504894,891.006014,1463.128276,17897.258162
213.551118,29.205558,12.907081,0.686159,12.287854,7.312003,2.262755,0.138111,397.696829,52.379601,432.876433,2736.390630
155.254852,26.334477,8.492233,0.672479,15.649475,5.895498,3.101008,0.206291,362.503801,102.425342,464.474146,3739.378550
229.773079,28.408314,12.543967,0.609704,21.444046,8.088234,2.264699,0.232360,1067.232393,447.244943,1519.971073,16767.957371
146.603452,29.016448,10.863437,0.728542,16.310474,5.052426,2.671019,0.221258,473.219307,196.267908,682.677900,5728.231143
106.233354,22.245706,7.220895,0.804766,14.329392,4.775454,3.080741,0.228350,223.590936,111.136148,326.162771,2404.364212
108.515109,19.315357,4.923914,0.562172,22.746516,5.618074,3.922765,0.358652,304.012026,361.137588,647.632703,7578.474065
171.979911,27.137453,7.665350,0.813528,20.486897,6.337364,3.540276,0.256591,777.907142,690.787676,1484.958234,15650.511238
92.057901,10.446486,4.401609,0.831585,18.148467,8.812332,2.373333,0.310680,165.343285,199.981012,373.747253,3489.442660
148.116846,20.885629,10.174656,0.709498,15.428409,7.091807,2.052711,0.208220,342.451548,86.633637,431.345361,3423.610671
127.118700,13.870328,4.290560,0.806012,16.570452,9.164794,3.232755,0.241398,208.637681,102.776350,310.035725,2642.921087
100.466298,17.484671,7.292317,0.768274,12.516324,5.745964,2.397684,0.205102,137.676213,34.844805,173.402471,1116.529455
182.751481,32.350343,10.062638,0.677143,11.487391,5.649136,3.214897,0.139571,285.194196,44.076124,319.993915,1891.042303
108.113830,16.180937,7.525165,0.596706,22.249367,6.681556,2.150243,0.351464,340.887292,370.451870,729.365161,8348.352377
152.966668,29.578631,12.435976,0.728269,16.499868,5.171526,2.378473,0.219122,539.714383,209.681169,743.699938,6312.717152
201.499610,26.927110,9.635812,0.749628,18.013742,7.483150,2.794483,0.208435,700.900708,190.716637,875.417830,8112.550694
147.518094,31.378733,10.351930,0.662383,19.832283,4.701213,3.031196,0.268197,644.307401,708.801983,1380.056034,14080.158368
209.916218,24.259895,8.730462,0.697301,18.950567,8.652808,2.778764,0.214834,673.020510,193.018412,852.127243,8307.393289
144.631193,15.598881,5.432175,0.792452,12.220231,9.271895,2.871572,0.166898,152.830029,18.587060,171.597625,1078.769870
116.350261,21.537318,9.034216,0.689983,15.339687,5.402263,2.383972,0.233580,256.722718,125.908149,383.972445,3030.084040
131.469266,16.403180,4.373586,0.576123,21.195442,8.014865,3.750510,0.303623,276.584269,323.785321,592.856048,6464.423933
208.783492,22.148940,5.781892,0.696494,22.737418,9.426342,3.830743,0.258462,752.262082,543.909390,1318.640095,15424.302572
210.512132,28.071512,9.800759,0.779712,10.409195,7.499138,2.864218,0.117837,279.057970,33.891607,305.235097,1634.518066
131.444671,22.928140,6.527176,0.690105,20.256327,5.732897,3.512720,0.290197,430.811303,578.366819,1002.351904,10445.254512
214.386134,24.124142,7.140690,0.598330,21.482892,8.886788,3.378405,0.240989,691.532352,341.690503,986.029946,10897.351211
132.478286,26.436464,10.109820,0.557678,22.156860,5.011195,2.614929,0.316184,568.317887,849.761221,1402.504851,15986.400808
128.457546,22.249095,5.831257,0.772813,17.342342,5.773608,3.815489,0.251323,332.997274,261.721877,573.738798,5118.704598
178.580621,25.455674,11.703248,0.628756,23.608263,7.015356,2.175095,0.290169,961.780138,1106.457969,2020.874608,24543.783341
120.951214,19.645205,8.404342,0.796490,10.214378,6.156780,2.337507,0.152549,130.178669,16.902487,144.963065,761.741075
135.731839,24.059056,10.220693,0.651590,10.807766,5.641611,2.353956,0.152370,163.228926,24.296115,194.532779,1081.600408
93.163008,20.442961,7.420733,0.577018,22.280576,4.557217,2.754844,0.379148,326.236364,310.547360,652.495939,7478.979474
179.031036,29.331439,8.766161,0.688494,18.697405,6.103725,3.345985,0.229520,632.161568,299.762867,924.022127,8887.954535
148.203247,31.411011,8.896598,0.612035,20.010688,4.718194,3.530677,0.269983,575.476839,644.037599,1204.218819,12396.684219
98.441270,18.563689,6.029871,0.681685,21.908553,5.302894,3.078621,0.362684,327.870530,388.157088,714.934630,8057.830675
133.844284,21.885535,10.105776,0.758180,12.118559,6.115651,2.165646,0.172050,215.913604,33.259222,253.948944,1583.199003
200.053707,31.304374,9.082991,0.606094,15.157635,6.390599,3.446483,0.176020,441.505295,82.350122,522.154602,4071.633456
155.194159,23.157859,6.889554,0.828334,12.634084,6.701576,3.361300,0.166575,254.339548,37.514955,292.176203,1899.007579
176.931139,23.735515,9.655682,0.791675,19.207967,7.454278,2.458192,0.237183,694.691491,354.451403,1032.340891,10200.997555
144.070838,29.415783,8.203963,0.703542,23.828048,4.897739,3.585558,0.326065,823.598622,1447.337696,2286.047837,28022.823254
180.428915,27.318301,12.954081,0.705463,16.251709,6.604690,2.108857,0.198724,576.534400,131.226407,687.360138,5746.739087
76.180709,12.537057,3.844678,0.564232,12.024818,6.076443,3.260886,0.226287,47.726777,17.249454,66.058746,408.645704
101.530551,16.160527,7.384490,0.615099,14.300669,6.282626,2.188442,0.233110,142.646155,59.751600,203.754267,1498.998433
163.173513,24.579850,8.743440,0.842489,18.801750,6.638507,2.811233,0.241756,649.214941,401.849146,1054.863596,10203.112917
92.231420,14.716429,5.126275,0.599677,17.098587,6.267242,2.870784,0.292432,142.394279,159.469675,292.514002,2573.030869
147.871086,18.172623,4.521765,0.731220,10.769415,8.137025,4.018923,0.145464,116.018832,14.550670,128.138724,709.921993
211.014532,30.949833,7.904780,0.654188,18.624182,6.817954,3.915331,0.210584,683.977229,212.647469,874.803820,8381.581638
173.837268,24.828551,11.589825,0.709531,15.999482,7.001507,2.142271,0.199314,490.551473,108.798156,588.961784,4847.648879
158.058340,21.789243,6.185898,0.589080,12.025574,7.253962,3.522406,0.157109,156.286713,23.112272,186.105050,1151.335953
181.191629,27.027001,7.539245,0.678964,19.509873,6.704097,3.584842,0.238061,611.177791,335.147471,963.840363,9673.812268
95.846828,18.639923,6.456356,0.645632,21.623883,5.142018,2.887066,0.362784,307.943906,356.853550,671.207558,7466.698758
119.277507,20.729705,7.516026,0.793471,12.830560,5.753941,2.758067,0.192961,192.656613,40.616421,235.001221,1551.150155
138.004587,21.404294,7.350293,0.684402,21.031576,6.447519,2.912033,0.294055,482.750085,617.506779,1140.111145,12335.510294
130.363740,28.808406,7.403106,0.724929,11.873573,4.525198,3.891395,0.170807,200.269889,38.837832,237.050589,1447.973396
214.264422,31.814984,10.236454,0.770313,22.774851,6.734702,3.108008,0.255555,1337.285888,1118.964614,2494.729632,29229.214144
201.937659,24.327302,7.724608,0.713452,13.647446,8.300865,3.149325,0.157742,340.739062,45.963664,401.104907,2816.096040
193.197873,29.340108,7.697104,0.784166,23.597783,6.584770,3.811837,0.278852,1136.620796,1445.428457,2649.095405,32159.323507
192.127070,24.345777,11.582195,0.750165,12.250605,7.891597,2.102000,0.145167,337.043313,41.020384,358.431826,2258.927095
215.160887,26.269525,12.234583,0.773201,16.037925,8.190513,2.147153,0.179585,677.422005,105.292746,786.111439,6485.902220
192.163795,22.278389,9.810689,0.632853,19.781906,8.625570,2.270828,0.234388,630.824129,260.599452,885.581740,9012.284609
197.414420,33.725914,9.551201,0.672547,10.760941,5.853493,3.531065,0.125795,268.903909,40.765291,305.832151,1693.056741
155.294033,26.230534,11.136698,0.754892,11.057119,5.920354,2.355324,0.145736,237.368929,32.764961,276.496127,1572.784223
159.726113,19.812202,5.645166,0.657187,16.006820,8.062007,3.509587,0.208027,269.849731,68.127074,327.996305,2700.922511
147.941839,25.911100,9.118452,0.719528,12.681782,5.709593,2.841612,0.171253,255.021419,43.029178,306.948348,2002.551548
164.118120,17.748584,4.783244,0.715152,13.715377,9.246829,3.710575,0.175846,196.200313,28.358222,224.527488,1584.219588
69.592436,11.225822,3.764096,0.642243,12.615360,6.199318,2.982342,0.248383,50.047077,28.307747,76.204734,494.560828
200.568004,24.820872,11.913613,0.821264,19.833099,8.080619,2.083404,0.230019,965.124384,407.558100,1404.978284,14335.019662
179.068348,33.474741,8.377516,0.752086,12.567211,5.349357,3.995783,0.154253,350.606842,58.554886,415.058638,2683.406612
127.075906,25.863567,10.345014,0.712779,17.545491,4.913317,2.500100,0.255645,431.433140,365.281922,826.276712,7458.116381
146.896901,17.082977,6.095780,0.554196,22.607220,8.599022,2.802427,0.306369,397.963133,442.979778,820.119325,9538.109830
78.796754,10.509386,5.140589,0.848759,11.282791,7.497751,2.044393,0.208769,65.496092,14.784352,79.011985,458.614339
221.082618,31.575859,12.685149,0.730921,17.924561,7.001634,2.489199,0.198004,909.671766,209.248879,1121.372594,10340.381604
92.410633,14.499352,4.101451,0.824362,21.608539,6.373432,3.535176,0.369205,270.510448,296.009450,577.394451,6418.537964
144.404215,24.317710,9.095108,0.580952,20.156958,5.938233,2.673713,0.275511,479.728309,486.289326,976.027919,10121.044438
137.787717,22.169615,9.352067,0.558404,14.932285,6.215161,2.370558,0.208941,247.346509,67.204602,308.251675,2367.935196
119.900509,25.306320,10.831568,0.675852,14.968572,4.737967,2.336349,0.224530,294.123640,126.389155,405.824609,3125.049249
164.592835,29.591844,7.177112,0.723703,12.650794,5.562101,4.123085,0.161963,276.778734,47.425764,326.335948,2123.835236
183.841345,28.690947,12.226674,0.649952,19.981927,6.407643,2.346586,0.242058,802.449439,459.340081,1268.691143,13041.614941
162.711258,19.993366,9.641495,0.593111,23.771155,8.138262,2.073679,0.306087,692.288739,792.312087,1480.746951,18107.948032
136.281389,29.802757,11.018454,0.693693,16.852677,4.572778,2.704804,0.237112,461.540501,279.898640,744.967868,6458.691444
213.407762,31.308552,11.521321,0.815102,12.828506,6.816277,2.717445,0.144236,499.628047,66.475964,567.979408,3748.407412
105.272165,17.517675,5.748371,0.652962,17.931924,6.009483,3.047415,0.287061,217.394607,252.314457,461.397354,4256.377047
181.287220,30.454665,8.844802,0.738787,17.103793,5.952691,3.443228,0.208647,594.863253,185.131891,781.370039,6875.231018
190.003831,21.481848,9.496389,0.617647,14.247405,8.844855,2.262107,0.169769,319.647657,44.466449,391.815908,2871.811591
99.390046,17.384815,4.593477,0.799613,14.640561,5.717061,3.784674,0.241207,157.593280,97.000543,250.120589,1883.845446
136.574394,25.003920,6.736728,0.562136,11.517623,5.462119,3.711582,0.161876,137.619182,24.050782,164.389959,974.038825
169.482858,18.561748,7.069499,0.588179,18.220220,9.130760,2.625610,0.229876,353.122541,125.749114,479.074102,4490.497163
171.688694,21.140964,6.845828,0.729809,20.108688,8.121138,3.088153,0.252067,548.192453,362.535813,873.439943,9035.556372
126.230862,25.085587,11.465548,0.765851,10.426134,5.032007,2.187910,0.152421,178.651650,26.260766,209.522872,1123.809887
132.336335,17.136251,6.187495,0.788971,14.385374,7.722596,2.769497,0.205393,213.620759,49.879114,271.080905,2006.125972
208.696932,30.950670,9.503864,0.605551,18.550101,6.742889,3.256641,0.210907,677.765682,205.507673,896.257999,8552.979548
162.297664,30.815659,11.116780,0.839849,19.270974,5.266727,2.771995,0.248457,853.066526,689.211817,1516.574566,15035.073337
123.302743,20.123785,7.893220,0.741712,19.445400,6.127214,2.549503,0.287630,406.307020,504.634309,912.701433,9130.272096
162.327110,25.873202,8.125824,0.688526,21.902398,6.273948,3.184071,0.282358,702.812095,844.121444,1504.012232,16946.543965
126.419462,17.629173,5.366744,0.569425,13.290820,7.171037,3.284892,0.194155,125.957590,25.270052,150.625486,1029.884101
210.645279,30.211116,12.270768,0.721379,13.159707,6.972443,2.462040,0.148927,463.626118,64.164063,527.583372,3571.703847
77.342112,15.659440,6.077427,0.586984,21.729954,4.939009,2.576656,0.405840,212.061399,122.062405,326.422223,3649.023319
169.975128,29.400320,12.388715,0.824061,19.078491,5.781404,2.373153,0.240356,870.559324,550.227740,1411.036079,13849.058717
203.920731,23.392472,9.425091,0.659733,15.639571,8.717366,2.481936,0.179886,443.352122,69.064802,506.046855,4071.492771
148.844536,27.756468,9.973527,0.558324,19.105598,5.362517,2.783014,0.257216,484.514845,388.191959,846.448444,8319.538974
157.826521,22.452953,6.480682,0.788781,17.537620,7.029210,3.464597,0.229290,433.716361,194.862026,631.892229,5701.009746
115.338010,23.520943,11.235918,0.713601,10.691888,4.903630,2.093371,0.163520,155.831139,24.800445,175.502852,965.331993
152.871160,17.359277,8.343653,0.765947,22.752938,8.806309,2.080537,0.302258,643.537720,771.812037,1395.732216,16337.202531
115.607195,15.422640,6.918266,0.838989,18.130466,7.495941,2.229264,0.276962,309.349796,315.197959,615.335121,5739.297911
114.698605,24.661415,6.317016,0.710591,18.845912,4.650934,3.903966,0.289029,356.454415,532.055839,901.525354,8740.438186
166.753903,29.286390,11.828729,0.610901,20.859303,5.693904,2.475870,0.265317,756.120107,693.408378,1457.520903,15640.573927
175.180788,20.989654,6.360592,0.782279,18.074323,8.346054,3.299953,0.224296,473.620087,174.413700,635.040149,5904.747529
210.422656,32.484552,12.801656,0.787377,21.799125,6.477622,2.537527,0.246829,1379.713490,969.446795,2348.179083,26333.487930
192.991254,28.745685,8.036661,0.835399,22.119664,6.713747,3.576819,0.261525,1080.362644,1058.360669,2172.740746,24724.330264
198.722389,22.550138,9.409995,0.620940,18.550666,8.812469,2.396403,0.216142,558.068713,155.695684,710.119677,6776.869953
152.189079,18.769973,7.028788,0.802082,11.387971,8.108114,2.670442,0.151621,176.177937,20.773185,194.622047,1140.188093
182.043510,33.218842,11.396840,0.577178,20.081352,5.480128,2.914742,0.244461,761.248128,494.289466,1258.641713,13002.688733
158.735836,26.191990,10.429115,0.737283,16.756043,6.060472,2.511430,0.218443,499.814115,178.443666,677.927466,5843.765825
91.566521,15.389498,6.675182,0.557928,19.924368,5.949936,2.305480,0.341995,209.433138,249.511707,458.836050,4703.056579
128.810977,23.989105,6.434391,0.632657,21.626793,5.369562,3.728264,0.312982,451.598837,700.203494,1144.058685,12728.538130
179.944530,24.564557,11.840346,0.579196,22.744206,7.325372,2.074649,0.278487,842.008108,803.692250,1636.179735,19144.318216
205.226973,26.456140,6.696290,0.757799,20.481515,7.757253,3.950866,0.234827,786.339104,401.564628,1233.282418,12994.594487
205.716923,31.278562,9.618715,0.551038,20.855465,6.576930,3.251844,0.238830,782.506145,424.866379,1185.208852,12716.068961
160.775216,28.478840,9.654587,0.751893,15.466565,5.645427,2.949773,0.200349,449.261962,116.795029,561.086809,4464.389162
157.786928,18.074887,6.844349,0.785467,23.222676,8.729622,2.640848,0.303655,655.429251,833.893792,1503.406595,17960.847013
159.808467,20.566375,8.723502,0.590448,10.858508,7.770376,2.357582,0.141083,149.650727,19.149843,168.752476,942.667219
146.488043,22.979279,10.579661,0.554378,21.916469,6.374788,2.172024,0.297422,580.651325,697.766816,1278.080955,14410.102336
200.496616,27.495385,10.643517,0.699785,11.731104,7.292010,2.583299,0.136078,309.550532,40.451744,336.178650,2028.836744
155.428868,28.198973,10.549953,0.806569,21.002163,5.511863,2.672900,0.276695,858.785761,1083.894349,1941.721004,20979.201959
193.287033,26.449352,10.935864,0.553057,23.260513,7.307817,2.418588,0.274803,895.104637,831.941708,1712.462128,20491.718062
170.393213,33.416232,12.932352,0.719205,22.160233,5.099115,2.583925,0.278838,1109.156670,1429.939850,2504.727450,28554.391203
140.076887,20.415434,9.326703,0.824650,15.465750,6.861323,2.188923,0.214630,356.683700,107.973616,457.355968,3638.844095
170.569979,29.036692,10.641086,0.797900,20.562776,5.874291,2.728734,0.258603,903.198910,828.144900,1656.023358,17518.072449
220.050079,30.670300,7.997235,0.740981,23.049971,7.174696,3.835113,0.255219,1196.153512,978.324829,2259.935576,26798.133188
129.958281,23.587429,9.294326,0.679653,19.992885,5.509642,2.537831,0.288056,487.238395,620.520782,1101.721799,11331.451040
195.814466,30.912926,9.913259,0.695177,15.510682,6.334388,3.118342,0.182059,527.033270,101.283204,620.964189,4954.907484
121.214917,20.537487,6.636696,0.601755,19.108333,5.902130,3.094535,0.285068,301.110197,343.894411,656.473485,6453.244115
176.903314,20.375375,9.528291,0.592235,13.052891,8.682212,2.138408,0.161192,241.647313,31.786538,275.255147,1848.333182
101.515068,22.101649,5.462144,0.668417,16.635261,4.593099,4.046332,0.271186,211.248753,240.952766,444.473653,3803.765540
155.426009,18.418909,6.887943,0.762309,18.331183,8.438394,2.674080,0.241508,408.177605,208.264321,653.031090,6158.322970
146.967172,30.517331,12.482922,0.730946,22.688173,4.815859,2.444727,0.307392,969.183688,1625.297312,2599.807590,30344.420400
133.875379,23.376073,10.190677,0.816167,15.773115,5.727026,2.293868,0.223909,395.168378,162.736300,579.646401,4703.473655
122.493781,22.131075,7.318445,0.810161,10.149575,5.534922,3.024013,0.150624,133.678700,18.690976,154.630771,807.387226
191.910746,23.249390,7.122692,0.805508,13.673102,8.254442,3.264130,0.162114,348.741667,46.418954,400.753511,2818.918404
158.526489,24.273439,6.995666,0.800519,12.689654,6.530862,3.469782,0.165540,260.781703,39.428193,300.314159,1960.485759
107.661411,23.232459,7.204537,0.552918,12.336746,4.634094,3.224698,0.195287,124.642477,31.156248,157.634214,1000.435753
167.593706,23.976367,10.035423,0.803507,11.480717,6.989954,2.389174,0.145661,262.112487,32.781210,287.854747,1700.123676
222.491400,28.559284,9.302920,0.725930,11.390456,7.790511,3.069927,0.125426,319.086599,40.421026,364.360052,2135.059423
125.602726,24.899351,11.493172,0.846323,20.376257,5.044418,2.166447,0.298627,686.850147,1113.841177,1815.153817,19027.246676
